Container Number,Container Type,Project,Record ID,Collection Date,Notes
4712,large deli cup,C,DEF_VIL_WM_D_CC,6/1/23,
4307,deli cup,C,DEG_DIE_HILL_FS_D_CC,5/26/23,13 days in ground
4308,deli cup,C,DEG_DIE_HILL_FS_D_CC,5/26/23,13 days in ground
4295,deli cup,C,DEG_DIE_HILL_FS_D_NOCC,5/26/23,13 days in ground
4297,deli cup,C,DEG_DIE_HILL_FS_D_NOCC,5/26/23,13 days in ground
4305,deli cup,C,DEG_DIE_HILL_FS_FUNG_CC,5/26/23,13 days in ground
4310,deli cup,C,DEG_DIE_HILL_FS_FUNG_CC,5/26/23,13 days in ground
4302,deli cup,C,DEG_DIE_HILL_FS_FUNG_NOCC,5/26/23,13 days in ground
4309,deli cup,C,DEG_DIE_HILL_FS_FUNG_NOCC,5/26/23,13 days in ground
4289,deli cup,C,DEG_DIE_HILL_FS_N_CC,5/26/23,13 days in ground
4294,deli cup,C,DEG_DIE_HILL_FS_N_CC,5/26/23,13 days in ground
4290,deli cup,C,DEG_DIE_HILL_FS_N_NOCC,5/26/23,13 days in ground
4292,deli cup,C,DEG_DIE_HILL_FS_N_NOCC,5/26/23,13 days in ground
4288,deli cup,C,DEG_DIE_HILL_WM_D_CC,5/26/23,13 days in ground
4298,deli cup,C,DEG_DIE_HILL_WM_D_CC,5/26/23,13 days in ground
4300,deli cup,C,DEG_DIE_HILL_WM_D_CC,5/26/23,13 days in ground
4283,deli cup,C,DEG_DIE_HILL_WM_D_NOCC,5/26/23,14 days seed in ground
4287,deli cup,C,DEG_DIE_HILL_WM_D_NOCC,5/26/23,14 days in ground
4301,deli cup,C,DEG_DIE_HILL_WM_DIAM_NOCC,5/26/23,13 days in ground
4304,deli cup,C,DEG_DIE_HILL_WM_FUNG_CC,5/26/23,13 days in ground
4306,deli cup,C,DEG_DIE_HILL_WM_FUNG_CC,5/26/23,13 days in ground
4311,deli cup,C,DEG_DIE_HILL_WM_FUNG_CC,5/26/23,13 days in ground
4285,deli cup,C,DEG_DIE_HILL_WM_FUNG_NOCC,5/26/23,13 days in ground
4303,deli cup,C,DEG_DIE_HILL_WM_FUNG_NOCC,5/26/23,13 days in ground
4293,deli cup,C,DEG_DIE_HILL_WM_N_CC,5/26/23,13 days in ground
4296,deli cup,C,DEG_DIE_HILL_WM_N_CC,5/26/23,13 days in ground
4299,deli cup,C,DEG_DIE_HILL_WM_N_CC,5/26/23,13 days in ground
4284,deli cup,C,DEG_DIE_HILL_WM_N_NOCC,5/26/23,13days in ground
4291,deli cup,C,DEG_DIE_HILL_WM_N_NOCC,5/26/23,13 days in ground
4286,deli cup,C,DEG_DIE_HILL_WM_NOCC_N,5/26/23,13 days in ground
4708,large deli cup,C,DEG_FOU_FS_U_NOCC,6/1/23,14 days in ground
4702,large deli cup,C,DEG_FOU_W_WM_D_NOCC,6/1/23,
4739,large deli cup,C,DEG_FOU_W_WM_D_NOCC,6/1/23,
4680,large deli cup,C,DEG_FOU_W_WM_F_NOCC,6/1/23,
4723,large deli cup,C,DEG_FOU_W_WM_F_NOCC,6/1/23,17 days in ground
4736,large deli cup,C,DEG_FOU_W_WM_U_NOCC,6/1/23,
4709,large deli cup,C,DEG_FOU_WM_N_NOCC,6/1/23,
4710,large deli cup,C,DEG_FOU_WM_N_NOCC,6/1/23,
4703,large deli cup,C,DEG_FOU_WOOD_FS_D_CC,6/1/23,14 days in ground
4728,large deli cup,C,DEG_FOU_WOOD_FS_D_CC,6/1/23,14 days in ground
4727,large deli cup,C,DEG_FOU_WOOD_FS_D_NOCC,6/1/23,14 days in ground
4678,large deli cup,C,DEG_FOU_WOOD_FS_N_CC,6/1/23,
4706,large deli cup,C,DEG_FOU_WOOD_FS_N_CC,6/1/23,14 days in ground
4711,large deli cup,C,DEG_FOU_WOOD_FS_N_NOCC,6/1/23,
4716,large deli cup,C,DEG_FOU_WOOD_FS_N_NOCC,6/1/23,
4705,large deli cup,C,DEG_FOU_WOOD_FS_U_CC,6/1/23,14 days in ground
4734,large deli cup,C,DEG_FOU_WOOD_FS_U_CC,6/1/23,14 days in ground
4719,large deli cup,C,DEG_FOU_WOOD_FS_U_NOCC,6/1/23,
4721,large deli cup,C,DEG_FOU_WOOD_WM_D_CC,6/1/23,
4725,large deli cup,C,DEG_FOU_WOOD_WM_D_CC,6/1/23,14 days in ground
4730,large deli cup,C,DEG_FOU_WOOD_WM_D_CC,6/1/23,14 days in ground
4756,large deli cup,C,DEG_FOU_WOOD_WM_F_CC,6/1/23,
4676,large deli cup,C,DEG_FOU_WOOD_WM_N_CC,6/1/23,
4699,large deli cup,C,DEG_FOU_WOOD_WM_N_CC,6/1/23,14 days in ground
4750,large deli cup,C,DEG_FOU_WOOD_WM_N_CC,6/1/23,
4677,large deli cup,C,DEG_FOU_WOOD_WM_N_NOCC,6/1/23,6 days in ground
4707,large deli cup,C,DEG_FOU_WOOD_WM_U_CC,6/1/23,14 days in ground
4738,large deli cup,C,DEG_FOU_WOOD_WM_U_CC,6/1/23,14 days in ground
4215,deli cup,C,DEG_PER_CC_FS_D,5/25/23,Seeds out 15d
4249,deli cup,C,DEG_PER_D_WM_CC,5/25/23,
4266,deli cup,C,DEG_PER_D_WM_CC,5/25/23,Seeds out 15d
4274,deli cup,C,DEG_PER_D_WM_CC,5/25/23,Seeds out 15d
4261,deli cup,C,DEG_PER_FS_CC_D,5/25/23,Seeds out 15d
4258,deli cup,C,DEG_PER_FS_D_NOCC,5/25/23,Seeds out 15d
4270,deli cup,C,DEG_PER_FS_D_NOCC,5/25/23,Seeds out 15d
4260,deli cup,C,DEG_PER_FS_N_CC_FS,5/25/23,Seeds out 15d
4257,deli cup,C,DEG_PER_FS_N_NOCC,5/25/23,Seeds out 15d
4262,deli cup,C,DEG_PER_FS_N_NOCC,5/25/23,
4268,deli cup,C,DEG_PER_FS_U_CC,5/25/23,Seeds out 15d
4273,deli cup,C,DEG_PER_FS_U_CC,5/25/23,Seeds out 15d
4254,deli cup,C,DEG_PER_FS_U_NOCC,5/25/23,
4269,deli cup,C,DEG_PER_FS_U_NOCC,5/25/23,Seeds out 15d
4264,deli cup,C,DEG_PER_N_CC_FS,5/25/23,Seeds out 15d
4222,deli cup,C,DEG_PER_N_WM_CC,5/25/23,
4250,deli cup,C,DEG_PER_N_WM_CC,5/25/23,
4267,deli cup,C,DEG_PER_N_WM_CC,5/25/23,Seeds out 15d
4251,deli cup,C,DEG_PER_WM_D_NOCC,5/25/23,
4253,deli cup,C,DEG_PER_WM_D_NOCC,5/25/23,
4265,deli cup,C,DEG_PER_WM_D_NOCC,5/25/23,Seeds out 15d
4252,deli cup,C,DEG_PER_WM_F_CC,5/25/23,
4255,deli cup,C,DEG_PER_WM_F_CC,5/25/23,Seeds out 15d
4256,deli cup,C,DEG_PER_WM_F_CC,5/25/23,Seeds out 15d
4259,deli cup,C,DEG_PER_WM_F_NOCC,5/25/23,Seeds out 15d
4263,deli cup,C,DEG_PER_WM_F_NOCC,5/25/23,Seeds out 15d
4272,deli cup,C,DEG_PER_WM_F_NOCC,5/25/23,Seeds out 15d
4247,deli cup,C,DEG_PER_WM_N_NOCC,5/25/23,
4271,deli cup,C,DEG_PER_WM_N_NOCC,5/25/23,Seeds out 15d
4751,large deli cup,C,DEG_POV_WOOD_FS_D_NOCC,6/1/23,
4700,large deli cup,C,DEG_VIL_FS_D_CC,6/1/23,17 days in ground
4753,large deli cup,C,DEG_VIL_FS_D_CC,6/1/23,17 days in ground
4715,large deli cup,C,DEG_VIL_FS_D_NOCC,5/31/23,
4737,large deli cup,C,DEG_VIL_FS_N_CC,5/31/23,16 days in ground
4757,large deli cup,C,DEG_VIL_FS_N_CC,5/31/23,16 days in ground
4729,large deli cup,C,DEG_VIL_FS_N_NOCC,5/31/23,16 days in ground
4732,large deli cup,C,DEG_VIL_FS_N_NOCC,5/31/23,16 days in ground
4724,large deli cup,C,DEG_VIL_FS_U_CC,6/1/23,
4742,large deli cup,C,DEG_VIL_FS_U_NOCC,5/31/23,16 days in ground
4755,large deli cup,C,DEG_VIL_FS_U_NOCC,6/1/23,
4717,large deli cup,C,DEG_VIL_WM_D_CC,6/1/23,17 days in ground
4731,large deli cup,C,DEG_VIL_WM_D_CC,6/1/23,17 days in ground
4679,large deli cup,C,DEG_VIL_WM_D_NOCC,5/31/23,16 days in ground
4735,large deli cup,C,DEG_VIL_WM_D_NOCC,5/31/23,16 days in ground
4740,large deli cup,C,DEG_VIL_WM_D_NOCC,5/31/23,16 days in ground
4714,large deli cup,C,DEG_VIL_WM_F_NOCC,5/31/23,
4733,large deli cup,C,DEG_VIL_WM_N_CC,5/31/23,16 days in ground
4754,large deli cup,C,DEG_VIL_WM_N_CC,5/31/23,16 days in ground
4701,large deli cup,C,DEG_VIL_WM_N_NOCC,6/1/23,
4713,large deli cup,C,DEG_VIL_WM_N_NOCC,6/1/23,
4726,large deli cup,C,DEG_VIL_WM_N_NOCC,6/1/23,
4704,large deli cup,C,DEG_VIL_WM_U_CC,6/1/23,17 days in ground
4720,large deli cup,C,DEG_VIL_WM_U_CC,6/1/23,17 days in ground
4741,large deli cup,C,DEG_VIL_WM_U_CC,6/1/23,17 days in ground
4718,large deli cup,C,DEG_VIL_WM_U_NOCC,5/31/23,16 days in ground
4722,large deli cup,C,DEG_VIL_WM_U_NOCC,5/31/23,16 days in ground
4752,large deli cup,C,DEG_VIL_WN_N_CC,5/31/23,
4248,deli cup,C,DEP_PER_WM_N_NOCC,5/25/23,
4771,large deli cup,C,DIP_CUR_FS_D_CC,6/2/23,
4775,large deli cup,C,DIP_CUR_FS_D_CC,6/2/23,
4767,large deli cup,C,DIP_CUR_FS_D_NOCC,6/2/23,
4761,large deli cup,C,DIP_CUR_FS_N_CC,6/2/23,
4777,large deli cup,C,DIP_CUR_FS_N_CC,6/2/23,
4748,large deli cup,C,DIP_CUR_FS_N_NOCC,6/2/23,
4749,large deli cup,C,DIP_CUR_FS_N_NOCC,6/2/23,
4759,large deli cup,C,DIP_CUR_FS_N_NOCC,6/2/23,
4760,large deli cup,C,DIP_CUR_FS_U_CC,6/2/23,
4762,large deli cup,C,DIP_CUR_FS_U_CC,6/2/23,
4763,large deli cup,C,DIP_CUR_FS_U_NOCC,6/2/23,
4780,large deli cup,C,DIP_CUR_FS_U_NOCC,6/2/23,
4765,large deli cup,C,DIP_CUR_WM_D_CC,6/2/23,
4769,large deli cup,C,DIP_CUR_WM_D_CC,6/2/23,
4778,large deli cup,C,DIP_CUR_WM_D_CC,6/2/23,
4744,large deli cup,C,DIP_CUR_WM_D_NOCC,6/2/23,
4770,large deli cup,C,DIP_CUR_WM_D_NOCC,6/2/23,
4776,large deli cup,C,DIP_CUR_WM_D_NOCC,6/2/23,
4764,large deli cup,C,DIP_CUR_WM_N_CC,6/2/23,
4766,large deli cup,C,DIP_CUR_WM_N_CC,6/2/23,
4774,large deli cup,C,DIP_CUR_WM_N_CC,6/2/23,
4743,large deli cup,C,DIP_CUR_WM_N_NOCC,6/2/23,
4746,large deli cup,C,DIP_CUR_WM_N_NOCC,6/2/23,
4768,large deli cup,C,DIP_CUR_WM_N_NOCC,6/2/23,
4745,large deli cup,C,DIP_CUR_WM_U_CC,6/2/23,
4772,large deli cup,C,DIP_CUR_WM_U_CC,6/2/23,
4779,large deli cup,C,DIP_CUR_WM_U_CC,6/2/23,
4747,large deli cup,C,DIP_CUR_WM_U_NOCC,6/2/23,
4758,large deli cup,C,DIP_CUR_WM_U_NOCC,6/2/23,
4773,large deli cup,C,DIP_CUR_WM_U_NOCC,6/2/23,
4839,large deli cup,C,DIP_FLE_FS_C_NOCC,6/6/23,
4836,large deli cup,C,DIP_FLE_FS_D_CC,6/6/23,
4847,large deli cup,C,DIP_FLE_FS_D_CC,6/6/23,
4837,large deli cup,C,DIP_FLE_FS_D_NOCC,6/6/23,
4848,large deli cup,C,DIP_FLE_FS_N_CC,6/6/23,
4849,large deli cup,C,DIP_FLE_FS_N_CC,6/6/23,
4844,large deli cup,C,DIP_FLE_FS_N_NOCC,6/6/23,
4857,large deli cup,C,DIP_FLE_FS_N_NOCC,6/6/23,
4834,large deli cup,C,DIP_FLE_FS_U_CC,6/6/23,
4841,large deli cup,C,DIP_FLE_FS_U_CC,6/6/23,
4838,large deli cup,C,DIP_FLE_FS_U_NOCC,6/6/23,
4843,large deli cup,C,DIP_FLE_FS_U_NOCC,6/6/23,
4831,large deli cup,C,DIP_FLE_WM_D_CC,6/6/23,
4840,large deli cup,C,DIP_FLE_WM_D_CC,6/6/23,
4851,large deli cup,C,DIP_FLE_WM_D_CC,6/6/23,
4845,large deli cup,C,DIP_FLE_WM_D_NOCC,6/6/23,
4846,large deli cup,C,DIP_FLE_WM_D_NOCC,6/6/23,
4856,large deli cup,C,DIP_FLE_WM_D_NOCC,6/6/23,
4832,large deli cup,C,DIP_FLE_WM_N_CC,6/6/23,
4833,large deli cup,C,DIP_FLE_WM_N_CC,6/6/23,
4835,large deli cup,C,DIP_FLE_WM_N_CC,6/6/23,
4842,large deli cup,C,DIP_FLE_WM_N_NOCC,6/6/23,
4852,large deli cup,C,DIP_FLE_WM_N_NOCC,6/6/23,
4855,large deli cup,C,DIP_FLE_WM_N_NOCC,6/6/23,
4821,large deli cup,C,DIP_FLE_WM_U_CC,6/6/23,
4822,large deli cup,C,DIP_FLE_WM_U_CC,6/6/23,
4850,large deli cup,C,DIP_FLE_WM_U_CC,6/6/23,
4853,large deli cup,C,DIP_FLE_WM_U_NOCC,6/6/23,
4854,large deli cup,C,DIP_FLE_WM_U_NOCC,6/6/23,
4858,large deli cup,C,DIP_FLE_WM_U_NOCC,6/6/23,
4243,deli cup,C,DIP_PAT_FS_D_CC,5/25/23,
4246,deli cup,C,DIP_PAT_FS_D_CC,5/25/23,
4229,deli cup,C,DIP_PAT_FS_N_CC,5/25/23,
4231,deli cup,C,DIP_PAT_FS_N_CC,5/25/23,
4225,deli cup,C,DIP_PAT_FS_N_NOCC,5/25/23,
4244,deli cup,C,DIP_PAT_FS_N_NOCC,5/25/23,
4223,deli cup,C,DIP_PAT_FS_NOCC_D,5/25/23,
4227,deli cup,C,DIP_PAT_FS_NOCC_D,5/25/23,
4237,deli cup,C,DIP_PAT_FS_U_CC,5/25/23,
4240,deli cup,C,DIP_PAT_FS_U_CC,5/25/23,
4233,deli cup,C,DIP_PAT_FS_U_NOCC,5/25/23,
4234,deli cup,C,DIP_PAT_FS_U_NOCC,5/25/23,
4235,deli cup,C,DIP_PAT_WM_D_CC,5/25/23,
4239,deli cup,C,DIP_PAT_WM_D_CC,5/25/23,
4241,deli cup,C,DIP_PAT_WM_D_CC,5/25/23,
4217,deli cup,C,DIP_PAT_WM_D_NOCC,5/25/23,
4218,deli cup,C,DIP_PAT_WM_D_NOCC,5/25/23,
4221,deli cup,C,DIP_PAT_WM_D_NOCC,5/25/23,
4232,deli cup,C,DIP_PAT_WM_N_CC,5/25/23,
4238,deli cup,C,DIP_PAT_WM_N_CC,5/25/23,
4242,deli cup,C,DIP_PAT_WM_N_CC,5/25/23,
4224,deli cup,C,DIP_PAT_WM_N_NOCC,5/25/23,
4226,deli cup,C,DIP_PAT_WM_N_NOCC,5/25/23,
4245,deli cup,C,DIP_PAT_WM_N_NOCC,5/25/23,
4228,deli cup,C,DIP_PAT_WM_U_CC,5/25/23,
4230,deli cup,C,DIP_PAT_WM_U_CC,5/25/23,
4236,deli cup,C,DIP_PAT_WM_U_CC,5/25/23,
4216,deli cup,C,DIP_PAT_WM_U_NOCC,5/25/23,
4219,deli cup,C,DIP_PAT_WM_U_NOCC,5/25/23,
4220,deli cup,C,DIP_PAT_WM_U_NOCC,5/25/23,
4896,large deli cup,C,LET_NOB_FS_D_CC,6/1/23,
4902,large deli cup,C,LET_NOB_FS_D_CC,6/1/23,
4898,large deli cup,C,LET_NOB_FS_D_NOCC,6/1/23,
4900,large deli cup,C,LET_NOB_FS_D_NOCC,6/1/23,
4905,large deli cup,C,LET_NOB_FS_N_CC,6/1/23,
4907,large deli cup,C,LET_NOB_FS_N_CC,6/1/23,
4899,large deli cup,C,LET_NOB_FS_N_NOCC,6/1/23,
4904,large deli cup,C,LET_NOB_FS_N_NOCC,6/1/23,
4897,large deli cup,C,LET_NOB_FS_U_CC,6/1/23,
4906,large deli cup,C,LET_NOB_FS_U_CC,6/1/23,
4901,large deli cup,C,LET_NOB_FS_U_NOCC,6/1/23,
4903,large deli cup,C,LET_NOB_FS_U_NOCC,6/1/23,
4892,deli cup,C,LET_NOB_WM_D_CC,6/1/23,
4893,deli cup,C,LET_NOB_WM_D_CC,6/1/23,
4895,deli cup,C,LET_NOB_WM_D_CC,6/1/23,
4943,deli cup,C,LET_NOB_WM_D_NOCC,6/1/23,
4944,deli cup,C,LET_NOB_WM_D_NOCC,6/1/23,
4945,deli cup,C,LET_NOB_WM_D_NOCC,6/1/23,
4887,deli cup,C,LET_NOB_WM_N_CC,6/1/23,
4890,deli cup,C,LET_NOB_WM_N_CC,6/1/23,
4891,deli cup,C,LET_NOB_WM_N_CC,6/1/23,
4938,deli cup,C,LET_NOB_WM_N_NOCC,6/1/23,
4940,deli cup,C,LET_NOB_WM_N_NOCC,6/1/23,
4942,deli cup,C,LET_NOB_WM_N_NOCC,6/1/23,
4888,deli cup,C,LET_NOB_WM_U_CC,6/1/23,
4889,deli cup,C,LET_NOB_WM_U_CC,6/1/23,
4894,deli cup,C,LET_NOB_WM_U_CC,6/1/23,
4939,deli cup,C,LET_NOB_WM_U_NOCC,6/1/23,
4941,deli cup,C,LET_NOB_WM_U_NOCC,6/1/23,
4946,deli cup,C,LET_NOB_WM_U_NOCC,6/1/23,
4179,sushi container,C,LET_TAB,5/23/23,
4180,sushi container,C,LET_TAB,5/23/23,
4181,sushi container,C,LET_TAB_cc,5/23/23,cover left of trap
4182,sushi container,C,LET_TAB_cc,5/23/23,cover right of trap
4189,deli cup,C,LET_TAB_cc,5/23/23,CC
4190,deli cup,C,LET_TAB_cc,5/23/23,CC
4191,deli cup,C,LET_TAB_cc,5/23/23,CC
4192,deli cup,C,LET_TAB_cc,5/23/23,CC 
4193,deli cup,C,LET_TAB_cc,5/23/23,CC
4183,sushi container,C,LET_TAB_nocc,5/23/23,no cover right of the trap
4184,sushi container,C,LET_TAB_nocc,5/23/23,no cover left of trap
4185,deli cup,C,LET_TAB_nocc,5/23/23,no cover wiretrap
4186,deli cup,C,LET_TAB_nocc,5/23/23,no cover wiretrap
4187,deli cup,C,LET_TAB_nocc,5/23/23,No CC
4188,deli cup,C,LET_TAB_nocc,5/23/23,No CC
4955,deli cup,C,SMI_COB_FS_D_CC,5/30/23,
4971,deli cup,C,SMI_COB_FS_D_CC,5/30/23,
4988,deli cup,C,SMI_COB_FS_D_NOCC,5/30/23,
4999,deli cup,C,SMI_COB_FS_D_NOCC,5/30/23,
4947,deli cup,C,SMI_COB_FS_N_CC,5/30/23,
4976,deli cup,C,SMI_COB_FS_N_CC,5/30/23,
4967,deli cup,C,SMI_COB_FS_N_NOCC,5/30/23,
4991,deli cup,C,SMI_COB_FS_N_NOCC,5/30/23,
4975,deli cup,C,SMI_COB_FS_U_CC,5/30/23,
5004,deli cup,C,SMI_COB_FS_U_CC,5/30/23,
4948,deli cup,C,SMI_COB_FS_U_NOCC,5/30/23,
4972,deli cup,C,SMI_COB_FS_U_NOCC,5/30/23,
4951,deli cup,C,SMI_COB_WM_D_CC,5/30/23,
4963,deli cup,C,SMI_COB_WM_D_CC,5/30/23,
4987,deli cup,C,SMI_COB_WM_D_CC,5/30/23,
4978,deli cup,C,SMI_COB_WM_D_NOCC,5/30/23,
4981,deli cup,C,SMI_COB_WM_D_NOCC,5/30/23,
4984,deli cup,C,SMI_COB_WM_D_NOCC,5/30/23,
4959,deli cup,C,SMI_COB_WM_N_CC,5/30/23,
4965,deli cup,C,SMI_COB_WM_N_CC,5/30/23,
4985,deli cup,C,SMI_COB_WM_N_CC,5/30/23,
4950,deli cup,C,SMI_COB_WM_N_NOCC,5/30/23,
4952,deli cup,C,SMI_COB_WM_N_NOCC,5/30/23,
4980,deli cup,C,SMI_COB_WM_N_NOCC,5/30/23,
4936,deli cup,C,SMI_COB_WM_U_CC,5/30/23,
4937,deli cup,C,SMI_COB_WM_U_CC,5/30/23,
4953,deli cup,C,SMI_COB_WM_U_CC,5/30/23,
4949,deli cup,C,SMI_COB_WM_U_NOCC,5/30/23,
4958,deli cup,C,SMI_COB_WM_U_NOCC,5/30/23,
5001,deli cup,C,SMI_COB_WM_U_NOCC,5/30/23,
4966,deli cup,C,SMI_LAT_FS_D_CC,5/31/23,
4995,deli cup,C,SMI_LAT_FS_D_CC,5/31/23,
4961,deli cup,C,SMI_LAT_FS_D_NOCC,5/31/23,
4986,deli cup,C,SMI_LAT_FS_D_NOCC,5/31/23,
4982,deli cup,C,SMI_LAT_FS_N_CC,5/31/23,
5003,deli cup,C,SMI_LAT_FS_N_CC,5/31/23,
4992,deli cup,C,SMI_LAT_FS_N_NOCC,5/31/23,
5002,deli cup,C,SMI_LAT_FS_N_NOCC,5/31/23,
4957,deli cup,C,SMI_LAT_FS_U_CC,5/31/23,
4974,deli cup,C,SMI_LAT_FS_U_CC,5/31/23,
4962,deli cup,C,SMI_LAT_FS_U_NOCC,5/31/23,
4973,deli cup,C,SMI_LAT_FS_U_NOCC,5/31/23,
4954,deli cup,C,SMI_LAT_WM_D_CC,5/31/23,
4969,deli cup,C,SMI_LAT_WM_D_CC,5/31/23,
4977,deli cup,C,SMI_LAT_WM_D_CC,5/31/23,
4964,deli cup,C,SMI_LAT_WM_D_NOCC,5/31/23,
4997,deli cup,C,SMI_LAT_WM_D_NOCC,5/31/23,
4998,deli cup,C,SMI_LAT_WM_D_NOCC,5/31/23,
4968,deli cup,C,SMI_LAT_WM_N_CC,5/31/23,
4970,deli cup,C,SMI_LAT_WM_N_CC,5/31/23,
4996,deli cup,C,SMI_LAT_WM_N_CC,5/31/23,
4979,deli cup,C,SMI_LAT_WM_N_NOCC,5/31/23,
4983,deli cup,C,SMI_LAT_WM_N_NOCC,5/31/23,
4994,deli cup,C,SMI_LAT_WM_N_NOCC,5/31/23,
4960,deli cup,C,SMI_LAT_WM_U_CC,5/31/23,
4989,deli cup,C,SMI_LAT_WM_U_CC,5/31/23,
4990,deli cup,C,SMI_LAT_WM_U_CC,5/31/23,
4956,deli cup,C,SMI_LAT_WM_U_NOCC,5/31/23,
4993,deli cup,C,SMI_LAT_WM_U_NOCC,5/31/23,
5000,deli cup,C,SMI_LAT_WM_U_NOCC,5/31/23,
5043,big deli cup,C,STA_COL_FS_D_CC,6/13/23,
5041,big deli cup,C,STA_COL_FS_D_NOCC,6/13/23,
5045,big deli cup,C,STA_COL_FS_D_NOCC,6/13/23,
5042,big deli cup,C,STA_COL_FS_N_CC,6/13/23,
5046,big deli cup,C,STA_COL_FS_N_CC,6/13/23,
5038,big deli cup,C,STA_COL_FS_N_NOCC,6/13/23,
5040,big deli cup,C,STA_COL_FS_N_NOCC,6/13/23,
5039,big deli cup,C,STA_COL_FS_U_NOCC,6/13/23,
5044,big deli cup,C,STA_COL_FS_U_NOCC,6/13/23,
5059,deli cup,C,STA_COL_WM_D_CC,6/13/23,
5060,deli cup,C,STA_COL_WM_D_CC,6/13/23,
5062,deli cup,C,STA_COL_WM_D_CC,6/13/23,
5047,deli cup,C,STA_COL_WM_D_NOCC,6/13/23,
5048,deli cup,C,STA_COL_WM_D_NOCC,6/13/23,
5055,deli cup,C,STA_COL_WM_D_NOCC,6/13/23,
5061,deli cup,C,STA_COL_WM_N_CC,6/13/23,
5063,deli cup,C,STA_COL_WM_N_CC,6/13/23,
5064,deli cup,C,STA_COL_WM_N_CC,6/13/23,
5050,deli cup,C,STA_COL_WM_N_NOCC,6/13/23,
5052,deli cup,C,STA_COL_WM_N_NOCC,6/13/23,
5054,deli cup,C,STA_COL_WM_N_NOCC,6/13/23,
5056,deli cup,C,STA_COL_WM_U_CC,6/13/23,no seeds 
5057,deli cup,C,STA_COL_WM_U_CC,6/13/23,no seeds
5058,deli cup,C,STA_COL_WM_U_CC,6/13/23,no seeds
5049,deli cup,C,STA_COL_WM_U_NOCC,6/13/23,
5051,deli cup,C,STA_COL_WM_U_NOCC,6/13/23,
5053,deli cup,C,STA_COL_WM_U_NOCC,6/13/23,
4668,large deli cup,C,STA_HEM_1_FS_CC,5/31/23,
4807,large deli cup,C,STA_HEM_1_FS_CC,5/31/23,
4669,large deli cup,C,STA_HEM_1_FS_NOCC,5/31/23,
4805,large deli cup,C,STA_HEM_1_FS_NOCC,5/31/23,
4663,deli cup,C,STA_HEM_1_WM_CC,5/31/23,
4664,deli cup,C,STA_HEM_1_WM_CC,5/31/23,
4666,deli cup,C,STA_HEM_1_WM_CC,5/31/23,
4662,deli cup,C,STA_HEM_1_WM_NOCC,5/31/23,
4665,deli cup,C,STA_HEM_1_WM_NOCC,5/31/23,
4667,deli cup,C,STA_HEM_1_WM_NOCC,5/31/23,
4803,large deli cup,C,STA_HEM_2_FS_CC,5/31/23,
4806,large deli cup,C,STA_HEM_2_FS_CC,5/31/23,
4804,large deli cup,C,STA_HEM_2_FS_NOCC,5/31/23,
4808,large deli cup,C,STA_HEM_2_FS_NOCC,5/31/23,
4670,deli cup,C,STA_HEM_2_WM_CC,5/31/23,
4672,deli cup,C,STA_HEM_2_WM_CC,5/31/23,
4675,deli cup,C,STA_HEM_2_WM_CC,5/31/23,
4671,deli cup,C,STA_HEM_2_WM_NOCC,5/31/23,
4673,deli cup,C,STA_HEM_2_WM_NOCC,5/31/23,
4674,deli cup,C,STA_HEM_2_WM_NOCC,5/31/23,
4810,large deli cup,C,STA_SWE_FS_D_CC,5/26/23,Row next to trap forgot to skip a row
4820,large deli cup,C,STA_SWE_FS_D_CC,5/26/23,
4814,large deli cup,C,STA_SWE_FS_D_NOCC,5/26/23,
4815,large deli cup,C,STA_SWE_FS_D_NOCC,5/26/23,
4809,large deli cup,C,STA_SWE_FS_N_CC,5/26/23,
4818,large deli cup,C,STA_SWE_FS_N_CC,5/26/23,
4812,large deli cup,C,STA_SWE_FS_N_NOCC,5/26/23,
4819,large deli cup,C,STA_SWE_FS_N_NOCC,5/26/23,
4811,large deli cup,C,STA_SWE_FS_U_CC,5/26/23,Row next to trap forgot to skip a row
4817,large deli cup,C,STA_SWE_FS_U_CC,5/26/23,Skipped a row
4813,large deli cup,C,STA_SWE_FS_U_NOCC,5/26/23,WM traps btw rows 3+4 not 2+3. Sampled row 4 next to WM trap
4816,large deli cup,C,STA_SWE_FS_U_NOCC,5/26/23,
4690,deli cup,C,STA_SWE_WM_D_CC,5/26/23,
4692,deli cup,C,STA_SWE_WM_D_CC,5/26/23,
4694,deli cup,C,STA_SWE_WM_D_CC,5/26/23,
4684,deli cup,C,STA_SWE_WM_D_NOCC,5/26/23,
4689,deli cup,C,STA_SWE_WM_D_NOCC,5/26/23,
4691,deli cup,C,STA_SWE_WM_N_CC,5/26/23,
4693,deli cup,C,STA_SWE_WM_N_CC,5/26/23,
4695,deli cup,C,STA_SWE_WM_N_CC,5/26/23,
4681,deli cup,C,STA_SWE_WM_N_NOCC,5/26/23,
4682,deli cup,C,STA_SWE_WM_N_NOCC,5/26/23,
4683,deli cup,C,STA_SWE_WM_N_NOCC,5/26/23,
4685,deli cup,C,STA_SWE_WM_N_NOCC,5/26/23,
4696,deli cup,C,STA_SWE_WM_U_CC,5/26/23,
4697,deli cup,C,STA_SWE_WM_U_CC,5/26/23,
4698,deli cup,C,STA_SWE_WM_U_CC,5/26/23,
4686,deli cup,C,STA_SWE_WM_U_NOCC,5/26/23,
4687,deli cup,C,STA_SWE_WM_U_NOCC,5/26/23,
4688,deli cup,C,STA_SWE_WM_U_NOCC,5/26/23,
5065,large deli cup,C,STA_WIL_FS_D_CC,6/13/23,
5067,large deli cup,C,STA_WIL_FS_D_CC,6/13/23,
5069,large deli cup,C,STA_WIL_FS_D_NOCC,6/13/23,
5072,large deli cup,C,STA_WIL_FS_D_NOCC,6/13/23,
5075,large deli cup,C,STA_WIL_FS_N_CC,6/13/23,
5076,large deli cup,C,STA_WIL_FS_N_CC,6/13/23,
5066,large deli cup,C,STA_WIL_FS_N_NOCC,6/13/23,
5074,large deli cup,C,STA_WIL_FS_N_NOCC,6/13/23,
5068,large deli cup,C,STA_WIL_FS_U_CC,6/13/23,
5071,large deli cup,C,STA_WIL_FS_U_CC,6/13/23,
5070,large deli cup,C,STA_WIL_FS_U_NOCC,6/13/23,
5073,large deli cup,C,STA_WIL_FS_U_NOCC,6/13/23,
5086,deli cup,C,STA_WIL_WM_D_CC,6/13/23,
5092,deli cup,C,STA_WIL_WM_D_CC,6/13/23,
5093,deli cup,C,STA_WIL_WM_D_CC,6/13/23,
5078,deli cup,C,STA_WIL_WM_D_NOCC,6/13/23,
5083,deli cup,C,STA_WIL_WM_D_NOCC,6/13/23,
5085,deli cup,C,STA_WIL_WM_D_NOCC,6/13/23,
5088,deli cup,C,STA_WIL_WM_N_CC,6/13/23,
5091,deli cup,C,STA_WIL_WM_N_CC,6/13/23,
5094,deli cup,C,STA_WIL_WM_N_CC,6/13/23,
5077,deli cup,C,STA_WIL_WM_N_NOCC,6/13/23,
5082,deli cup,C,STA_WIL_WM_N_NOCC,6/13/23,
5084,deli cup,C,STA_WIL_WM_N_NOCC,6/13/23,
5087,deli cup,C,STA_WIL_WM_U_CC,6/13/23,
5089,deli cup,C,STA_WIL_WM_U_CC,6/13/23,
5090,deli cup,C,STA_WIL_WM_U_CC,6/13/23,
5079,deli cup,C,STA_WIL_WM_U_NOCC,6/13/23,
5080,deli cup,C,STA_WIL_WM_U_NOCC,6/13/23,
5081,deli cup,C,STA_WIL_WM_U_NOCC,6/13/23,
3136,deli cup,I,B3_a1,4/25/23,
3612,deli cup,I,B3_a1,5/9/23,
4145,deli cup,I,B3_A1,5/23/23,
3109,deli cup,I,B3_a2,4/25/23,
3609,deli cup,I,B3_a2,5/9/23,
4160,deli cup,I,B3_A2,5/23/23,
3117,deli cup,I,B3_a3,4/25/23,
3601,deli cup,I,B3_a3,5/9/23,
4162,deli cup,I,B3_A3,5/23/23,
4163,deli cup,I,B3_A3,5/23/23,
3126,deli cup,I,B3_a4,4/25/23,
3618,deli cup,I,B3_a4,5/9/23,
4154,deli cup,I,B3_A4,5/23/23,
3120,deli cup,I,B3_a5,4/25/23,
3625,deli cup,I,B3_a5,5/9/23,
4152,deli cup,I,B3_A5,5/23/23,
3114,deli cup,I,B3_b1,4/25/23,
3622,deli cup,I,B3_b1,5/9/23,
4128,deli cup,I,B3_B1,5/23/23,
3094,deli cup,I,B3_b2,4/25/23,
3602,deli cup,I,B3_b2,5/9/23,
4165,deli cup,I,B3_B2,5/23/23,
3101,deli cup,I,B3_b3,4/25/23,
3610,deli cup,I,B3_b3,5/9/23,
3135,deli cup,I,B3_b4,4/25/23,
3623,deli cup,I,B3_b4,5/9/23,
4159,deli cup,I,B3_B4,5/23/23,
3116,deli cup,I,B3_b5,4/25/23,
3621,deli cup,I,B3_b5,5/9/23,
4155,deli cup,I,B3_B5,5/23/23,
3142,deli cup,I,B3_c1,4/25/23,
3613,deli cup,I,B3_c1,5/9/23,
4140,deli cup,I,B3_C1,5/23/23,
3138,deli cup,I,B3_c2,4/25/23,
3620,deli cup,I,B3_c2,5/9/23,
4151,deli cup,I,B3_C2,5/23/23,
3118,deli cup,I,B3_c3,4/25/23,
3607,deli cup,I,B3_c3,5/9/23,
4142,deli cup,I,B3_C3,5/23/23,
3121,deli cup,I,B3_c4,4/25/23,
3604,deli cup,I,B3_c4,5/9/23,
4164,deli cup,I,B3_C4,5/23/23,
3130,deli cup,I,B3_c5,4/25/23,
3624,deli cup,I,B3_c5,5/9/23,
4143,deli cup,I,B3_C5,5/23/23,
3124,deli cup,I,B3_d1,4/25/23,
3616,deli cup,I,B3_d1,5/9/23,
4153,deli cup,I,B3_D1,5/23/23,
3131,deli cup,I,B3_d2,4/25/23,
3603,deli cup,I,B3_d2,5/9/23,
4161,deli cup,I,B3_D2,5/23/23,
3106,deli cup,I,B3_d3,4/25/23,
3619,deli cup,I,B3_d3,5/9/23,
4136,deli cup,I,B3_D3,5/23/23,
3133,deli cup,I,B3_d4,4/25/23,
3605,deli cup,I,B3_d4,5/9/23,
4144,deli cup,I,B3_D4,5/23/23,
3097,deli cup,I,B3_d5,4/25/23,
3617,deli cup,I,B3_d5,5/9/23,
4127,deli cup,I,B3_D5,5/23/23,
3113,deli cup,I,B3_m1,4/25/23,
3611,deli cup,I,B3_m1,5/9/23,
3095,deli cup,I,B3_m2,4/25/23,
3608,deli cup,I,B3_m2,5/9/23,
4139,deli cup,I,B3_M2,5/23/23,
3115,deli cup,I,B3_m3,4/25/23,
3606,deli cup,I,B3_M3,5/9/23,
4130,deli cup,I,B3_M3,5/23/23,
3112,deli cup,I,B3_m4,4/25/23,
3615,deli cup,I,B3_m4,5/9/23,
4147,deli cup,I,B3_M4,5/23/23,
3132,deli cup,I,B3_m5,4/25/23,
3614,deli cup,I,B3_m5,5/9/23,
4148,deli cup,I,B3_M5,5/23/23,
3099,deli cup,I,D2_9,4/25/23,
3592,deli cup,I,D2_a 10,5/9/23,
3127,deli cup,I,D2_a10,4/25/23,
4120,deli cup,I,D2_A10,5/23/23,
3122,deli cup,I,D2_a6,4/25/23,
3598,deli cup,I,D2_a6,5/9/23,
4166,deli cup,I,D2_A6,5/23/23,
3096,deli cup,I,D2_a7,4/25/23,
3587,deli cup,I,D2_a7,5/9/23,
4157,deli cup,I,D2_A7,5/23/23,
3100,deli cup,I,D2_a8,4/25/23,
3579,deli cup,I,D2_a8,5/9/23,
4126,deli cup,I,D2_A8,5/23/23,
3108,deli cup,I,D2_a9,4/25/23,
3580,deli cup,I,D2_a9,5/9/23,no seeds. trap lost to tractor. new one planted
4123,deli cup,I,D2_A9,5/23/23,
3129,deli cup,I,D2_b10,4/25/23,
3593,deli cup,I,D2_b10,5/9/23,
4122,deli cup,I,D2_B10,5/23/23,
3119,deli cup,I,D2_b6,4/25/23,
3597,deli cup,I,D2_b6,5/9/23,
4141,deli cup,I,D2_B6,5/23/23,
4149,deli cup,I,D2_B6,5/23/23,
3098,deli cup,I,D2_b7,4/25/23,
3591,deli cup,I,D2_b7,5/9/23,
4124,deli cup,I,D2_B7,5/23/23,
3123,deli cup,I,D2_b8,4/25/23,
3583,deli cup,I,D2_b8,5/9/23,
4133,deli cup,I,D2_B8,5/23/23,
3104,deli cup,I,D2_b9,4/25/23,
3599,deli cup,I,D2_b9,5/9/23,
4118,deli cup,I,D2_B9,5/23/23,
3093,deli cup,I,D2_c10,4/25/23,
3578,deli cup,I,D2_c10,5/9/23,
4137,deli cup,I,D2_C10,5/23/23,
3140,deli cup,I,D2_c6,4/25/23,
3582,deli cup,I,D2_c6,5/9/23,
4156,deli cup,I,D2_C6,5/23/23,
3105,deli cup,I,D2_c7,4/25/23,
3585,deli cup,I,D2_c7,5/9/23,
4134,deli cup,I,D2_C7,5/23/23,
3102,deli cup,I,D2_c8,4/25/23,
3594,deli cup,I,D2_c8,5/9/23,
4158,deli cup,I,D2_C8,5/23/23,no seeds found in trap
3103,deli cup,I,D2_c9,4/25/23,
3588,deli cup,I,D2_c9,5/9/23,
4125,deli cup,I,D2_C9,5/23/23,
3107,deli cup,I,D2_d10,4/25/23,
3596,deli cup,I,D2_d10,5/9/23,
4129,deli cup,I,D2_D10,5/23/23,
3111,deli cup,I,D2_d6,4/25/23,
3586,deli cup,I,D2_d6,5/9/23,
3139,deli cup,I,D2_d7,4/25/23,
3576,deli cup,I,D2_d7,5/9/23,no seeds. trap lost to tractor. new one planted
4138,deli cup,I,D2_D7,5/23/23,
3134,deli cup,I,D2_d8,4/25/23,
3577,deli cup,I,D2_d8,5/9/23,no seeds. trap lost to tractor. new one planted
4119,deli cup,I,D2_D8,5/23/23,
3595,deli cup,I,D2_d9,5/9/23,
4121,deli cup,I,D2_D9,5/23/23,
3128,deli cup,I,D2_m10,4/25/23,
3600,deli cup,I,D2_m10,5/9/23,
4135,deli cup,I,D2_M10,5/23/23,
3137,deli cup,I,D2_m6,4/25/23,
3581,deli cup,I,D2_m6,5/9/23,
4150,deli cup,I,D2_M6,5/23/23,
3141,deli cup,I,D2_m7,4/25/23,
3590,deli cup,I,D2_m7,5/9/23,
4117,deli cup,I,D2_M7,5/23/23,
3125,deli cup,I,D2_m8,4/25/23,
3589,deli cup,I,D2_m8,5/9/23,
4146,deli cup,I,D2_M8,5/23/23,
3110,deli cup,I,D2_m9,4/25/23,
3584,deli cup,I,D2_m9,5/9/23,
4132,deli cup,I,D2_M9,5/23/23,
4131,deli cup,I,M3_M1,5/23/23,
3354,deli cup,M,10C_C,5/2/23,
3842,deli cup,M,10C_C,5/16/23,
4626,deli cup,M,10C_C,5/31/23,
3358,deli cup,M,10C_C_JA,5/2/23,
3805,deli cup,M,10C_C_JA,5/16/23,
4567,deli cup,M,10C_C_JA,5/31/23,
3311,deli cup,M,10C_L,5/2/23,
3818,deli cup,M,10C_L,5/16/23,
4619,deli cup,M,10C_L,5/31/23,
3349,deli cup,M,10C_L_JA,5/2/23,
3802,deli cup,M,10C_L_JA,5/16/23,
4638,deli cup,M,10C_L_JA,5/31/23,
3340,deli cup,M,10M_C,5/2/23,
3846,deli cup,M,10M_C,5/16/23,
4624,deli cup,M,10M_C,5/31/23,
3371,deli cup,M,10M_C_JA,5/2/23,
3769,deli cup,M,10M_C_JA,5/16/23,
4637,deli cup,M,10M_C_JA,5/31/23,
3368,deli cup,M,10M_L,5/2/23,
3814,deli cup,M,10M_L,5/16/23,
4586,deli cup,M,10M_L,5/31/23,
3344,deli cup,M,10M_L_JA,5/2/23,
3808,deli cup,M,10M_L_JA,5/16/23,
4623,deli cup,M,10M_L_JA,5/31/23,
3301,deli cup,M,11C_C,5/2/23,
3809,deli cup,M,11C_C,5/16/23,
4364,deli cup,M,11C_C,5/31/23,
3281,deli cup,M,11C_C_JA,5/2/23,
3768,deli cup,M,11C_C_JA,5/16/23,
4443,deli cup,M,11C_C_JA,5/31/23,
3299,deli cup,M,11C_L,5/2/23,
3770,deli cup,M,11C_L,5/16/23,
4553,deli cup,M,11C_L,5/31/23,
3290,deli cup,M,11C_L_JA,5/2/23,"by accident this trap was never set up, therefor deli cup empty."
3803,deli cup,M,11C_L_JA,5/16/23,
4530,deli cup,M,11C_L_JA,5/31/23,
3297,deli cup,M,11F_C,5/2/23,
3792,deli cup,M,11F_C,5/16/23,
4451,deli cup,M,11F_C,5/31/23,
3294,deli cup,M,11F_C_JA,5/2/23,
3766,deli cup,M,11F_C_JA,5/16/23,
4448,deli cup,M,11F_C_JA,5/31/23,
3291,deli cup,M,11F_L,5/2/23,
3841,deli cup,M,11F_L,5/16/23,
4458,deli cup,M,11F_L,5/31/23,
3289,deli cup,M,11F_L_JA,5/2/23,
3798,deli cup,M,11F_L_JA,5/16/23,
4457,deli cup,M,11F_L_JA,5/31/23,
3295,deli cup,M,11M_C_JA,5/2/23,
3317,deli cup,M,12C_C,5/2/23,
3763,deli cup,M,12C_C,5/16/23,
4527,deli cup,M,12C_C,5/31/23,
3314,deli cup,M,12C_C_JA,5/2/23,
3757,deli cup,M,12C_C_JA,5/16/23,
4488,deli cup,M,12C_C_JA,5/31/23,
3351,deli cup,M,12C_L,5/2/23,
3760,deli cup,M,12C_L,5/16/23,
4524,deli cup,M,12C_L,5/31/23,
3318,deli cup,M,12C_L_JA,5/2/23,
3790,deli cup,M,12C_L_JA,5/16/23,
4498,deli cup,M,12C_L_JA,5/31/23,
3764,deli cup,M,12F_C_JA,5/16/23,
3279,deli cup,M,12M_C,5/2/23,
3791,deli cup,M,12M_C,5/16/23,
4454,deli cup,M,12M_C,5/31/23,no seeds
3755,deli cup,M,12M_C_JA,5/16/23,
4437,deli cup,M,12M_C_JA,5/31/23,
3352,deli cup,M,12M_L,5/2/23,
3761,deli cup,M,12M_L,5/16/23,
4492,deli cup,M,12M_L,5/31/23,
3348,deli cup,M,12M_L_JA,5/2/23,
3752,deli cup,M,12M_L_JA,5/16/23,
4422,deli cup,M,12M_L_JA,5/31/23,
3343,deli cup,M,13C_C,5/2/23,
3801,deli cup,M,13C_C,5/16/23,
4796,deli cup,M,13C_C,5/31/23,
3284,deli cup,M,13C_C_JA,5/2/23,
3800,deli cup,M,13C_C_JA,5/16/23,
4617,deli cup,M,13C_C_JA,5/31/23,
3342,deli cup,M,13C_L,5/2/23,
3796,deli cup,M,13C_L,5/16/23,
4795,deli cup,M,13C_L,5/31/23,
3363,deli cup,M,13C_L_JA,5/2/23,
3856,deli cup,M,13C_L_JA,5/16/23,
4452,deli cup,M,13C_L_JA,5/31/23,
3268,deli cup,M,13F_C,5/2/23,
3866,deli cup,M,13F_C,5/16/23,
4487,deli cup,M,13F_C,5/31/23,
3308,deli cup,M,13F_C_JA,5/2/23,
4386,deli cup,M,13F_C_JA,5/31/23,
4513,deli cup,M,13F_C_JA,5/31/23,
3282,deli cup,M,13F_L,5/2/23,
3795,deli cup,M,13F_L,5/16/23,
4562,deli cup,M,13F_L,5/31/23,
3307,deli cup,M,13F_L_JA,5/2/23,
3793,deli cup,M,13F_L_JA,5/16/23,
4036,deli cup,M,14A_C,5/16/23,
4582,deli cup,M,14A_C,5/31/23,
3454,deli cup,M,14A_L,5/2/23,
3715,deli cup,M,14A_L,5/16/23,
4531,deli cup,M,14A_L,5/31/23,
3707,deli cup,M,14C_C,5/16/23,
4427,deli cup,M,14C_C,5/31/23,
3439,deli cup,M,14C_L,5/2/23,
3718,deli cup,M,14C_L,5/16/23,
4528,deli cup,M,14C_L,5/31/23,
3928,deli cup,M,15AM_C,5/16/23,
4569,deli cup,M,15AM_C,5/31/23,
3458,deli cup,M,15AM_L,5/2/23,
4420,deli cup,M,15AM_L,5/31/23,
3946,deli cup,M,15C_C,5/16/23,
4633,deli cup,M,15C_C,5/31/23,
3471,deli cup,M,15C_L,5/2/23,
3958,deli cup,M,15C_L,5/16/23,
4612,deli cup,M,15C_L,5/31/23,
3710,deli cup,M,16A_C,5/16/23,
4646,deli cup,M,16A_C,5/31/23,
3440,deli cup,M,16A_L,5/2/23,
3735,deli cup,M,16A_L,5/16/23,
4555,deli cup,M,16A_L,5/31/23,
4041,deli cup,M,16C_C,5/16/23,
4658,deli cup,M,16C_C,5/31/23,
3961,deli cup,M,16C_C_JA,5/16/23,
3425,deli cup,M,16C_L,5/2/23,
4037,deli cup,M,16C_L,5/16/23,
4471,deli cup,M,16C_L,5/31/23,
3934,deli cup,M,17AM_C,5/16/23,
4642,deli cup,M,17AM_C,5/31/23,
3423,deli cup,M,17AM_L,5/2/23,
3955,deli cup,M,17AM_L,5/16/23,
4587,deli cup,M,17AM_L,5/31/23,
3963,deli cup,M,17C_C,5/16/23,
4656,deli cup,M,17C_C,5/31/23,
3452,deli cup,M,17C_L,5/2/23,
3960,deli cup,M,17C_L,5/16/23,
4651,deli cup,M,17C_L,5/31/23,
3306,deli cup,M,18C_C,5/2/23,
3806,deli cup,M,18C_C,5/16/23,
4532,deli cup,M,18C_C,5/31/23,
3288,deli cup,M,18C_C_JA,5/2/23,
3811,deli cup,M,18C_C_JA,5/16/23,
4413,deli cup,M,18C_C_JA,5/31/23,
3286,deli cup,M,18C_L,5/2/23,
3804,deli cup,M,18C_L,5/16/23,
4526,deli cup,M,18C_L,5/31/23,
3293,deli cup,M,18C_L_JA,5/2/23,
3799,deli cup,M,18C_L_JA,5/16/23,
4399,deli cup,M,18C_L_JA,5/31/23,
3262,deli cup,M,18F_C,5/2/23,
3810,deli cup,M,18F_C,5/16/23,
4505,deli cup,M,18F_C,5/31/23,
3280,deli cup,M,18F_C_JA,5/2/23,
3813,deli cup,M,18F_C_JA,5/16/23,
4627,deli cup,M,18F_C_JA,5/31/23,
3287,deli cup,M,18F_L,5/2/23,
3807,deli cup,M,18F_L,5/16/23,
4362,deli cup,M,18F_L,5/31/23,
3285,deli cup,M,18F_L_JA,5/2/23,
3812,deli cup,M,18F_L_JA,5/16/23,
4508,deli cup,M,18F_L_JA,5/31/23,
3283,deli cup,M,19C_C,5/2/23,
3941,deli cup,M,19C_C,5/16/23,
4453,deli cup,M,19C_C,5/31/23,
3310,deli cup,M,19C_C_JA,5/2/23,
4571,deli cup,M,19C_C_JA,5/31/23,
3261,deli cup,M,19C_L,5/2/23,
3975,deli cup,M,19C_L,5/16/23,
4495,deli cup,M,19C_L,5/31/23,
3274,deli cup,M,19C_L_JA,5/2/23,
3942,deli cup,M,19C_L_JA,5/16/23,
4496,deli cup,M,19C_L_JA,5/31/23,
3251,deli cup,M,19F_C,5/2/23,
3971,deli cup,M,19F_C,5/16/23,
4519,deli cup,M,19F_C,5/31/23,
3275,deli cup,M,19F_C_JA,5/2/23,
3972,deli cup,M,19F_C_JA,5/16/23,
4517,deli cup,M,19F_C_JA,5/31/23,
3277,deli cup,M,19F_L,5/2/23,
3966,deli cup,M,19F_L,5/16/23,
4588,deli cup,M,19F_L,5/31/23,
3254,deli cup,M,19F_L_JA,5/2/23,
3968,deli cup,M,19F_L_JA,5/16/23,
4411,deli cup,M,19F_L_JA,5/31/23,
3353,deli cup,M,1C_C,5/2/23,
3369,deli cup,M,1C_C,5/2/23,
3864,deli cup,M,1C_C,5/16/23,
4609,deli cup,M,1C_C,5/31/23,
3819,deli cup,M,1C_C_JA,5/16/23,
4565,deli cup,M,1C_C_JA,5/31/23,
3357,deli cup,M,1C_L,5/2/23,
3865,deli cup,M,1C_L,5/16/23,
3350,deli cup,M,1C_L_JA,5/2/23,
3847,deli cup,M,1C_L_JA,5/16/23,
4580,deli cup,M,1C_L_JA,5/31/23,
3341,deli cup,M,1F_C,5/2/23,
3855,deli cup,M,1F_C,5/16/23,
3379,deli cup,M,1F_C_JA,5/2/23,
3861,deli cup,M,1F_C_JA,5/16/23,
4595,deli cup,M,1F_C_JA,5/31/23,
3365,deli cup,M,1F_L,5/2/23,
3848,deli cup,M,1F_L,5/16/23,
4618,deli cup,M,1F_L,5/31/23,
3364,deli cup,M,1F_L_JA,5/2/23,
3858,deli cup,M,1F_L_JA,5/16/23,
4605,deli cup,M,1F_L_JA,5/31/23,
3263,deli cup,M,20C_C,5/2/23,
3767,deli cup,M,20C_C,5/16/23,
4493,deli cup,M,20C_C,5/31/23,
3292,deli cup,M,20C_C_JA,5/2/23,
3759,deli cup,M,20C_C_JA,5/16/23,
4608,deli cup,M,20C_C_JA,5/31/23,
3276,deli cup,M,20C_L,5/2/23,
3753,deli cup,M,20C_L,5/16/23,
4459,deli cup,M,20C_L,5/31/23,
3273,deli cup,M,20C_L_JA,5/2/23,
3797,deli cup,M,20C_L_JA,5/16/23,
4363,deli cup,M,20C_L_JA,5/31/23,
3309,deli cup,M,20M_C,5/2/23,
3794,deli cup,M,20M_C,5/16/23,
4390,deli cup,M,20M_C,5/31/23,
3296,deli cup,M,20M_C_JA,5/2/23,
3762,deli cup,M,20M_C_JA,5/16/23,
4414,deli cup,M,20M_C_JA,5/31/23,
3300,deli cup,M,20M_L,5/2/23,
3765,deli cup,M,20M_L,5/16/23,
4598,deli cup,M,20M_L,5/31/23,
3302,deli cup,M,20M_L_JA,5/2/23,
3758,deli cup,M,20M_L_JA,5/16/23,
4534,deli cup,M,20M_L_JA,5/31/23,
3924,deli cup,M,21AM_C,5/16/23,
4647,deli cup,M,21AM_C,5/31/23,
3453,deli cup,M,21AM_L,5/2/23,
3933,deli cup,M,21AM_L,5/16/23,
4653,deli cup,M,21AM_L,5/31/23,
3964,deli cup,M,21C_C,5/16/23,
4590,deli cup,M,21C_C,5/31/23,
3415,deli cup,M,21C_L,5/2/23,
3913,deli cup,M,21C_L,5/16/23,
4629,deli cup,M,21C_L,5/31/23,
3270,deli cup,M,22C_C,5/2/23,
3917,deli cup,M,22C_C,5/16/23,
4352,deli cup,M,22C_C,5/31/23,
3264,deli cup,M,22C_C_JA,5/2/23,
3931,deli cup,M,22C_C_JA,5/16/23,
4558,deli cup,M,22C_C_JA,5/31/23,
3259,deli cup,M,22C_L,5/2/23,
3927,deli cup,M,22C_L,5/16/23,
4500,deli cup,M,22C_L,5/31/23,
3247,deli cup,M,22C_L_JA,5/2/23,
3930,deli cup,M,22C_L_JA,5/16/23,
4456,deli cup,M,22C_L_JA,5/31/23,
3271,deli cup,M,22M_C,5/2/23,
3920,deli cup,M,22M_C,5/16/23,
4501,deli cup,M,22M_C,5/31/23,
3246,deli cup,M,22M_C_JA,5/2/23,
3919,deli cup,M,22M_C_JA,5/16/23,
4535,deli cup,M,22M_C_JA,5/31/23,
3260,deli cup,M,22M_L,5/2/23,
3918,deli cup,M,22M_L,5/16/23,
4518,deli cup,M,22M_L,5/31/23,
3253,deli cup,M,22M_L_JA,5/2/23,
3916,deli cup,M,22M_L_JA,5/16/23,
4491,deli cup,M,22M_L_JA,5/31/23,
3256,deli cup,M,23C_C,5/2/23,
3898,deli cup,M,23C_C,5/16/23,
4516,deli cup,M,23C_C,5/31/23,
3252,deli cup,M,23C_C_JA,5/2/23,
3890,deli cup,M,23C_C_JA,5/16/23,
4464,deli cup,M,23C_C_JA,5/31/23,
3245,deli cup ,M,23C_L,5/2/23,
3894,deli cup,M,23C_L,5/16/23,
4502,deli cup,M,23C_L,5/31/23,
3255,deli cup,M,23C_L_JA,5/2/23,
3891,deli cup,M,23C_L_JA,5/16/23,
4455,deli cup,M,23C_L_JA,5/31/23,
3893,deli cup,M,23M_C,5/16/23,
4661,deli cup,M,23M_C,5/31/23,
3269,deli cup,M,23M_C_JA,5/2/23,
3838,deli cup,M,23M_C_JA,5/16/23,
4557,deli cup,M,23M_C_JA,5/31/23,
3267,deli cup,M,23M_L,5/2/23,
3272,deli cup,M,23M_L,5/2/23,
3896,deli cup,M,23M_L,5/16/23,
4418,deli cup,M,23M_L,5/31/23,
3257,deli cup,M,23M_L_JA,5/2/23,
3836,deli cup,M,23M_L_JA,5/16/23,
4370,deli cup,M,23M_L_JA,5/31/23,
3258,deli cup,M,24C_C,5/2/23,
3967,deli cup,M,24C_C,5/16/23,
4509,deli cup,M,24C_C,5/31/23,
3265,deli cup,M,24C_C_JA,5/2/23,
4599,deli cup,M,24C_C_JA,5/31/23,
3249,deli cup,M,24C_L,5/2/23,
3947,deli cup,M,24C_L,5/16/23,
4494,deli cup,M,24C_L,5/31/23,
3248,deli cup,M,24C_L_JA,5/2/23,
3982,deli cup,M,24C_L_JA,5/16/23,
4383,deli cup,M,24C_L_JA,5/31/23,
3278,deli cup,M,24F_C,5/2/23,
3977,deli cup,M,24F_C,5/16/23,
4559,deli cup,M,24F_C,5/31/23,
3250,deli cup,M,24F_C_JA,5/2/23,
3969,deli cup,M,24F_C_JA,5/16/23,
3980,deli cup,M,24F_C_JA,5/16/23,
4367,deli cup,M,24F_C_JA,5/31/23,
3266,deli cup,M,24F_L,5/2/23,
3976,deli cup,M,24F_L,5/16/23,
4556,deli cup,M,24F_L,5/31/23,
3366,deli cup,M,24F_L_JA,5/2/23,
3973,deli cup,M,24F_L_JA,5/16/23,
4616,deli cup,M,24F_L_JA,5/31/23,
3706,deli cup,M,25A_C,5/16/23,
4497,deli cup,M,25A_C,5/31/23,
3424,deli cup,M,25A_L,5/2/23,
3708,deli cup,M,25A_L,5/16/23,
4449,deli cup,M,25A_L,5/31/23,
4035,deli cup,M,25C_C,5/16/23,
4574,deli cup,M,25C_C,5/31/23,
3434,deli cup,M,25C_L,5/2/23,
4040,deli cup,M,25C_L,5/16/23,
4489,deli cup,M,25C_L,5/31/23,
3386,deli cup,M,26C_C,5/2/23,
3899,deli cup,M,26C_C,5/16/23,
3387,deli cup,M,26C_C_JA,5/2/23,
3892,deli cup,M,26C_C_JA,5/16/23,
4419,deli cup,M,26C_C_JA,5/31/23,
3402,deli cup,M,26C_L,5/2/23,
3835,deli cup,M,26C_L,5/16/23,
4361,deli cup,M,26C_L,5/31/23,
3396,deli cup,M,26C_L_JA,5/2/23,
3897,deli cup,M,26C_L_JA,5/16/23,
4467,deli cup,M,26C_L_JA,5/31/23,
3406,deli cup,M,26M_C,5/2/23,
3904,deli cup,M,26M_C,5/16/23,
4415,deli cup,M,26M_C,5/31/23,
3405,deli cup,M,26M_C_JA,5/2/23,
3905,deli cup,M,26M_C_JA,5/16/23,
4357,deli cup,M,26M_C_JA,5/31/23,
3388,deli cup,M,26M_L,5/2/23,
3909,deli cup,M,26M_L,5/16/23,
4384,deli cup,M,26M_L,5/31/23,
3397,deli cup,M,26M_L_JA,5/2/23,
3906,deli cup,M,26M_L_JA,5/16/23,
4353,deli cup,M,26M_L_JA,5/31/23,
3912,deli cup,M,27AM_C,5/16/23,
4576,deli cup,M,27AM_C,5/31/23,
3441,deli cup,M,27AM_L,5/2/23,
3921,deli cup,M,27AM_L,5/16/23,
4631,deli cup,M,27AM_L,5/31/23,
3948,deli cup,M,27C_C,5/16/23,
4621,deli cup,M,27C_C,5/31/23,
3426,deli cup,M,27C_L,5/2/23,
3922,deli cup,M,27C_L,5/16/23,
4573,deli cup,M,27C_L,5/31/23,
4030,deli cup,M,28A_C,5/16/23,
4425,deli cup,M,28A_C,5/31/23,
3435,deli cup,M,28A_L,5/2/23,
4028,deli cup,M,28A_L,5/16/23,
4611,deli cup,M,28A_L,5/31/23,
3730,deli cup,M,28C_C,5/16/23,
4485,deli cup,M,28C_C,5/31/23,
3421,deli cup,M,28C_L,5/2/23,
3719,deli cup,M,28C_L,5/16/23,
4539,deli cup,M,28C_L,5/31/23,
3404,deli cup,M,29C_C,5/2/23,
3884,deli cup,M,29C_C,5/16/23,
4344,deli cup,M,29C_C,5/31/23,
3399,deli cup,M,29C_C_JA,5/2/23,
3895,deli cup,M,29C_C_JA,5/16/23,
4514,deli cup,M,29C_C_JA,5/31/23,
3410,deli cup,M,29C_L,5/2/23,
4510,deli cup,M,29C_L,5/31/23,
3243,deli cup,M,29C_L_JA,5/2/23,"by accident these traps where never set up, therefore. deli. cup eempty"
3908,deli cup,M,29C_L_JA,5/16/23,
4578,deli cup,M,29C_L_JA,5/31/23,
3395,deli cup,M,29M_C,5/2/23,
3888,deli cup,M,29M_C,5/16/23,
4511,deli cup,M,29M_C,5/31/23,
3401,deli cup,M,29M_C_JA,5/2/23,
3880,deli cup,M,29M_C_JA,5/16/23,
4507,deli cup,M,29M_C_JA,5/31/23,
3411,deli cup,M,29M_L,5/2/23,
3907,deli cup,M,29M_L,5/16/23,
4435,deli cup,M,29M_L,5/31/23,
3244,deli cup,M,29M_L_JA,5/2/23,"by accident these traps where never set up, therefore deli cup empty"
3883,deli cup,M,29M_L_JA,5/16/23,
4520,deli cup,M,29M_L_JA,5/31/23,
3713,deli cup,M,2A_C,5/16/23,
4480,deli cup,M,2A_C,5/31/23,
3442,deli cup,M,2A_L,5/2/23,
3722,deli cup,M,2A_L,5/16/23,
4613,deli cup,M,2A_L,5/31/23,
4031,deli cup,M,2C_C,5/16/23,
4473,deli cup,M,2C_C,5/31/23,
3460,deli cup,M,2C_L,5/2/23,
3714,deli cup,M,2C_L,5/16/23,
4525,deli cup,M,2C_L,5/31/23,
3412,deli cup,M,30C_C,5/2/23,
3981,deli cup,M,30C_C,5/16/23,
4533,deli cup,M,30C_C,5/31/23,
3409,deli cup,M,30C_C_JA,5/2/23,
3974,deli cup,M,30C_C_JA,5/16/23,
4373,deli cup,M,30C_C_JA,5/31/23,
3384,deli cup,M,30C_L,5/2/23,
3979,deli cup,M,30C_L,5/16/23,
4515,deli cup,M,30C_L,5/31/23,
3413,deli cup,M,30C_L_JA,5/2/23,
3756,deli cup,M,30C_L_JA,5/16/23,
4374,deli cup,M,30C_L_JA,5/31/23,
3407,deli cup,M,30F_C,5/2/23,
3978,deli cup,M,30F_C,5/16/23,
4359,deli cup,M,30F_C,5/31/23,
3394,deli cup,M,30F_C_JA,5/2/23,
3754,deli cup,M,30F_C_JA,5/16/23,
4504,deli cup,M,30F_C_JA,5/31/23,
3390,deli cup,M,30F_L,5/2/23,
3970,deli cup,M,30F_L,5/16/23,
4465,deli cup,M,30F_L,5/31/23,
3398,deli cup,M,30F_L_JA,5/2/23,
3751,deli cup,M,30F_L_JA,5/16/23,
4536,deli cup,M,30F_L_JA,5/31/23,
3953,deli cup,M,31AM_C,5/16/23,
4660,deli cup,M,31AM_C,5/31/23,
3433,deli cup,M,31AM_L,5/2/23,
3962,deli cup,M,31AM_L,5/16/23,
4650,deli cup,M,31AM_L,5/31/23,
3939,deli cup,M,31C_C,5/16/23,
4329,deli cup,M,31C_C,5/31/23,
4570,deli cup,M,31C_C,5/31/23,
4323,deli cup,M,31C_C_JA,5/31/23,
3420,deli cup,M,31C_L,5/2/23,
3949,deli cup,M,31C_L,5/16/23,
4328,deli cup,M,31C_L,5/31/23,
4635,deli cup,M,31C_L,5/31/23,
4349,deli cup,M,31C_L_JA,5/31/23,
4324,deli cup,M,31F_C,5/31/23,
4346,deli cup,M,31F_C_JA,5/31/23,
4408,deli cup,M,31F_L,5/31/23,
4385,deli cup,M,31F_L_JA,5/31/23,
3408,deli cup,M,32C_C,5/2/23,
3901,deli cup,M,32C_C,5/16/23,
3400,deli cup,M,32C_C_JA,5/2/23,
3903,deli cup,M,32C_C_JA,5/16/23,
3385,deli cup,M,32C_L,5/2/23,
3900,deli cup,M,32C_L,5/16/23,
3389,deli cup,M,32C_L_JA,5/2/23,
3911,deli cup,M,32C_L_JA,5/16/23,
3403,deli cup,M,32F_C,5/2/23,
3886,deli cup,M,32F_C,5/16/23,
3391,deli cup,M,32F_C_JA,5/2/23,
3889,deli cup,M,32F_C_JA,5/16/23,
3393,deli cup,M,32F_L,5/2/23,
3882,deli cup,M,32F_L,5/16/23,
3392,deli cup,M,32F_L_JA,5/2/23,
3887,deli cup,M,32F_L_JA,5/16/23,
4026,deli cup,M,33A_C,5/16/23,
4469,deli cup,M,33A_C,5/31/23,
3419,deli cup,M,33A_L,5/2/23,
3711,deli cup,M,33A_L,5/16/23,
4463,deli cup,M,33A_L,5/31/23,
3743,deli cup,M,33C_C,5/16/23,
4484,deli cup,M,33C_C,5/31/23,
3417,deli cup,M,33C_L,5/2/23,
3733,deli cup,M,33C_L,5/16/23,
4568,deli cup,M,33C_L,5/31/23,
3541,deli cup,M,34C_C,5/2/23,
3879,deli cup,M,34C_C,5/16/23,
4430,deli cup,M,34C_C,5/31/23,
3491,deli cup,M,34C_C_JA,5/2/23,
3902,deli cup,M,34C_C_JA,5/16/23,
4326,deli cup,M,34C_C_JA,5/31/23,
3540,deli cup,M,34C_L,5/2/23,
4333,deli cup,M,34C_L,5/31/23,
3915,deli cup,M,34C_L ,5/16/23,
3510,deli cup,M,34C_L_JA,5/2/23,
3923,deli cup,M,34C_L_JA,5/16/23,
4322,deli cup,M,34C_L_JA,5/31/23,
3497,deli cup,M,34F_C,5/2/23,
3910,deli cup,M,34F_C,5/16/23,
4315,deli cup,M,34F_C,5/31/23,
3479,deli cup,M,34F_C_JA,5/2/23,
3881,deli cup,M,34F_C_JA,5/16/23,
4442,deli cup,M,34F_C_JA,5/31/23,
3474,deli cup,M,34F_L,5/2/23,
3914,deli cup,M,34F_L,5/16/23,
4318,deli cup,M,34F_L,5/31/23,
3475,deli cup,M,34F_L_JA,5/2/23,
3885,deli cup,M,34F_L_JA,5/16/23,
4372,deli cup,M,34F_L_JA,5/31/23,
3516,deli cup,M,35C_C,5/2/23,
4011,deli cup,M,35C_C,5/16/23,
4395,deli cup,M,35C_C,5/31/23,
3477,deli cup,M,35C_C_JA,5/2/23,
4017,deli cup,M,35C_C_JA,5/16/23,
4436,deli cup,M,35C_C_JA,5/31/23,
3515,deli cup,M,35C_L,5/2/23,
4018,deli cup,M,35C_L,5/16/23,
4355,deli cup,M,35C_L,5/31/23,
3539,deli cup,M,35C_L_JA,5/2/23,
4012,deli cup,M,35C_L_JA,5/16/23,
4340,deli cup,M,35C_L_JA,5/31/23,
3532,deli cup,M,35M_C,5/2/23,
4022,deli cup,M,35M_C,5/16/23,
4347,deli cup,M,35M_C,5/31/23,
3512,deli cup,M,35M_C_JA,5/2/23,
4016,deli cup,M,35M_C_JA,5/16/23,
4407,deli cup,M,35M_C_JA,5/31/23,
3498,deli cup,M,35M_L,5/2/23,
4007,deli cup,M,35M_L,5/16/23,
4341,deli cup,M,35M_L,5/31/23,
3492,deli cup,M,35M_L_JA,5/2/23,
4014,deli cup,M,35M_L_JA,5/16/23,
4317,deli cup,M,35M_L_JA,5/31/23,
3536,deli cup,M,36C_C,5/2/23,
3772,deli cup,M,36C_C,5/16/23,
4391,deli cup,M,36C_C,5/31/23,
4445,deli cup,M,36C_C,5/31/23,
3478,deli cup,M,36C_C_JA,5/2/23,
3784,deli cup,M,36C_C_JA,5/16/23,
4512,deli cup,M,36C_C_JA,5/31/23,
3519,deli cup,M,36C_L,5/2/23,
3777,deli cup,M,36C_L,5/16/23,
4439,deli cup,M,36C_L,5/31/23,
3496,deli cup,M,36C_L_JA,5/2/23,
3780,deli cup,M,36C_L_JA,5/16/23,
4371,deli cup,M,36C_L_JA,5/31/23,
3495,deli cup,M,36F_C,5/2/23,
3774,deli cup,M,36F_C,5/16/23,
4354,deli cup,M,36F_C,5/31/23,
3499,deli cup,M,36F_C_JA,5/2/23,
3778,deli cup,M,36F_C_JA,5/16/23,
4320,deli cup,M,36F_C_JA,5/31/23,
3517,deli cup,M,36F_L,5/2/23,
3831,deli cup,M,36F_L,5/16/23,
4409,deli cup,M,36F_L,5/31/23,
3514,deli cup,M,36F_L_JA,5/2/23,
3776,deli cup,M,36F_L_JA,5/16/23,
4441,deli cup,M,36F_L_JA,5/31/23,
3936,deli cup,M,37AM_C,5/16/23,
4641,deli cup,M,37AM_C,5/31/23,
3430,deli cup,M,37AM_L,5/2/23,
3940,deli cup,M,37AM_L,5/16/23,
4481,deli cup,M,37AM_L,5/31/23,
3926,deli cup,M,37C_C,5/16/23,
4643,deli cup,M,37C_C,5/31/23,
3418,deli cup,M,37C_L,5/2/23,
3925,deli cup,M,37C_L,5/16/23,
4645,deli cup,M,37C_L,5/31/23,
3538,deli cup,M,38C_C,5/2/23,
3998,deli cup,M,38C_C,5/16/23,
4312,deli cup,M,38C_C,5/31/23,
3535,deli cup,M,38C_C_JA,5/2/23,
3996,deli cup,M,38C_C_JA,5/16/23,
4342,deli cup,M,38C_C_JA,5/31/23,
3527,deli cup,M,38C_L,5/2/23,
4013,deli cup,M,38C_L,5/16/23,
4377,deli cup,M,38C_L,5/31/23,
3526,deli cup,M,38C_L_JA,5/2/23,
4015,deli cup,M,38C_L_JA,5/16/23,
4319,deli cup,M,38C_L_JA,5/31/23,
3518,deli cup,M,38M_C,5/2/23,
3995,deli cup,M,38M_C,5/16/23,
4335,deli cup,M,38M_C,5/31/23,
3513,deli cup,M,38M_C_JA,5/2/23,
4010,deli cup,M,38M_C_JA,5/16/23,
4356,deli cup,M,38M_C_JA,5/31/23,
3531,deli cup,M,38M_L,5/2/23,
3997,deli cup,M,38M_L,5/16/23,
4334,deli cup,M,38M_L,5/31/23,
3476,deli cup,M,38M_L_JA,5/2/23,
3999,deli cup,M,38M_L_JA,5/16/23,
4325,deli cup,M,38M_L_JA,5/31/23,
3726,deli cup,M,39A_C,5/16/23,
4585,deli cup,M,39A_C,5/31/23,
3429,deli cup,M,39A_L,5/2/23,
3747,deli cup,M,39A_L,5/16/23,
4522,deli cup,M,39A_L,5/31/23,
3727,deli cup,M,39C_C,5/16/23,
4540,deli cup,M,39C_C,5/31/23,
3422,deli cup,M,39C_L,5/2/23,
3723,deli cup,M,39C_L,5/16/23,
4477,deli cup,M,39C_L,5/31/23,
3360,deli cup,M,3C_C,5/2/23,
3853,deli cup,M,3C_C,5/16/23,
4601,deli cup,M,3C_C,5/31/23,
3375,deli cup,M,3C_C_JA,5/2/23,
3383,deli cup,M,3C_C_JA,5/2/23,
3873,deli cup,M,3C_C_JA,5/16/23,
4625,deli cup,M,3C_C_JA,5/31/23,
3376,deli cup,M,3C_L,5/2/23,
3862,deli cup,M,3C_L,5/16/23,
4579,deli cup,M,3C_L,5/31/23,
3852,deli cup,M,3C_L_JA,5/16/23,
4560,deli cup,M,3C_L_JA,5/31/23,
3377,deli cup,M,3M_C,5/2/23,
3849,deli cup,M,3M_C,5/16/23,
4636,deli cup,M,3M_C,5/31/23,
3316,deli cup,M,3M_C_JA,5/2/23,
3816,deli cup,M,3M_C_JA,5/16/23,
4600,deli cup,M,3M_C_JA,5/31/23,
3374,deli cup,M,3M_L,5/2/23,
3876,deli cup,M,3M_L,5/16/23,
4584,deli cup,M,3M_L,5/31/23,
3372,deli cup,M,3M_L_JA,5/2/23,
3851,deli cup,M,3M_L_JA,5/16/23,
4622,deli cup,M,3M_L_JA,5/31/23,
3528,deli cup,M,40C_C,5/2/23,
4002,deli cup,M,40C_C,5/16/23,
4331,deli cup,M,40C_C,5/31/23,
3537,deli cup,M,40C_C_JA,5/2/23,
4009,deli cup,M,40C_C_JA,5/16/23,
4327,deli cup,M,40C_C_JA,5/31/23,
3530,deli cup,M,40C_L,5/2/23,
4024,deli cup,M,40C_L,5/16/23,
4397,deli cup,M,40C_L,5/31/23,
3473,deli cup,M,40C_L_JA,5/2/23,
4004,deli cup,M,40C_L_JA,5/16/23,
4406,deli cup,M,40C_L_JA,5/31/23,
3534,deli cup,M,40M_C,5/2/23,
3993,deli cup,M,40M_C,5/16/23,
4338,deli cup,M,40M_C,5/31/23,
3494,deli cup,M,40M_C_JA,5/2/23,
4019,deli cup,M,40M_C_JA,5/16/23,
4400,deli cup,M,40M_C_JA,5/31/23,no seeds
3533,deli cup,M,40M_L,5/2/23,
4003,deli cup,M,40M_L,5/16/23,
4405,deli cup,M,40M_L,5/31/23,
3529,deli cup,M,40M_L_JA,5/2/23,
4000,deli cup,M,40M_L_JA,5/16/23,
4337,deli cup,M,40M_L_JA,5/31/23,
3505,deli cup,M,41C_C,5/2/23,
3825,deli cup,M,41C_C,5/16/23,
4393,deli cup,M,41C_C,5/31/23,
3467,deli cup,M,41C_C_JA,5/2/23,
3829,deli cup,M,41C_C_JA,5/16/23,
4447,deli cup,M,41C_C_JA,5/31/23,
3465,deli cup,M,41C_L,5/2/23,
3782,deli cup,M,41C_L,5/16/23,
3830,deli cup,M,41C_L,5/16/23,
4376,deli cup,M,41C_L,5/31/23,
3504,deli cup,M,41C_L_JA,5/2/23,
4381,deli cup,M,41C_L_JA,5/31/23,
3501,deli cup,M,41F_C,5/2/23,
3773,deli cup,M,41F_C,5/16/23,
4351,deli cup,M,41F_C ,5/31/23,
3506,deli cup,M,41F_C_JA,5/2/23,
3786,deli cup,M,41F_C_JA,5/16/23,
4380,deli cup,M,41F_C_JA,5/31/23,
3468,deli cup,M,41F_L,5/2/23,
3832,deli cup,M,41F_L,5/16/23,
4394,deli cup,M,41F_L,5/31/23,
3490,deli cup,M,41F_L_JA,5/2/23,
3775,deli cup,M,41F_L_JA,5/16/23,
4366,deli cup,M,41F_L_JA,5/31/23,
4006,deli cup,M,42A_C,5/16/23,
4470,deli cup,M,42A_C,5/31/23,
3436,deli cup,M,42A_L,5/2/23,
4005,deli cup,M,42A_L,5/16/23,
4577,deli cup,M,42A_L,5/31/23,
3994,deli cup,M,42C_C,5/16/23,
4424,deli cup,M,42C_C,5/31/23,
3416,deli cup,M,42C_L,5/2/23,
3728,deli cup,M,42C_L,5/16/23,
4460,deli cup,M,42C_L,5/31/23,
3462,deli cup,M,43C_C,5/2/23,
4023,deli cup,M,43C_C,5/16/23,
4398,deli cup,M,43C_C,5/31/23,
3450,deli cup,M,43C_C_JA,5/2/23,
3991,deli cup,M,43C_C_JA,5/16/23,
4379,deli cup,M,43C_C_JA,5/31/23,
3525,deli cup,M,43C_L,5/2/23,
3986,deli cup,M,43C_L,5/16/23,
4027,deli cup,M,43C_L,5/16/23,
4378,deli cup,M,43C_L,5/31/23,
3464,deli cup,M,43C_L_JA,5/2/23,
3984,deli cup,M,43C_L_JA,5/16/23,
4392,deli cup,M,43C_L_JA,5/31/23,
3500,deli cup,M,43M_C,5/2/23,
4001,deli cup,M,43M_C,5/16/23,
4360,deli cup,M,43M_C,5/31/23,
3502,deli cup,M,43M_C_JA,5/2/23,
3983,deli cup,M,43M_C_JA,5/16/23,
4433,deli cup,M,43M_C_JA,5/31/23,
3524,deli cup,M,43M_L,5/2/23,
4020,deli cup,M,43M_L,5/16/23,
4444,deli cup,M,43M_L,5/31/23,
3447,deli cup,M,43M_L_JA,5/2/23,
3985,deli cup,M,43M_L_JA,5/16/23,
4382,deli cup,M,43M_L_JA,5/31/23,
3937,deli cup,M,44AM_C,5/16/23,
4479,deli cup,M,44AM_C,5/31/23,no seeds
3414,deli cup,M,44AM_L,5/2/23,
3945,deli cup,M,44AM_L,5/16/23,
4649,deli cup,M,44AM_L,5/31/23,
3957,deli cup,M,44C_C,5/16/23,
4640,deli cup,M,44C_C,5/31/23,
3428,deli cup,M,44C_L,5/2/23,
3950,deli cup,M,44C_L,5/16/23,
4644,deli cup,M,44C_L,5/31/23,
3508,deli cup,M,45C_C,5/2/23,
3821,deli cup,M,45C_C,5/16/23,
4387,deli cup,M,45C_C,5/31/23,
3470,deli cup,M,45C_C_JA,5/2/23,
3788,deli cup,M,45C_C_JA,5/16/23,
4499,deli cup,M,45C_C_JA,5/31/23,
3522,deli cup,M,45C_L,5/2/23,
3822,deli cup,M,45C_L,5/16/23,
4503,deli cup,M,45C_L,5/31/23,
3483,deli cup,M,45C_L_JA,5/2/23,
3511,deli cup,M,45C_L_JA,5/2/23,
4375,deli cup,M,45C_L_JA,5/31/23,
3463,deli cup,M,45F_C,5/2/23,
3785,deli cup,M,45F_C,5/16/23,
4410,deli cup,M,45F_C,5/31/23,
3449,deli cup,M,45F_C_JA,5/2/23,
3824,deli cup,M,45F_C_JA,5/16/23,
4365,deli cup,M,45F_C_JA,5/31/23,
3461,deli cup,M,45F_L,5/2/23,
3781,deli cup,M,45F_L,5/16/23,
4554,deli cup,M,45F_L,5/31/23,
3789,deli cup,M,45F_L_JA,5/16/23,
3826,deli cup,M,45F_L_JA,5/16/23,
4431,deli cup,M,45F_L_JA,5/31/23,
3481,deli cup,M,46C_C,5/2/23,
3834,deli cup,M,46C_C,5/16/23,
4462,deli cup,M,46C_C,5/31/23,
3520,deli cup,M,46C_C_JA,5/2/23,
3839,deli cup,M,46C_C_JA,5/16/23,
4321,deli cup,M,46C_C_JA,5/31/23,
3448,deli cup,M,46C_L,5/2/23,
3828,deli cup,M,46C_L,5/16/23,
4389,deli cup,M,46C_L,5/31/23,
3523,deli cup,M,46C_L_JA,5/2/23,
3840,deli cup,M,46C_L_JA,5/16/23,
4314,deli cup,M,46C_L_JA,5/31/23,
3444,deli cup,M,46F_C,5/2/23,
3837,deli cup,M,46F_C,5/16/23,
4388,deli cup,M,46F_C,5/31/23,
3507,deli cup,M,46F_C_JA,5/2/23,
4423,deli cup,M,46F_C_JA,5/31/23,
3521,deli cup,M,46F_L,5/2/23,
3823,deli cup,M,46F_L,5/16/23,
4336,deli cup,M,46F_L,5/31/23,
3446,deli cup,M,46F_L_JA,5/2/23,
3827,deli cup,M,46F_L_JA,5/16/23,
3833,deli cup,M,46F_L_JA,5/16/23,
4476,deli cup,M,46F_L_JA,5/31/23,
3503,deli cup,M,47C_C,5/2/23,
3992,deli cup,M,47C_C,5/16/23,
4652,deli cup,M,47C_C,5/31/23,
3472,deli cup,M,47C_C_JA,5/2/23,
3989,deli cup,M,47C_C_JA,5/16/23,
4345,deli cup,M,47C_C_JA,5/31/23,
3509,deli cup,M,47C_L,5/2/23,
4538,deli cup,M,47C_L,5/31/23,
3493,deli cup,M,47C_L_JA,5/2/23,
3987,deli cup,M,47C_L_JA,5/16/23,
4482,deli cup,M,47C_L_JA,5/31/23,
3488,deli cup,M,47M_C,5/2/23,
3716,deli cup,M,47M_C,5/16/23,
4401,deli cup,M,47M_C,5/31/23,
3445,deli cup,M,47M_C_JA,5/2/23,
3988,deli cup,M,47M_C_JA,5/16/23,
4358,deli cup,M,47M_C_JA,5/31/23,
3486,deli cup,M,47M_L,5/2/23,
4025,deli cup,M,47M_L,5/16/23,
4521,deli cup,M,47M_L,5/31/23,
3487,deli cup,M,47M_L_JA,5/2/23,
3990,deli cup,M,47M_L_JA,5/16/23,
4348,deli cup,M,47M_L_JA,5/31/23,
3929,deli cup,M,48AM_C,5/16/23,
4416,deli cup,M,48AM_C,5/31/23,
3427,deli cup,M,48AM_L,5/2/23,
3952,deli cup,M,48AM_L,5/16/23,
4593,deli cup,M,48AM_L,5/31/23,
3944,deli cup,M,48C_C,5/16/23,
4648,deli cup,M,48C_C,5/31/23,
3437,deli cup,M,48C_L,5/2/23,
3951,deli cup,M,48C_L,5/16/23,
4639,deli cup,M,48C_L,5/31/23,
3489,deli cup,M,49C_C,5/2/23,
3771,deli cup,M,49C_C,5/16/23,
4417,deli cup,M,49C_C ,5/31/23,
3485,deli cup,M,49C_C_JA,5/2/23,
3750,deli cup,M,49C_C_JA,5/16/23,
4434,deli cup,M,49C_C_JA,5/31/23,
3466,deli cup,M,49C_L,5/2/23,
3737,deli cup,M,49C_L,5/16/23,
4404,deli cup,M,49C_L,5/31/23,
3484,deli cup,M,49C_L_JA,5/2/23,
3736,deli cup,M,49C_L_JA,5/16/23,
4402,deli cup,M,49C_L_JA,5/31/23,
3480,deli cup,M,49M_C,5/2/23,
3742,deli cup,M,49M_C,5/16/23,
4412,deli cup,M,49M_C,5/31/23,
3443,deli cup,M,49M_C_JA,5/2/23,
3740,deli cup,M,49M_C_JA,5/16/23,
4438,deli cup,M,49M_C_JA,5/31/23,
3469,deli cup,M,49M_L,5/2/23,
3779,deli cup,M,49M_L,5/16/23,
4428,deli cup,M,49M_L,5/31/23,
3482,deli cup,M,49M_L_JA,5/2/23,
3787,deli cup,M,49M_L_JA,5/16/23,
4426,deli cup,M,49M_L_JA,5/31/23,
3378,deli cup,M,4C_C,5/2/23,
3868,deli cup,M,4C_C,5/16/23,
4615,deli cup,M,4C_C,5/31/23,
3359,deli cup,M,4C_C_JA,5/2/23,
3870,deli cup,M,4C_C_JA,5/16/23,
4628,deli cup,M,4C_C_JA,5/31/23,
3356,deli cup,M,4C_L,5/2/23,
3867,deli cup,M,4C_L,5/16/23,
4592,deli cup,M,4C_L,5/31/23,
3361,deli cup,M,4C_L_JA,5/2/23,
3845,deli cup,M,4C_L_JA,5/16/23,
4634,deli cup,M,4C_L_JA,5/31/23,
3382,deli cup,M,4M_C,5/2/23,
4581,deli cup,M,4M_C,5/31/23,
3380,deli cup,M,4M_C_JA,5/2/23,
3877,deli cup,M,4M_C_JA,5/16/23,
4632,deli cup,M,4M_C_JA,5/31/23,
3373,deli cup,M,4M_L,5/2/23,
4575,deli cup,M,4M_L,5/31/23,
3381,deli cup,M,4M_L_JA,5/2/23,
3869,deli cup,M,4M_L_JA,5/16/23,
4603,deli cup,M,4M_L_JA,5/31/23,
4034,deli cup,M,50A_C,5/16/23,
4490,deli cup,M,50A_C,5/31/23,
3432,deli cup,M,50A_L,5/2/23,
4008,deli cup,M,50A_L,5/16/23,
4475,deli cup,M,50A_L,5/31/23,
3705,deli cup,M,50C_C,5/16/23,
4483,deli cup,M,50C_C,5/31/23,
3431,deli cup,M,50C_L,5/2/23,
4029,deli cup,M,50C_L,5/16/23,
4478,deli cup,M,50C_L,5/31/23,
3745,deli cup,M,51C_C,5/16/23,
4432,deli cup,M,51C_C,5/31/23,
3741,deli cup,M,51C_L,5/16/23,
4339,deli cup,M,51C_L,5/31/23,
3749,deli cup,M,51F_C,5/16/23,
4369,deli cup,M,51F_C,5/31/23,
3783,deli cup,M,51F_L,5/16/23,
4450,deli cup,M,51F_L,5/31/23,
3739,deli cup,M,52C_C,5/16/23,
4529,deli cup,M,52C_C,5/31/23,
3744,deli cup,M,52C_L,5/16/23,
4446,deli cup,M,52C_L,5/31/23,
3748,deli cup,M,52F_C,5/16/23,
4330,deli cup,M,52F_C,5/31/23,
3738,deli cup,M,52F_L,5/16/23,
4506,deli cup,M,52F_L,5/31/23,
3725,deli cup,M,53C_C,5/16/23,
4523,deli cup,M,53C_C,5/31/23,
3720,deli cup,M,53C_L,5/16/23,
4343,deli cup,M,53C_L,5/31/23,
3709,deli cup,M,53F_C,5/16/23,
4466,deli cup,M,53F_C,5/31/23,
3732,deli cup,M,53F_L,5/16/23,
4332,deli cup,M,53F_L,5/31/23,
3721,deli cup,M,54C_C,5/16/23,
4440,deli cup,M,54C_C,5/31/23,
3729,deli cup,M,54C_L,5/16/23,
4396,deli cup,M,54C_L,5/31/23,
3731,deli cup,M,54F_C,5/16/23,
4316,deli cup,M,54F_C,5/31/23,
3724,deli cup,M,54F_L,5/16/23,
4472,deli cup,M,54F_L,5/31/23,
4038,deli cup,M,55C_C,5/16/23,
4403,deli cup,M,55C_C,5/31/23,
3717,deli cup,M,55C_L,5/16/23,
4350,deli cup,M,55C_L,5/31/23,
3734,deli cup,M,55F_C,5/16/23,
4313,deli cup,M,55F_C,5/31/23,
3746,deli cup,M,55F_L,5/16/23,
4368,deli cup,M,55F_L,5/31/23,
3965,deli cup,M,5AM_C,5/16/23,
4655,deli cup,M,5AM_C,5/31/23,
3438,deli cup,M,5AM_L,5/2/23,
3938,deli cup,M,5AM_L,5/16/23,
4583,deli cup,M,5AM_L,5/31/23,
3932,deli cup,M,5C_C,5/16/23,
4594,deli cup,M,5C_C,5/31/23,
3455,deli cup,M,5C_L,5/2/23,
3954,deli cup,M,5C_L,5/16/23,
4537,deli cup,M,5C_L,5/31/23,
3872,deli cup,M,5M_C,5/16/23,
3850,deli cup,M,5M_L,5/16/23,
3956,deli cup,M,6AM_C,5/16/23,
4461,deli cup,M,6AM_C,5/31/23,
3457,deli cup,M,6AM_L,5/2/23,
3935,deli cup,M,6AM_L,5/16/23,
4563,deli cup,M,6AM_L,5/31/23,
3943,deli cup,M,6C_C,5/16/23,
4654,deli cup,M,6C_C,5/31/23,
3451,deli cup,M,6C_L,5/2/23,
3959,deli cup,M,6C_L,5/16/23,
4468,deli cup,M,6C_L,5/31/23,
3345,deli cup,M,7C_C,5/2/23,
3843,deli cup,M,7C_C,5/16/23,
4610,deli cup,M,7C_C,5/31/23,
3304,deli cup,M,7C_C_JA,5/2/23,
3844,deli cup,M,7C_C_JA,5/16/23,
4630,deli cup,M,7C_C_JA,5/31/23,
3319,deli cup,M,7C_L,5/2/23,
3817,deli cup,M,7C_L,5/16/23,
4589,deli cup,M,7C_L,5/31/23,
4604,deli cup,M,7C_L,5/31/23,
3315,deli cup,M,7C_L_JA,5/2/23,
3820,deli cup,M,7C_L_JA,5/16/23,
4602,deli cup,M,7C_L_JA,5/31/23,
3346,deli cup,M,7F_C,5/2/23,"by accident this trap was never set up, therefor deli cup empty."
4591,deli cup,M,7F_C,5/31/23,
4596,deli cup,M,7F_C,5/31/23,
3305,deli cup,M,7F_C_JA,5/2/23,
3860,deli cup,M,7F_C_JA,5/16/23,
4614,deli cup,M,7F_C_JA,5/31/23,
3347,deli cup,M,7F_L,5/2/23,
3871,deli cup,M,7F_L,5/16/23,
3878,deli cup,M,7F_L,5/16/23,"""cORN ABSENT SHOULD BE CORN"""
4572,deli cup,M,7F_L,5/31/23,
3313,deli cup,M,7F_L_JA,5/2/23,
3815,deli cup,M,7F_L_JA,5/16/23,
4564,deli cup,M,7F_L_JA,5/31/23,
3712,deli cup,M,8A_C,5/16/23,
4486,deli cup,M,8A_C,5/31/23,
3456,deli cup,M,8A_L,5/2/23,
4039,deli cup,M,8A_L,5/16/23,
4421,deli cup,M,8A_L,5/31/23,
3704,deli cup,M,8C_C,5/16/23,
4474,deli cup,M,8C_C,5/31/23,
3459,deli cup,M,8C_L,5/2/23,
4032,deli cup,M,8C_L,5/16/23,
4429,deli cup,M,8C_L,5/31/23,
3355,deli cup,M,9C_C,5/2/23,
3875,deli cup,M,9C_C,5/16/23,
4597,deli cup,M,9C_C,5/31/23,
3303,deli cup,M,9C_C_JA,5/2/23,
4033,deli cup,M,9C_C_JA,5/16/23,
4659,deli cup,M,9C_C_JA,5/31/23,
3312,deli cup,M,9C_L,5/2/23,
3857,deli cup,M,9C_L,5/16/23,
4606,deli cup,M,9C_L,5/31/23,
3362,deli cup,M,9C_L_JA,5/2/23,
4021,deli cup,M,9C_L_JA,5/16/23,
4561,deli cup,M,9C_L_JA,5/31/23,
3298,deli cup,M,9F_C,5/2/23,
3859,deli cup,M,9F_C,5/16/23,
4607,deli cup,M,9F_C,5/31/23,
3370,deli cup,M,9F_C_JA,5/2/23,
3863,deli cup,M,9F_C_JA,5/16/23,
4566,deli cup,M,9F_C_JA,5/31/23,
3367,deli cup,M,9F_L,5/2/23,
3874,deli cup,M,9F_L,5/16/23,
4657,deli cup,M,9F_L,5/31/23,
3854,deli cup,M,9F_L_JA,5/16/23,
4620,deli cup,M,9F_L_JA,5/31/23,
3003,deli cup,R,DIP_CUR,4/18/23,
3004,deli cup,R,DIP_CUR,4/18/23,
3015,sushi container ,R,DIP_CUR,4/18/23,
3016,sushi container ,R,DIP_CUR,4/18/23,
3229,sushi container,R,DIP_CUR,5/2/23,
3230,sushi container,R,DIP_CUR,5/2/23,
3241,deli cup,R,DIP_CUR,5/2/23,
3242,deli cup,R,DIP_CUR,5/2/23,
3689,deli cup,R,DIP_CUR,5/16/23,
3690,deli cup,R,DIP_CUR,5/16/23,
3698,sushi container ,R,DIP_CUR,5/16/23,
3699,sushi container,R,DIP_CUR,5/16/23,
4169,deli cup,R,DIP_CUR,5/19/23,removed early for planting. was in the ground from 5/16-5/19
4170,deli cup,R,DIP_CUR,5/19/23,removed early for planting. was in the ground from 5/16-5/19
4175,sushi container,R,DIP_CUR,5/19/23,removed early for planting. was in the ground from 5/16-5/19
4176,sushi container,R,DIP_CUR,5/19/23,removed early for planting. was in the ground from 5/16-5/19
4781,sushi container,R,DIP_CUR,6/2/23,
4782,sushi ocntainer,R,DIP_CUR,6/2/23,
4783,deli cup,R,DIP_CUR,6/2/23,
4784,deli cup,R,DIP_CUR,6/2/23,
3006,deli cup,R,DIP_FLE,4/18/23,
3008,deli cup,R,DIP_FLE,4/18/23,
3013,sushi container ,R,DIP_FLE,4/18/23,
3014,sushi container ,R,DIP_FLE,4/18/23,
3223,sushi container,R,DIP_FLE,5/2/23,
3224,sushi container,R,DIP_FLE,5/2/23,
3239,deli cup,R,DIP_FLE,5/2/23,
3240,deli cup,R,DIP_FLE,5/2/23,
3694,deli cup,R,DIP_FLE,5/16/23,
3695,deli cup,R,DIP_FLE,5/16/23,
3696,sushi container,R,DIP_FLE,5/16/23,
3697,sushi container,R,DIP_FLE,5/16/23,
4171,deli cup,R,DIP_FLE,5/23/23,removed one week early for planting
4172,deli cup,R,DIP_FLE,5/23/23,removed one week early for planting
4177,sushi container,R,DIP_FLE,5/23/23,removed one week early for planting
4178,sushi container,R,DIP_FLE,5/23/23,removed one week early for planting
5033,deli cup,R,DIP_FLE,6/6/23,
5034,deli cup,R,DIP_FLE,6/6/23,
5036,sushi container,R,DIP_FLE,6/6/23,
5037,sushi container,R,DIP_FLE,6/6/23,
3005,deli cup,R,DIP_PAT,4/18/23,
3007,deli cup,R,DIP_PAT,4/18/23,
3017,sushi container ,R,DIP_PAT,4/18/23,
3018,sushi container ,R,DIP_PAT,4/18/23,
3231,sushi container,R,DIP_PAT,5/2/23,
3232,sushi container,R,DIP_PAT,5/2/23,
3237,deli cup,R,DIP_PAT,5/2/23,
3238,deli cup,R,DIP_PAT,5/2/23,
3638,sushi contaianer,R,DIP_PAT,5/11/23,trap was only out for 9 days because field was planted may 11th. Anna moved the RA traps into the field May 11th
3639,sushi container,R,DIP_PAT,5/11/23,trap was only out for 9 days because field was planted may 11th. Anna moved the RA traps into the field May 11th
3652,deli cup,R,DIP_PAT,5/11/23,trap was only out for 9 days because field was planted may 11th. Anna moved the RA traps into the field May 11th
3653,deli cup,R,DIP_PAT,5/11/23,trap was only out for 9 days because field was planted may 11th. Anna moved the RA traps into the field May 11th
3692,deli cup,R,DIP_PAT,5/16/23,
3693,deli cup,R,DIP_PAT,5/16/23,
3700,sushi container,R,DIP_PAT,5/16/23,
3701,sushi container,R,DIP_PAT,5/16/23,
4275,sushi container,R,DIP_PAT,5/25/23,
4276,sushi container,R,DIP_PAT,5/25/23,
4277,deli cup,R,DIP_PAT,5/25/23,
4278,deli cup,R,DIP_PAT,5/25/23,
3011,deli cup,R,GAB_ALL,4/17/23,
3012,deli cup,R,GAB_ALL,4/17/23,
3021,sushi container ,R,GAB_ALL,4/17/23,
3022,sushi container ,R,GAB_ALL,4/17/23,
3330,sushi container,R,GAB_ALL,5/1/23,
3331,sushic container,R,GAB_ALL,5/1/23,
3332,deli cup,R,GAB_ALL,5/1/23,
3333,deli cup,R,GAB_ALL,5/1/23,
4076,sushi container,R,GAB_ALL,5/15/23,
4077,sushi container,R,GAB_ALL,5/15/23,
4115,deli cup,R,GAB_ALL,5/15/23,
4116,deli cup,R,GAB_ALL,5/15/23,
4545,sushi container,R,GAB_ALL,5/26/23,
4546,sushi container,R,GAB_ALL,5/26/23,
4547,deli cup,R,GAB_ALL,5/26/23,
4550,deli cup,R,GAB_ALL,5/26/23,
3009,deli cup,R,GAB_STE,4/17/23,
3010,deli cup,R,GAB_STE,4/17/23,
3023,sushi container ,R,GAB_STE,4/17/23,
3024,sushi container ,R,GAB_STE,4/17/23,
3328,sushi container,R,GAB_STE,5/1/23,
3329,sushi container,R,GAB_STE,5/1/23,
3334,deli cup,R,GAB_STE,5/1/23,
3335,deli cup,R,GAB_STE,5/1/23,
4078,sushi container,R,GAB_STE,5/15/23,
4079,sushi container,R,GAB_STE,5/15/23,
4085,deli cup,R,GAB_STE,5/15/23,
4114,deli cup,R,GAB_STE,5/15/23,
4541,sushi container,R,GAB_STE,5/26/23,
4542,sushi container,R,GAB_STE,5/26/23,
4551,deli cup,R,GAB_STE,5/26/23,
4552,deli cup,R,GAB_STE,5/26/23,
5006,deli cup,R,WIS_LAB_1,6/5/23,
5014,deli cup,R,WIS_LAB_1,6/5/23,
5016,sushi container,R,WIS_LAB_1,6/5/23,
5020,sushi container,R,WIS_LAB_2,6/5/23,
3628,sushi container,R,LET_NOB,5/8/23,
3629,sushi container,R,LET_NOB,5/8/23,
3676,deli cup,R,LET_NOB,5/8/23,
3677,deli cup,R,LET_NOB,5/8/23,
4054,sushi container,R,LET_NOB,5/16/23,
4055,sushi container,R,LET_NOB,5/16/23,
4100,deli cup,R,LET_NOB,5/16/23,
4102,deli cup,R,LET_NOB,5/16/23,
4871,sushi container,R,LET_NOB,6/1/23,
4872,sushi container,R,LET_NOB,6/1/23,
4918,deli cup,R,LET_NOB,6/1/23,
4921,deli cup,R,LET_NOB,6/1/23,
3154,sushi container,R,LET_NOB,4/24/23,
3156,sushi container,R,LET_NOB,4/24/23,
3158,delia cup,R,LET_NOB,4/24/23,
3161,deli cup,R,LET_NOB,4/24/23,
3626,sushi container,R,LET_TAB,5/8/23,
3627,sushi container,R,LET_TAB,5/8/23,
3674,deli cup,R,LET_TAB,5/8/23,
3675,deli cup,R,LET_TAB,5/8/23,
4194,deli cup,R,LET_TAB,5/23/23,
4195,deli cup,R,LET_TAB,5/23/23,
3155,sushi container,R,LET_TAB,4/24/23,
3157,sushi container,R,LET_TAB,4/24/23,
3159,deli cup,R,LET_TAB,4/24/23,
3160,deli cup,R,LET_TAB,4/24/23,
3145,sushi container,R,MIL_CHA,4/27/23,
3146,sushi container,R,MIL_CHA,4/27/23,
3152,deli cup,R,MIL_CHA,4/27/23,
3644,sushi container,R,MIL_CHA,5/11/23,
3645,sushi container,R,MIL_CHA,5/11/23,
3666,deli cup,R,MIL_CHA,5/11/23,
3671,deli cup,R,MIL_CHA,5/11/23,
4787,sushi container,R,MIL_CHA,5/26/23,
4791,sushi container,R,MIL_CHA,5/26/23,
4798,deli cup,R,MIL_CHA,5/26/23,
4801,deli cup,R,MIL_CHA,5/26/23,
5098,deli cup,R,MIL_CHA,6/9/23,
5099,deli cup,R,MIL_CHA,6/9/23,
5119,sushi container,R,MIL_CHA,6/9/23,
5121,sushi container,R,MIL_CHA,6/9/23,
3143,sushi container,R,MIL_MCC,4/27/23,
3144,sushi container,R,MIL_MCC,4/27/23,
3149,deli cup,R,MIL_MCC,4/27/23,
3150,deli cup,R,MIL_MCC,4/27/23,
3642,sushi container,R,MIL_MCC,5/11/23,
3643,sushi container,R,MIL_MCC,5/11/23,
3667,deli cup,R,MIL_MCC,5/11/23,
3673,deli cup,R,MIL_MCC,5/11/23,
4788,sushi container,R,MIL_MCC,5/26/23,
4789,sushi container,R,MIL_MCC,5/26/23,
4799,deli cup,R,MIL_MCC,5/26/23,
4800,deli cup,R,MIL_MCC,5/26/23,
5097,deli cup,R,MIL_MCC,6/9/23,
5100,deli cup,R,MIL_MCC,6/9/23,
5120,sushi container,R,MIL_MCC,6/9/23,
5124,sushi container,R,MIL_MCC,6/9/23,
3147,sushi container,R,MIL_YOD,4/27/23,
3148,sushi container,R,MIL_YOD,4/27/23,
3151,deli cup,R,MIL_YOD,4/27/23,
3153,deli cup,R,MIL_YOD,4/27/23,
3646,sushi container,R,MIL_YOD,5/11/23,
3647,sushi container,R,MIL_YOD,5/11/23,
3668,deli cup,R,MIL_YOD,5/11/23,
3672,deli cup,R,MIL_YOD,5/11/23,
4790,sushi container,R,MIL_YOD,5/26/23,
4792,sushi container,R,MIL_YOD,5/26/23,
4797,deli cup,R,MIL_YOD,5/26/23,
4802,deli cup,R,MIL_YOD,5/26/23,
5095,deli cup,R,MIL_YOD,6/9/23,
5096,deli cup,R,MIL_YOD,6/9/23,
5122,sushi container,R,MIL_YOD,6/9/23,
5123,sushi container,R,MIL_YOD,6/9/23,
3001,deli cup,R,POV_DUN,4/18/23,
3002,deli cup,R,POV_DUN,4/18/23,
3019,sushi container ,R,POV_DUN,4/18/23,
3020,sushi container ,R,POV_DUN,4/18/23,
3227,sushi container,R,POV_DUN,5/2/23,
3228,sushi container,R,POV_DUN,5/2/23,
3235,deli cup,R,POV_DUN,5/2/23,
3236,deli cup,R,POV_DUN,5/2/23,
3688,deli cup,R,POV_DUN,5/16/23,
3691,deli cup,R,POV_DUN,5/16/23,
3702,sushi container,R,POV_DUN,5/16/23,
3703,sushi container,R,POV_DUN,5/16/23,
3324,sushi container,R,SEA_HOO,4/28/23,
3325,sushi container,R,SEA_HOO,4/28/23,wire mesh got tilled over/destroyed
3326,deli cup,R,SEA_HOO,4/28/23,wire mesh got tilled over/destroyed
3327,deli cup,R,SEA_HOO,4/28/23,wire mesh got tilled over/destroyed
4167,deli cup,R,SEA_HOO,5/17/23,
4168,deli cup,R,SEA_HOO,5/17/23,
4173,sushi container,R,SEA_HOO,5/17/23,
4174,sushi container,R,SEA_HOO,5/17/23,
4861,sushi container,R,SEA_HOO,5/17/23,
4862,sushi container,R,SEA_HOO,5/17/23,
4931,deli cup,R,SEA_HOO,5/31/23,
4932,deli cup,R,SEA_HOO,5/31/23,
3033,deli cup,R,SMI_CAN,4/17/23,
3034,deli cup,R,SMI_CAN,4/17/23,
3055,sushi container ,R,SMI_CAN,4/17/23,
3056,sushi container ,R,SMI_CAN,4/17/23,
3191,sushi container,R,SMI_CAN,5/1/23,
3192,sushi container,R,SMI_CAN,5/1/23,
3215,deli cup ,R,SMI_CAN,5/1/23,
3216,deli cup,R,SMI_CAN,5/1/23,
4048,sushi container,R,SMI_CAN,5/15/23,
4049,sushi container,R,SMI_CAN,5/15/23,
4086,deli cup,R,SMI_CAN,5/15/23,
4103,deli cup,R,SMI_CAN,5/15/23,
4863,sushi container,R,SMI_CAN,5/31/23,
4866,sushi container,R,SMI_CAN,5/31/23,
4919,deli cup,R,SMI_CAN,5/31/23,
4924,deli cup,R,SMI_CAN,5/31/23,
5109,deli cup,R,SMI_CAN,6/12/23,
5110,deli cup,R,SMI_CAN,6/12/23,
5127,sushi container,R,SMI_CAN,6/12/23,
5134,sushi container,R,SMI_CAN,6/12/23,
3043,deli cup,R,SMI_COB,4/17/23,
3044,deli cup,R,SMI_COB,4/17/23,
3059,sushi container ,R,SMI_COB,4/17/23,
3060,sushi container ,R,SMI_COB,4/17/23,
3201,sushi container,R,SMI_COB,5/1/23,
3202,sushi container,R,SMI_COB,5/1/23,
3213,deli cup,R,SMI_COB,5/1/23,
3214,deli cup,R,SMI_COB,5/1/23,
4068,sushi container,R,SMI_COB,5/15/23,
4069,sushi container,R,SMI_COB,5/15/23,
4092,deli cup,R,SMI_COB,5/15/23,
4098,deli cup,R,SMI_COB,5/15/23,
4875,sushi container,R,SMI_COB,5/30/23,
4881,sushi container,R,SMI_COB,5/30/23,
4909,deli cup,R,SMI_COB,5/30/23,
4910,deli cup,R,SMI_COB,5/30/23,
3039,deli cup,R,SMI_CRO,4/17/23,
3040,deli cup,R,SMI_CRO,4/17/23,
3053,sushi container ,R,SMI_CRO,4/17/23,
3054,sushi container ,R,SMI_CRO,4/17/23,
3199,sushi container,R,SMI_CRO,5/1/23,
3200,sushi container,R,SMI_CRO,5/1/23,
3209,deli cup,R,SMI_CRO,5/1/23,
3210,deli cup,R,SMI_CRO,5/1/23,
4066,sushi container,R,SMI_CRO,5/15/23,
4067,sushi container,R,SMI_CRO,5/15/23,
4088,deli cup,R,SMI_CRO,5/15/23,
4093,deli cup,R,SMI_CRO,5/15/23,
4859,sushi container,R,SMI_CRO,5/30/23,
4860,sushi container,R,SMI_CRO,5/30/23,
4927,deli cup,R,SMI_CRO,5/30/23,
4935,deli cup,R,SMI_CRO,5/30/23,
3025,deli cup,R,SMI_DOU,4/17/23,
3026,deli cup,R,SMI_DOU,4/17/23,
3047,sushi container ,R,SMI_DOU,4/17/23,
3048,sushi container ,R,SMI_DOU,4/17/23,
3193,sushi container,R,SMI_DOU,5/1/23,
3194,sushi container,R,SMI_DOU,5/1/23,
3207,deli cup,R,SMI_DOU,5/1/23,
3208,deli cup,R,SMI_DOU,5/1/23,
4046,sushi container,R,SMI_DOU,5/15/23,
4047,sushi container,R,SMI_DOU,5/15/23,
4106,deli cup,R,SMI_DOU,5/15/23,
4111,deli cup,R,SMI_DOU,5/15/23,
4868,sushi container,R,SMI_DOU,5/30/23,
4869,sushi container,R,SMI_DOU,5/30/23,
4923,deli cup,R,SMI_DOU,5/30/23,
4933,deli cup,R,SMI_DOU,5/30/23,
3037,deli cup,R,SMI_DUR,4/18/23,
3038,deli cup,R,SMI_DUR,4/18/23,
3061,sushi container ,R,SMI_DUR,4/18/23,
3062,sushi container ,R,SMI_DUR,4/18/23,
3558,sushi container,R,SMI_DUR,5/2/23,
3559,sushi container,R,SMI_DUR,5/2/23,
3570,deli cup,R,SMI_DUR,5/2/23,there are no seeds in this cup
3575,deli cup,R,SMI_DUR,5/2/23,
4074,sushi container,R,SMI_DUR,5/15/23,
4075,sushi container,R,SMI_DUR,5/15/23,
4080,deli cup,R,SMI_DUR,5/15/23,
4081,deli cup,R,SMI_DUR,5/15/23,
4885,sushi container,R,SMI_DUR,5/31/23,
4886,sushi container,R,SMI_DUR,5/31/23,
4928,deli cup,R,SMI_DUR,5/31/23,
4930,deli cup,R,SMI_DUR,5/31/23,
3029,deli cup,R,SMI_HOF,4/18/23,
3030,deli cup,R,SMI_HOF,4/18/23,
3063,sushi container ,R,SMI_HOF,4/18/23,
3064,sushi container ,R,SMI_HOF,4/18/23,
3552,sushi container,R,SMI_HOF,5/2/23,
3553,sushi container,R,SMI_HOF,5/2/23,
3573,deli cup,R,SMI_HOF,5/2/23,
3574,deli cup,R,SMI_HOF,5/2/23,
4050,sushi container,R,SMI_HOF,5/15/23,
4051,sushi container,R,SMI_HOF,5/15/23,
4113,deli cup,R,SMI_HOF,5/15/23,
5005,deli cup,R,SMI_HOF,5/15/23,
4876,sushi container,R,SMI_HOF,5/31/23,
4908,deli cup,R,SMI_HOF,5/31/23,
4917,deli cup,R,SMI_HOF,5/31/23,
5111,deli cup,R,SMI_HOF,6/14/23,
5112,deli cup,R,SMI_HOF,6/14/23,
5125,sushi container,R,SMI_HOF,6/14/23,
5128,sushi container,R,SMI_HOF,6/14/23,
3031,deli cup,R,SMI_HOL,4/17/23,
3032,deli cup,R,SMI_HOL,4/17/23,
3057,sushi container ,R,SMI_HOL,4/17/23,
3058,sushi container ,R,SMI_HOL,4/17/23,
3203,sushi container,R,SMI_HOL,5/1/23,
3204,sushi container,R,SMI_HOL,5/1/23,
3221,deli cup,R,SMI_HOL,5/1/23,
3222,deli cup,R,SMI_HOL,5/1/23,
4064,sushi container,R,SMI_HOL,5/15/23,
4065,sushi container,R,SMI_HOL,5/15/23,
4082,deli cup,R,SMI_HOL,5/15/23,
4099,deli cup,R,SMI_HOL,5/15/23,
4877,sushi container,R,SMI_HOL,5/30/23,
4878,sushi container,R,SMI_HOL,5/30/23,
4913,deli cup,R,SMI_HOL,5/30/23,
4916,deli cup,R,SMI_HOL,5/30/23,
5117,deli cup,R,SMI_HOL,6/12/23,
5118,deli cup,R,SMI_HOL,6/12/23,
5131,sushi container,R,SMI_HOL,6/12/23,
5133,sushi container,R,SMI_HOL,6/12/23,
4873,sushi container,R,SMI_HOF,5/31/23,
3065,deli cup,R,SMI_JOH,4/18/23,
3069,sushi container ,R,SMI_JOH,4/18/23,
3070,sushi container ,R,SMI_JOH,4/18/23,
3205,sushi container,R,SMI_JOH,5/1/23,
3206,sushi container,R,SMI_JOH,5/1/23,
3211,deli cup ,R,SMI_JOH,5/1/23,
3212,deli cup,R,SMI_JOH,5/1/23,
4072,sushi container,R,SMI_JOH,5/15/23,
4073,sushi container,R,SMI_JOH,5/15/23,
4083,deli cup,R,SMI_JOH,5/15/23,
4087,deli cup,R,SMI_JOH,5/15/23,
4879,sushi container,R,SMI_JOH,5/31/23,
4884,sushi container,R,SMI_JOH,5/31/23,
4914,deli cup,R,SMI_JOH,5/31/23,
4926,deli cup,R,SMI_JOH,5/31/23,
3066,deli cup,R,SMI_JOH_2,4/18/23,Don't know if this is JOH_!  or JOH_2
3067,deli cup,R,SMI_JOH_2,4/18/23,Don't know if this is JOH_!  or JOH_2 Two corn cups where labeled JOH_2
3068,deli cup,R,SMI_JOH_2,4/18/23,
3071,sushi container ,R,SMI_JOH_2,4/18/23,
3072,sushi container ,R,SMI_JOH_2,4/18/23,
3554,sushi container,R,SMI_JOH_2,5/2/23,
3555,sushi container,R,SMI_JOH_2,5/2/23,
3574,deli cup,R,SMI_JOH_2,5/2/23,
3575,deli cup,R,SMI_JOH_2,5/2/23,
4070,sushi container,R,SMI_JOH_2,5/15/23,
4071,sushi container,R,SMI_JOH_2,5/15/23,
4107,deli cup,R,SMI_JOH_2,5/15/23,
4109,deli cup,R,SMI_JOH_2,5/15/23,
4880,sushi container,R,SMI_JOH_2,5/31/23,
4883,sushi container,R,SMI_JOH_2,5/31/23,
4911,deli cup,R,SMI_JOH_2,5/31/23,
4925,deli cup,R,SMI_JOH_2,5/31/23,
5115,deli cup,R,SMI_JOH_2,6/13/23,
5116,deli cup,R,SMI_JOH_2,6/13/23,
5129,sushi container,R,SMI_JOH_2,6/13/23,
5132,sushi container,R,SMI_JOH_2,6/13/23,
3035,deli cup,R,SMI_KEL,4/17/23,
3036,deli cup,R,SMI_KEL,4/17/23,
3049,sushi container ,R,SMI_KEL,4/17/23,
3050,sushi container ,R,SMI_KEL,4/17/23,
3197,sushi container,R,SMI_KEL,5/1/23,
3198,sushi container,R,SMI_KEL,5/1/23,
3219,deli cup,R,SMI_KEL,5/1/23,
3220,deli cup,R,SMI_KEL,5/1/23,
4044,sushi container,R,SMI_KEL,5/15/23,
4045,sushi container,R,SMI_KEL,5/15/23,
4096,deli cup,R,SMI_KEL,5/15/23,
4108,deli cup,R,SMI_KEL,5/15/23,
4864,sushi container,R,SMI_KEL,5/30/23,
4865,sushi container,R,SMI_KEL,5/30/23,
4929,deli cup,R,SMI_KEL,5/30/23,
4934,deli cup,R,SMI_KEL,5/30/23,
5113,deli cup,R,SMI_KEL,6/12/23,
5114,deli cup,R,SMI_KEL,6/12/23,
5126,sushi container,R,SMI_KEL,6/12/23,
5130,sushi container,R,SMI_KEL,6/12/23,
5135,sushi container,R,SMI_KEL,6/27/23,
5136,sushi container,R,SMI_KEL,6/27/23,
5137,sushi container,R,SMI_KEL,6/27/23,
5138,sushi container,R,SMI_KEL,6/27/23,
3027,deli cup,R,SMI_LAT,4/18/23,
3028,deli cup,R,SMI_LAT,4/18/23,
3045,sushi container ,R,SMI_LAT,4/18/23,
3046,sushi container ,R,SMI_LAT,4/18/23,
3556,sushi container,R,SMI_LAT,5/2/23,
3557,sushi container,R,SMI_LAT,5/2/23,
3571,deli cup,R,SMI_LAT,5/2/23,
3572,deli cup,R,SMI_LAT,5/2/23,
4053,sushi container,R,SMI_LAT,5/15/23,
4104,deli cup,R,SMI_LAT,5/15/23,
4110,deli cup,R,SMI_LAT,5/15/23,
4543,sushi container,R,SMI_LAT,5/18/23,
4544,sushi container,R,SMI_LAT,5/18/23,
4548,deli cup,R,SMI_LAT,5/26/23,
4549,deli cup,R,SMI_LAT,5/26/23,
4874,sushi container,R,SMI_LAT,5/31/23,
4882,sushi container,R,SMI_LAT,5/31/23,
4912,deli cup,R,SMI_LAT,5/31/23,
4915,deli cup,R,SMI_LAT,5/31/23,
3041,deli cup,R,SMI_MCC,4/17/23,
3042,deli cup,R,SMI_MCC,4/17/23,
3051,sushi container ,R,SMI_MCC,4/17/23,
3052,sushi container ,R,SMI_MCC,4/17/23,
3195,sushi container,R,SMI_MCC,5/1/23,
3196,sushi container,R,SMI_MCC,5/1/23,
3217,deli cup,R,SMI_MCC,5/1/23,
3218,deli cup,R,SMI_MCC,5/1/23,
4042,sushi container,R,SMI_MCC,5/15/23,
4043,sushi container,R,SMI_MCC,5/15/23,
4105,deli cup,R,SMI_MCC,5/15/23,
4112,deli cup,R,SMI_MCC,5/15/23,
4867,sushi container,R,SMI_MCC,5/30/23,
4870,sushi container,R,SMI_MCC,5/30/23,
4920,deli cup,R,SMI_MCC,5/30/23,
4922,deli cup,R,SMI_MCC,5/30/23,
4052,sushi container,R,SMI_LAT,5/15/23,
3073,deli cup,R,STA_COL,4/20/23,
3074,deli cup,R,STA_COL,4/20/23,
3089,sushi container ,R,STA_COL,4/20/23,
3090,sushi container ,R,STA_COL,4/20/23,
3548,sushi container,R,STA_COL,5/3/23,
3549,sushi container,R,STA_COL,5/3/23,
3563,deli cup,R,STA_COL,5/3/23,
3565,deli cup,R,STA_COL,5/3/23,
4058,sushi container,R,STA_COL,5/16/23,
4059,sushi container,R,STA_COL,5/16/23,
4091,deli cup,R,STA_COL,5/16/23,
4095,deli cup,R,STA_COL,5/16/23,
5101,sushi container,R,STA_COL,6/13/23,
5104,deli cup,R,STA_COL,6/13/23,
5105,sushi container,R,STA_COL,6/13/23,
5106,deli cup,R,STA_COL,6/13/23,
3081,deli cup,R,STA_HEM,4/20/23,
3082,deli cup,R,STA_HEM,4/20/23,
3087,sushi container ,R,STA_HEM,4/20/23,
3088,sushi container ,R,STA_HEM,4/20/23,
3550,sushi containr,R,STA_HEM,5/3/23,
3551,sushi container,R,STA_HEM,5/3/23,
3562,deli cup,R,STA_HEM,5/3/23,
3567,deli cup,R,STA_HEM,5/3/23,
4060,sushi container,R,STA_HEM,5/15/23,
4061,sushi container,R,STA_HEM,5/15/23,
4084,deli cup,R,STA_HEM,5/15/23,
4094,deli cup,R,STA_HEM,5/15/23,
4793,sushi container,R,STA_HEM,5/31/23,
4825,sushi container,R,STA_HEM,5/31/23,
4827,deli cup,R,STA_HEM,5/31/23,
4828,deli cup,R,STA_HEM,5/31/23,
3075,deli cup,R,STA_HEM_2,4/20/23,
3076,deli cup,R,STA_HEM_2,4/20/23,
3091,sushi container ,R,STA_HEM_2,4/20/23,
3092,sushi container ,R,STA_HEM_2,4/20/23,
3544,sushi container,R,STA_HEM_2,5/3/23,
3545,sushi container,R,STA_HEM_2,5/3/23,
3561,deli cup,R,STA_HEM_2,5/3/23,
3566,deli cup,R,STA_HEM_2,5/3/23,
4056,sushi container,R,STA_HEM_2,5/15/23,
4057,sushi container,R,STA_HEM_2,5/15/23,
4090,deli cup,R,STA_HEM_2,5/15/23,
4097,deli cup,R,STA_HEM_2,5/15/23,
4794,sushi container,R,STA_HEM_2,5/31/23,
4826,sushi container,R,STA_HEM_2,5/31/23,
4829,deli cup,R,STA_HEM_2,5/31/23,
4830,deli cup,R,STA_HEM_2,5/31/23,
3077,deli cup,R,STA_SWE,4/20/23,
3078,deli cup,R,STA_SWE,4/20/23,
3083,sushi container ,R,STA_SWE,4/20/23,
3084,sushi container ,R,STA_SWE,4/20/23,
3542,sushi container,R,STA_SWE,5/3/23,
3543,sushi container,R,STA_SWE,5/3/23,
3568,deli cup,R,STA_SWE,5/3/23,
3569,deli cup,R,STA_SWE,5/3/23,
3640,sushi container,R,STA_SWE,5/12/23,trap removed early for planting
3641,sushi container,R,STA_SWE,5/12/23,trap removed early for planting
3654,deli cup,R,STA_SWE,5/12/23,trap removed early for planting
3655,deli cup,R,STA_SWE,5/12/23,trap removed early for planting
4785,deli cup,R,STA_SWE,5/26/23,
4786,deli cup,R,STA_SWE,5/26/23,
4823,sushi container,R,STA_SWE,5/26/23,
4824,sushi container,R,STA_SWE,5/26/23,
3079,deli cup,R,STA_WIL,4/20/23,
3080,deli cup,R,STA_WIL,4/20/23,
3085,sushi container ,R,STA_WIL,4/20/23,
3086,sushi container ,R,STA_WIL,4/20/23,
3546,sushi container,R,STA_WIL,5/3/23,
3547,sushi container,R,STA_WIL,5/3/23,
3560,deli cup,R,STA_WIL,5/3/23,
3564,deli cup,R,STA_WIL,5/3/23,
4089,deli cup,R,STA_WIL,5/15/23,
4062,sushi container,R,STA_WIL,5/16/23,
4063,sushi container,R,STA_WIL,5/16/23,
4101,deli cup,R,STA_WIL,5/16/23,
5102,sushi container,R,STA_WIL,6/13/23,
5103,deli cup,R,STA_WIL,6/13/23,
5107,sushi container,R,STA_WIL,6/13/23,
5108,deli cup,R,STA_WIL,6/13/23,
3634,sushi container,R,WIS_COO_2,5/3/23,
3162,sushi container,R,WIS_COO,4/19/23,
3163,sushi container,R,WIS_COO,4/19/23,
3172,deli cup,R,WIS_COO,4/19/23,beans were out on the ground
3173,deli cup,R,WIS_COO,4/19/23,
3320,sushi container,R,WIS_COO,4/27/23,
3321,sushi container,R,WIS_COO,4/27/23,
3336,deli cup,R,WIS_COO,4/27/23,
3337,deli cup,R,WIS_COO,4/27/23,
3632,sushi container,R,WIS_COO,5/3/23,
3633,sushi container,R,WIS_COO,5/3/23,
3682,deli cup,R,WIS_COO,5/3/23,
3683,deli cup,R,WIS_COO,5/3/23,
4196,deli cup,R,WIS_COO,5/17/23,
4197,deli cup,R,WIS_COO,5/17/23,
4203,sushi container,R,WIS_COO,5/17/23,
4206,sushi container,R,WIS_COO,5/17/23,
5011,deli cup,R,WIS_COO,5/31/23,
5012,deli cup,R,WIS_COO,5/31/23,
5015,sushi container,R,WIS_COO,5/31/23,
5018,sushi container,R,WIS_COO,5/31/23,
3168,sushi container,R,WIS_COO_2,4/19/23,
3169,sushi container,R,WIS_COO_2,4/19/23,
3174,deli cup,R,WIS_COO_2,4/19/23,
3175,deli cup,R,WIS_COO_2,4/19/23,
3322,sushi container,R,WIS_COO_2,4/27/23,
3323,sushi container,R,WIS_COO_2,4/27/23,
3338,deli cup,R,WIS_COO_2,4/27/23,
3339,deli cup,R,WIS_COO_2,4/27/23,
3637,sushi container,R,WIS_COO_2,5/3/23,
3684,deli cup,R,WIS_COO_2,5/3/23,
3685,deli cup,R,WIS_COO_2,5/3/23,
4198,deli cup,R,WIS_COO_2,5/17/23,
4199,deli cup,R,WIS_COO_2,5/17/23,
4201,sushi container,R,WIS_COO_2,5/17/23,
4204,sushi container,R,WIS_COO_2,5/17/23,
5009,deli cup,R,WIS_COO_2,5/31/23,
5010,deli cup,R,WIS_COO_2,5/31/23,
5017,sushi container,R,WIS_COO_2,5/31/23,
5019,sushi container,R,WIS_COO_2,5/31/23,
3166,sushi container,R,WIS_HIG,4/21/23,"has corn in it, one is supposed to be lima"
3167,sushi container,R,WIS_HIG,4/21/23,"has corn in it, one is supposed to be lima"
3188,deli cup,R,WIS_HIG,4/21/23,
3189,deli cup,R,WIS_HIG,4/21/23,
3635,sushi container,R,WIS_HIG,5/5/23,no seeds
3636,sushi container,R,WIS_HIG,5/5/23,
3686,deli cup,R,WIS_HIG,5/5/23,
3687,deli cup,R,WIS_HIG,5/5/23,
4207,sushi container,R,WIS_HIG,5/19/23,
4209,sushi container,R,WIS_HIG,5/19/23,
4211,deli cup,R,WIS_HIG,5/19/23,
4212,deli cup,R,WIS_HIG,5/19/23,
3164,sushi container,R,WIS_KEN,4/21/23,
3165,sushi container,R,WIS_KEN,4/21/23,
3176,deli cup,R,WIS_KEN,4/21/23,
3177,deli cup,R,WIS_KEN,4/21/23,
3650,sushi container,R,WIS_KEN,5/5/23,delivered late
3651,sushi container,R,WIS_KEN,5/5/23,delivered late
3680,deli cup,R,WIS_KEN,5/5/23,
3681,deli cup,R,WIS_KEN,5/5/23,
4208,sushi container,R,WIS_KEN,5/19/23,
4210,sushi container,R,WIS_KEN,5/19/23,
4213,deli cup,R,WIS_KEN,5/19/23,
4214,deli cup,R,WIS_KEN,5/19/23,EMPTY
5013,deli cup,R,WIS_KEN,5/31/23,
5007,deli cup,R,WIS_KEN,6/2/23,
5021,sushi container,R,WIS_KEN,6/2/23,
5022,sushi container,R,WIS_KEN,6/2/23,
3170,sushi container,R,WIS_MEG,4/21/23,"has corn in it, one is supposed. to be lima"
3171,sushi container ,R,WIS_MEG,4/21/23,"has corn in it, one is supposed to be lima"
3190,deli cup,R,WIS_MEG,4/21/23,only lima beans recovered. the corn seed was gone.
3648,sushi container,R,WIS_MEG,5/5/23,delivered late
3649,sushi container,R,WIS_MEG,5/5/23,delivered late
3678,deli cup,R,WIS_MEG,5/5/23,
3679,deli cup,R,WIS_MEG,5/5/23,
4200,deli cup,R,WIS_MEG,5/17/23,
4202,sushi container,R,WIS_MEG,5/19/23,
4205,sushi container,R,WIS_MEG,5/19/23,
5008,deli cup,R,WIS_MEG,6/2/23,
5023,sushi container,R,WIS_MEG,6/2/23,
5024,sushi container,R,WIS_MEG,6/2/23,
3225,sushi container,R,ZUE_REE,4/26/23,
3226,sushi container,R,ZUE_REE,4/26/23,
3233,deli cup,R,ZUE_REE,4/26/23,
3234,deli cup,R,ZUE_REE,4/26/23,
3630,sushi container,R,ZUE_REE,5/9/23,
3631,sushi container,R,ZUE_REE,5/9/23,
3669,deli cup,R,ZUE_REE,5/9/23,
3670,deli cup,R,ZUE_REE,5/9/23,
4279,sushi container,R,ZUE_REE,5/23/23,
4280,sushi container,R,ZUE_REE,5/23/23,
4281,deli cup,R,ZUE_REE,5/25/23,
4282,deli cup,R,ZUE_REE,5/25/23,
3183,deli cup,T,A2_M,4/28/23,
3664,deli cup,T,A2_M,5/11/23,
3184,deli cup,T,N-1A_M,4/28/23,
3658,deli cup,T,N1A_M,5/11/23,
5035,large deli cup,T,N1A_M,5/25/23,
3182,deli cup,T,S11_M,4/28/23,
3659,deli cup,T,S11_M,5/11/23,
5030,deli cup,T,S11_M,5/24/23,
3181,deli cup,T,S12_M,4/28/23,
5025,deli cup,T,S12_M,5/24/23,
3657,deli cup,T,S12M,5/11/23,
3179,deli cup,T,S13_M,4/28/23,
3663,deli cup,T,S13_M,5/10/23,
5027,deli cup,T,S13_M,5/24/23,
3178,deli cup,T,S14_M,4/28/23,
3660,deli cup,T,S14_M,5/10/23,
5028,deli cup,T,S14_M,5/24/23,
3185,deli cup,T,S15_M,4/27/23,
3661,deli cup,T,S15_M,5/10/23,
5032,deli cup,T,S15_M,5/24/23,
3180,deli cup,T,S2_M,4/28/23,
3665,deli cup,T,S2_M,5/11/23,
5026,deli cup,T,S2_M,5/24/23,
3187,deli cup,T,S6_M,4/27/23,
3662,deli cup,T,S6_M,5/10/23,
5029,deli cup,T,S6_M,5/24/23,
3186,deli cup,T,S7_M,4/27/23,
3656,deli cup,T,S7_M,5/10/23,
5031,deli cup,T,S7_M,5/24/23,