,card_id,data_collector,site,collection_date,n_scm_i_m,n_scm_i_f,n_scm_o_m,n_scm_o_f,n_d_florilega_i,n_d_florilega_o,total_scm,landscape_type,farm,placement
0,2001,Anna DiPaola,DIP_CUR,3/13/23,0,0,0,0,0,0,0,Field,CURC,Out
1,2002,Anna DiPaola,DIP_CUR,3/13/23,0,0,0,0,0,0,0,Field,CURC,Out
2,2003,Anna DiPaola,POV_DUN,3/13/23,0,0,0,0,0,0,0,Field,Dunlop,Out
3,2004,Anna DiPaola,POV_DUN,3/13/23,0,0,0,0,0,0,0,Field,Dunlop,Out
4,2005,Anna DiPaola,DIP_FLE,3/13/23,0,0,0,0,0,0,0,Field,Fleming,Out
5,2006,Anna DiPaola,DIP_FLE,3/13/23,0,0,0,0,0,0,0,Field,Fleming,Out
6,2007,Shea Crowther,DIP_FLE,3/21/23,0,0,0,0,0,0,0,Field,Fleming,Out
7,2008,Shea Crowther,DIP_FLE,3/21/23,0,0,0,0,0,0,0,Field,Fleming,Out
8,2009,Shea Crowther,DIP_CUR,3/21/23,0,0,0,0,0,0,0,Field,CURC,Out
9,2010,Shea Crowther,DIP_CUR,3/21/23,0,0,0,0,0,0,0,Field,CURC,Out
10,2011,Shea Crowther,POV_DUN,3/21/23,0,0,0,0,0,0,0,Field,Dunlop,Out
11,2012,Shea Crowther,POV_DUN,3/21/23,0,0,0,0,0,0,0,Field,Dunlop,Out
12,2013,Shea Crowther,DIP_FLE,3/28/23,5,6,9,3,0,0,23,Field,Fleming,Out
13,2014,Shea Crowther,DIP_FLE,3/28/23,17,6,12,7,0,0,42,Field,Fleming,Out
14,2015,Shea Crowther,POV_DUN,3/28/23,,,,,,,,Field,Dunlop,Out
15,2016,Shea Crowther,POV_DUN,3/28/23,14,7,27,2,0,0,50,Field,Dunlop,Out
16,2017,Shea Crowther,DIP_CUR,3/28/23,0,0,0,0,0,0,0,Field,CURC,Out
17,2018,Shea Crowther,DIP_CUR,3/28/23,0,0,0,0,0,0,0,Field,CURC,Out
18,2019,Anna DiPaola,DIP_FLE,4/4/23,,,,,,,,Field,Fleming,Out
19,2020,Anna DiPaola,DIP_FLE,4/4/23,4,15,11,15,0,0,45,Field,Fleming,Out
20,2021,Anna DiPaola,DIP_CUR,4/6/23,,,,,,,,Field,CURC,Out
21,2022,Anna DiPaola,DIP_CUR,4/6/23,5,3,9,12,0,0,29,Field,CURC,Out
22,2023,Anna DiPaola,POV_DUN,4/4/23,,,,,,,,Field,Dunlop,Out
23,2024,Anna DiPaola,POV_DUN,4/4/23,26,16,31,31,0,0,104,Field,Dunlop,Out
26,2027,Shea Crowther,POV_DUN,4/11/23,,,,,,,,Field,Dunlop,Out
27,2028,Shea Crowther,POV_DUN,4/11/23,6,1,6,2,0,0,15,Field,Dunlop,Out
28,2029,Shea Crowther,DIP_PAT,4/11/23,,,,,,,,Field,Patterson,Out
29,2030,Shea Crowther,DIP_PAT,4/11/23,23,40,21,17,0,0,101,Field,Patterson,Out
30,2031,Shea Crowther,DIP_CUR,4/11/23,,,,,,,,Field,CURC,Out
31,2032,Shea Crowther,DIP_CUR,4/11/23,25,136,1,10,0,0,172,Field,CURC,Out
32,2033,Shea Crowther,DIP_FLE,4/11/23,,,,,,,,Field,Fleming,Out
33,2034,Shea Crowther,DIP_FLE,4/11/23,71,99,88,71,0,0,329,Field,Fleming,Out
72,2073,Shea Crowther,DIP_PAT,4/18/23,,,,,,,,Field,Patterson,Out
73,2074,Shea Crowther,DIP_PAT,4/18/23,29,18,15,10,0,0,72,Field,Patterson,Out
74,2075,Shea Crowther,DIP_FLE,4/18/23,,,,,,,,Field,Fleming,Out
75,2076,Shea Crowther,DIP_FLE,4/18/23,28,10,36,14,0,0,88,Field,Fleming,Out
76,2077,Shea Crowther,DIP_CUR,4/18/23,,,,,,,,Field,CURC,Out
77,2078,Shea Crowther,DIP_CUR,4/18/23,18,26,7,9,0,0,60,Field,CURC,Out
78,2079,Shea Crowther,POV_DUN,4/18/23,,,,,,,,Field,Dunlop,Out
79,2080,Shea Crowther,POV_DUN,4/18/23,1,0,1,0,0,0,2,Field,Dunlop,Out
176,2177,Shea Crowther,DIP_PAT,4/25/23,,,,,,,,Field,Patterson,Out
177,2178,Shea Crowther,DIP_PAT,4/25/23,7,15,7,38,0,0,67,Field,Patterson,Out
178,2179,Shea Crowther,DIP_FLE,4/25/23,,,,,,,,Field,Fleming,Out
179,2180,Shea Crowther,DIP_FLE,4/25/23,16,10,27,17,1,1,70,Field,Fleming,Out
180,2181,Shea Crowther,DIP_CUR,4/25/23,,,,,,,,Field,CURC,Out
181,2182,Shea Crowther,DIP_CUR,4/25/23,7,7,3,8,1,0,25,Field,CURC,Out
182,2183,Shea Crowther,POV_DUN,4/25/23,,,,,,,,Field,Dunlop,Out
183,2184,Shea Crowther,POV_DUN,4/25/23,4,3,2,2,0,0,11,Field,Dunlop,Out
314,2315,Shea Crowther,POV_DUN,5/2/23,,,,,,,,Field,Dunlop,Out
315,2316,Shea Crowther,POV_DUN,5/2/23,6,8,6,2,0,0,22,Field,Dunlop,Out
316,2317,Shea Crowther,DIP_CUR,5/2/23,,,,,,,,Field,CURC,Out
317,2318,Shea Crowther,DIP_CUR,5/2/23,45,20,49,73,0,1,187,Field,CURC,Out
318,2319,Shea Crowther,DIP_FLE,5/2/23,11,8,23,18,1,0,60,Field,Fleming,Out
319,2320,Shea Crowther,DIP_FLE,5/2/23,,,,,,,,Field,Fleming,Out
320,2321,Shea Crowther,DIP_PAT,5/2/23,,,,,,,,Field,Patterson,Out
321,2322,Shea Crowther,DIP_PAT,5/2/23,11,23,5,27,1,1,66,Field,Patterson,Out
374,2375,Shea Crowther,DIP_PAT,5/9/23,,,,,,,,Field,Patterson,Out
375,2376,Shea Crowther,DIP_PAT,5/9/23,10,9,22,20,2,4,61,Field,Patterson,Out
376,2377,Shea Crowther,DIP_FLE,5/9/23,,,,,,,,Field,Fleming,Out
377,2378,Shea Crowther,DIP_FLE,5/9/23,10,16,1,1,1,0,28,Field,Fleming,Out
378,2379,Shea Crowther,DIP_CUR,5/9/23,,,,,,,,Field,CURC,Out
379,2380,Shea Crowther,DIP_CUR,5/9/23,31,34,5,10,3,1,80,Field,CURC,Out
380,2381,Shea Crowther,POV_DUN,5/9/23,,,,,,,,Field,Dunlop,Out
381,2382,Shea Crowther,POV_DUN,5/9/23,6,1,1,1,0,0,9,Field,Dunlop,Out
432,2433,Shea Crowther,POV_DUN,5/16/23,,,,,,,,Field,Dunlop,Out
433,2434,Shea Crowther,POV_DUN,5/16/23,0,0,0,0,0,0,0,Field,Dunlop,Out
434,2435,Shea Crowther,DIP_CUR,5/16/23,,,,,,,,Field,CURC,Out
435,2436,Shea Crowther,DIP_CUR,5/16/23,0,1,2,0,0,0,3,Field,CURC,Out
436,2437,Shea Crowther,DIP_FLE,5/16/23,,,,,,,,Field,Fleming,Out
437,2438,Shea Crowther,DIP_FLE,5/16/23,1,1,1,0,0,0,3,Field,Fleming,Out
438,2439,Shea Crowther,DIP_PAT,5/16/23,,,,,,,,Field,Patterson,Out
439,2440,Shea Crowther,DIP_PAT,5/16/23,8,7,6,9,2,1,30,Field,Patterson,Out
757,2758,Shea Crowther,POV_DUN,5/23/23,37,2,0,0,0,0,39,Field,Dunlop,Out
758,2759,Shea Crowther,POV_DUN,5/23/23,,,,,,,,Field,Dunlop,Out
759,2760,Shea Crowther,DIP_PAT,5/23/23,8,4,14,15,3,0,41,Field,Patterson,Out
760,2761,Shea Crowther,DIP_PAT,5/23/23,,,,,,,,Field,Patterson,Out
761,2762,Shea Crowther,DIP_FLE,5/23/23,16,12,1,2,1,0,31,Field,Fleming,Out
762,2763,Shea Crowther,DIP_FLE,5/23/23,,,,,,,,Field,Fleming,Out
763,2764,Shea Crowther,DIP_CUR,5/23/23,4,1,2,6,0,0,13,Field,CURC,Out
764,2765,Shea Crowther,DIP_CUR,5/23/23,,,,,,,,Field,CURC,Out
765,2766,Shea Crowther,POV_DUN,5/30/23,3,0,0,0,0,0,3,Field,Dunlop,Out
766,2767,Shea Crowther,POV_DUN,5/30/23,,,,,,,,Field,Dunlop,Out
767,2768,Shea Crowther,DIP_PAT,5/30/23,4,3,17,7,0,0,31,Field,Patterson,Out
768,2769,Shea Crowther,DIP_PAT,5/30/23,,,,,,,,Field,Patterson,Out
769,2770,Shea Crowther,DIP_FLE,5/30/23,25,21,6,5,0,0,57,Field,Fleming,Out
770,2771,Shea Crowther,DIP_FLE,5/30/23,,,,,,,,Field,Fleming,Out
771,2772,Shea Crowther,DIP_CUR,5/30/23,21,12,18,17,0,0,68,Field,CURC,Out
772,2773,Shea Crowther,DIP_CUR,5/30/23,,,,,,,,Field,CURC,Out
837,2838,Shea Crowther,DIP_CUR,6/6/23,3,0,10,8,2,2,21,Field,CURC,Out
838,2839,Shea Crowther,DIP_CUR,6/6/23,,,,,,,,Field,CURC,Out
839,2840,Shea Crowther,POV_DUN,6/6/23,0,0,0,0,0,0,0,Field,Dunlop,Out
840,2841,Shea Crowther,POV_DUN,6/6/23,,,,,,,,Field,Dunlop,Out
841,2842,Shea Crowther,DIP_PAT,6/6/23,2,2,49,23,1,0,76,Field,Patterson,Out
842,2843,Shea Crowther,DIP_PAT,6/6/23,,,,,,,,Field,Patterson,Out
1026,6027,Shea Crowther,POV_DUN,6/13/23,,,,,,,,Field,Dunlop,Out
1027,6028,Shea Crowther,POV_DUN,6/13/23,,,,,,,,Field,Dunlop,Out
1028,6029,Shea Crowther,DIP_FLE,6/13/23,,,,,,,,Field,Fleming,Out
1029,6030,Shea Crowther,DIP_FLE,6/13/23,,,,,,,,Field,Fleming,Out
1030,6031,Shea Crowther,DIP_CUR,6/13/23,,,,,,,,Field,CURC,Out
1031,6032,Shea Crowther,DIP_CUR,6/13/23,,,,,,,,Field,CURC,Out
1032,6033,Shea Crowther,DIP_PAT,6/13/23,,,,,,,,Field,Patterson,Out
1033,6034,Shea Crowther,DIP_PAT,6/13/23,,,,,,,,Field,Patterson,Out
1034,6035,Shea Crowther,POV_DUN,6/20/23,,,,,,,,Field,Dunlop,Out
1035,6036,Shea Crowther,POV_DUN,6/20/23,,,,,,,,Field,Dunlop,Out
1036,6037,Shea Crowther,DIP_FLE,6/20/23,,,,,,,,Field,Fleming,Out
1037,6038,Shea Crowther,DIP_FLE,6/20/23,,,,,,,,Field,Fleming,Out
1038,6039,Shea Crowther,DIP_CUR,6/20/23,,,,,,,,Field,CURC,Out
1039,6040,Shea Crowther,DIP_CUR,6/20/23,,,,,,,,Field,CURC,Out
1040,6041,Shea Crowther,DIP_PAT,6/20/23,,,,,,,,Field,Patterson,Out
1041,6042,Shea Crowther,DIP_PAT,6/20/23,,,,,,,,Field,Patterson,Out
1044,6045,Shea Crowther,POV_DUN,6/27/23,,,,,,,,Field,Dunlop,Out
1045,6046,Shea Crowther,POV_DUN,6/27/23,,,,,,,,Field,Dunlop,Out
1046,6047,Anna DiPaola,DIP_PAT,6/27/23,,,,,,,,Field,Patterson,Out
1047,6048,Anna DiPaola,DIP_PAT,6/27/23,,,,,,,,Field,Patterson,Out
1048,6049,Anna DiPaola,DIP_CUR,6/27/23,,,,,,,,Field,CURC,Out
1049,6050,Anna DiPaola,DIP_CUR,6/27/23,,,,,,,,Field,CURC,Out
1050,6051,Anna DiPaola,DIP_FLE,6/27/23,,,,,,,,Field,Fleming,Out
1051,6052,Anna DiPaola,DIP_FLE,6/27/23,,,,,,,,Field,Fleming,Out
1168,6169,Shea Crowther,DIP_PAT,7/5/23,,,,,,,,Field,Patterson,Out
1169,6170,Shea Crowther,DIP_CUR,7/5/23,,,,,,,,Field,CURC,Out
1170,6171,Shea Crowther,DIP_CUR,7/5/23,,,,,,,,Field,CURC,Out
1171,6172,Shea Crowther,DIP_FLE,7/5/23,,,,,,,,Field,Fleming,Out
1172,6173,Shea Crowther,DIP_FLE,7/5/23,,,,,,,,Field,Fleming,Out
1173,6174,Shea Crowther,POV_DUN,7/5/23,,,,,,,,Field,Dunlop,Out
1174,6175,Shea Crowther,POV_DUN,7/5/23,,,,,,,,Field,Dunlop,Out
1175,6176,Shea Crowther,DIP_PAT,7/11/23,,,,,,,,Field,Patterson,Out
1176,6177,Shea Crowther,DIP_PAT,7/11/23,,,,,,,,Field,Patterson,Out
1177,6178,Shea Crowther,DIP_CUR,7/11/23,,,,,,,,Field,CURC,Out
1178,6179,Shea Crowther,DIP_CUR,7/11/23,,,,,,,,Field,CURC,Out
1179,6180,Shea Crowther,DIP_FLE,7/11/23,,,,,,,,Field,Fleming,Out
1180,6181,Shea Crowther,DIP_FLE,7/11/23,,,,,,,,Field,Fleming,Out
1181,6182,Shea Crowther,POV_DUN,7/11/23,,,,,,,,Field,Dunlop,Out
1182,6183,Shea Crowther,POV_DUN,7/11/23,,,,,,,,Field,Dunlop,Out
1183,6184,Shea Crowther,DIP_PAT,7/18/23,,,,,,,,Field,Patterson,Out
1184,6185,Shea Crowther,DIP_PAT,7/18/23,,,,,,,,Field,Patterson,Out
1185,6186,Shea Crowther,DIP_CUR,7/18/23,,,,,,,,Field,CURC,Out
1186,6187,Shea Crowther,DIP_CUR,7/18/23,,,,,,,,Field,CURC,Out
1187,6188,Shea Crowther,DIP_FLE,7/18/23,,,,,,,,Field,Fleming,Out
1188,6189,Shea Crowther,DIP_FLE,7/18/23,,,,,,,,Field,Fleming,Out
1189,6190,Shea Crowther,POV_DUN,7/19/23,,,,,,,,Field,Dunlop,Out
1190,6191,Shea Crowther,POV_DUN,7/19/23,,,,,,,,Field,Dunlop,Out
1191,6192,Shea Crowther,DIP_PAT,7/25/23,,,,,,,,Field,Patterson,Out
1192,6193,Shea Crowther,DIP_PAT,7/25/23,,,,,,,,Field,Patterson,Out
1193,6194,Shea Crowther,DIP_CUR,7/25/23,,,,,,,,Field,CURC,Out
1194,6195,Shea Crowther,DIP_CUR,7/25/23,,,,,,,,Field,CURC,Out
1195,6196,Shea Crowther,DIP_FLE,7/25/23,,,,,,,,Field,Fleming,Out
1196,6197,Shea Crowther,DIP_FLE,7/25/23,,,,,,,,Field,Fleming,Out
1197,6198,Shea Crowther,POV_DUN,7/25/23,,,,,,,,Field,Dunlop,Out
1198,6199,Shea Crowther,POV_DUN,7/25/23,,,,,,,,Field,Dunlop,Out
1199,6200,Shea Crowther,DIP_PAT,8/1/23,,,,,,,,Field,Patterson,Out
1200,6201,Shea Crowther,DIP_PAT,8/1/23,,,,,,,,Field,Patterson,Out
1201,6202,Shea Crowther,DIP_CUR,8/1/23,,,,,,,,Field,CURC,Out
1202,6203,Shea Crowther,DIP_CUR,8/1/23,,,,,,,,Field,CURC,Out
1203,6204,Shea Crowther,DIP_FLE,8/1/23,,,,,,,,Field,Fleming,Out
1204,6205,Shea Crowther,DIP_FLE,8/1/23,,,,,,,,Field,Fleming,Out
1205,6206,Alexa Stratton,POV_DUN,8/2/23,,,,,,,,Field,Dunlop,Out
1206,6207,Alexa Stratton,POV_DUN,8/2/23,,,,,,,,Field,Dunlop,Out
1303,6304,Shea Crowther,DIP_PAT,8/8/23,,,,,,,,Field,Patterson,Out
1304,6305,Shea Crowther,DIP_PAT,8/8/23,,,,,,,,Field,Patterson,Out
1305,6306,Shea Crowther,DIP_FLE,8/8/23,,,,,,,,Field,Fleming,Out
1306,6307,Shea Crowther,DIP_FLE,8/8/23,,,,,,,,Field,Fleming,Out
1307,6308,Shea Crowther,DIP_CUR,8/8/23,,,,,,,,Field,CURC,Out
1308,6309,Shea Crowther,DIP_CUR,8/8/23,,,,,,,,Field,CURC,Out
1309,6310,Shea Crowther,POV_DUN,8/8/23,,,,,,,,Field,Dunlop,Out
1310,6311,Shea Crowther,POV_DUN,8/8/23,,,,,,,,Field,Dunlop,Out
1311,6312,Shea Crowther,PAT_FIE_IN,8/8/23,,,,,,,,Field,Patterson,In
1312,6313,Shea Crowther,FLE_FIE_IN,8/8/23,,,,,,,,Field,Fleming,In
1313,6314,Shea Crowther,FLE_FOR_IN,8/8/23,,,,,,,,Forest,Fleming,In
1314,6315,Shea Crowther,FLE_FOR_OUT,8/8/23,,,,,,,,Forest,Fleming,Out
1315,6316,Shea Crowther,CUR_FIE_IN,8/8/23,,,,,,,,Field,CURC,In
1316,6317,Shea Crowther,DUN_FIE_IN,8/8/23,,,,,,,,Field,Dunlop,In
1317,6318,Shea Crowther,DUN_FOR_IN,8/8/23,,,,,,,,Forest,Dunlop,In
1318,6319,Shea Crowther,DUN_FOR_OUT,8/8/23,,,,,,,,Forest,Dunlop,Out
1319,6320,Shea Crowther,DIP_PAT,8/15/23,,,,,,,,Field,Patterson,Out
1320,6321,Shea Crowther,DIP_PAT,8/15/23,,,,,,,,Field,Patterson,Out
1321,6322,Shea Crowther,DIP_FLE,8/15/23,,,,,,,,Field,Fleming,Out
1322,6323,Shea Crowther,DIP_FLE,8/15/23,,,,,,,,Field,Fleming,Out
1323,6324,Shea Crowther,DIP_CUR,8/15/23,,,,,,,,Field,CURC,Out
1324,6325,Shea Crowther,DIP_CUR,8/15/23,,,,,,,,Field,CURC,Out
1325,6326,Shea Crowther,POV_DUN,8/15/23,,,,,,,,Field,Dunlop,Out
1326,6327,Shea Crowther,POV_DUN,8/15/23,,,,,,,,Field,Dunlop,Out
1327,6328,Shea Crowther,PAT_FIE_IN,8/15/23,,,,,,,,Field,Patterson,In
1328,6329,Shea Crowther,FLE_FIE_IN,8/15/23,,,,,,,,Field,Fleming,In
1329,6330,Shea Crowther,FLE_FOR_IN,8/15/23,,,,,,,,Forest,Fleming,In
1330,6331,Shea Crowther,FLE_FOR_OUT,8/15/23,,,,,,,,Forest,Fleming,Out
1331,6332,Shea Crowther,CUR_FIE_IN,8/15/23,,,,,,,,Field,CURC,In
1332,6333,Shea Crowther,DUN_FIE_IN,8/15/23,,,,,,,,Field,Dunlop,In
1333,6334,Shea Crowther,DUN_FOR_IN,8/15/23,,,,,,,,Forest,Dunlop,In
1334,6335,Shea Crowther,DUN_FOR_OUT,8/15/23,,,,,,,,Forest,Dunlop,Out
1369,6370,Shea Crowther,DUN_FOR_IN,7/19/23,,,,,,,,Forest,Dunlop,In
1370,6371,Shea Crowther,DUN_FOR_OUT,7/19/23,,,,,,,,Forest,Dunlop,Out
1371,6372,Shea Crowther,DUN_FIE_IN,7/19/23,,,,,,,,Field,Dunlop,In
1372,6373,Shea Crowther,FLE_FOR_OUT,7/18/23,,,,,,,,Forest,Fleming,Out
1373,6374,Shea Crowther,FLE_FIE_IN,7/18/23,,,,,,,,Field,Fleming,In
1374,6375,Shea Crowther,FLE_FOR_IN,7/18/23,,,,,,,,Forest,Fleming,In
1375,6376,Shea Crowther,CUR_FIE_IN,7/18/23,,,,,,,,Field,CURC,In
1376,6377,Shea Crowther,PAT_FIE_IN,7/18/23,,,,,,,,Field,Patterson,In
1377,6378,Alexa Stratton,GRN_FIE_IN,7/24/23,,,,,,,,Field,Geneva_North,In
1378,6379,Alexa Stratton,GRN_FIE_OUT,7/24/23,,,,,,,,Field,Geneva_North,Out
1379,6380,Alexa Stratton,GRS_FIE_IN,7/24/23,,,,,,,,Field,Geneva_South,In
1382,6383,Alexa Stratton,GRS_ORC_IN,7/25/23,,,,,,,,Orchard,Geneva_South,In
1383,6384,Shea Crowther,DUN_FIE_IN,7/25/23,,,,,,,,Field,Dunlop,In
1384,6385,Shea Crowther,DUN_FOR_OUT,7/25/23,,,,,,,,Forest,Dunlop,Out
1385,6386,Shea Crowther,DUN_FOR_IN,7/25/23,,,,,,,,Forest,Dunlop,In
1386,6387,Shea Crowther,FLE_FIE_IN,7/25/23,,,,,,,,Field,Fleming,In
1387,6388,Shea Crowther,FLE_FOR_OUT,7/25/23,,,,,,,,Forest,Fleming,Out
1388,6389,Shea Crowther,FLE_FOR_IN,7/25/23,,,,,,,,Forest,Fleming,In
1389,6390,Shea Crowther,CUR_FIE_IN,7/25/23,,,,,,,,Field,CURC,In
1390,6391,Shea Crowther,PAT_FIE_IN,7/25/23,,,,,,,,Field,Patterson,In
1391,6392,Alexa Stratton,GRN_ORC_OUT,7/31/23,,,,,,,,Orchard,Geneva_North,Out
1392,6393,Alexa Stratton,GRN_ORC_IN,7/31/23,,,,,,,,Orchard,Geneva_North,In
1393,6394,Alexa Stratton,GRN_FIE_OUT,7/31/23,,,,,,,,Field,Geneva_North,Out
1394,6395,Alexa Stratton,GRN_FIE_IN,7/31/23,,,,,,,,Field,Geneva_North,In
1395,6396,Alexa Stratton,GRS_FIE_IN,7/31/23,,,,,,,,Field,Geneva_South,In
1398,6399,Shea Crowther,GRS_ORC_IN,8/1/23,,,,,,,,Orchard,Geneva_South,In
1399,6400,Shea Crowther,FLE_FIE_IN,8/1/23,,,,,,,,Field,Fleming,In
1400,6401,Shea Crowther,FLE_FOR_IN,8/1/23,,,,,,,,Forest,Fleming,In
1401,6402,Shea Crowther,FLE_FOR_OUT,8/1/23,,,,,,,,Forest,Fleming,Out
1402,6403,Shea Crowther,PAT_FIE_IN,8/1/23,,,,,,,,Field,Patterson,In
1403,6404,Shea Crowther,CUR_FIE_IN,8/1/23,,,,,,,,Field,CURC,In
1404,6405,Alexa Stratton,DUN_FIE_IN,8/2/23,,,,,,,,Field,Dunlop,In
1405,6406,Alexa Stratton,DUN_FOR_OUT,8/2/23,,,,,,,,Forest,Dunlop,Out
1406,6407,Alexa Stratton,DUN_FOR_IN,8/2/23,,,,,,,,Forest,Dunlop,In
1407,6408,Alexa Stratton,KIR_ORC_IN,8/1/23,0,0,0,1,0,0,1,Orchard,Kirby,In
1408,6409,Alexa Stratton,KIR_ORC_OUT,8/1/23,1,3,1,1,1,0,6,Orchard,Kirby,Out
1409,6410,Alexa Stratton,KIR_FIE_IN,8/1/23,19,40,2,23,3,1,84,Field,Kirby,In
1410,6411,Alexa Stratton,KIR_FIE_OUT,8/1/23,11,9,10,4,3,7,34,Field,Kirby,Out
1411,6412,Alexa Stratton,IND_ORC_IN,8/3/23,,,,,,,,Orchard,Indian_Creek_1,In
1412,6413,Alexa Stratton,IND_ORC_OUT,8/3/23,,,,,,,,Orchard,Indian_Creek_1,In
1413,6414,Alexa Stratton,IND_ORC_IN_2,8/3/23,,,,,,,,Orchard,Indian_Creek_2,In
1414,6415,Alexa Stratton,IND_ORC_OUT_2,8/3/23,,,,,,,,Orchard,Indian_Creek_2,In
1415,6416,Alexa Stratton,KIR_FIE_IN,8/8/23,0,0,1,0,0,0,1,Field,Kirby,In
1416,6417,Alexa Stratton,KIR_FIE_OUT,8/8/23,1,0,11,9,2,2,21,Field,Kirby,Out
1417,6418,Alexa Stratton,KIR_ORC_IN,8/8/23,0,2,0,2,0,0,4,Orchard,Kirby,In
1418,6419,Alexa Stratton,KIR_ORC_OUT,8/8/23,2,0,1,1,0,0,4,Orchard,Kirby,Out
1419,6420,Alexa Stratton,KIR_FOR_IN,8/8/23,0,1,0,0,0,0,1,Forest,Kirby,In
1420,6421,Alexa Stratton,KIR_FOR_OUT,8/8/23,0,1,1,0,0,0,2,Forest,Kirby,Out
1421,6422,Alexa Stratton,OLE_FOR_OUT,8/8/23,,,,,,,,Forest,Oles,Out
1422,6423,Alexa Stratton,OLE_FOR_IN,8/8/23,,,,,,,,Forest,Oles,In
1423,6424,Alexa Stratton,OLE_FIE_OUT,8/8/23,,,,,,,,Field,Oles,Out
1424,6425,Alexa Stratton,OLE_FIE_IN,8/8/23,,,,,,,,Field,Oles,In
1425,6426,Alexa Stratton,IND_ORC_IN,8/9/23,,,,,,,,Orchard,Indian_Creek_1,In
1426,6427,Alexa Stratton,IND_ORC_OUT,8/9/23,,,,,,,,Orchard,Indian_Creek_1,In
1427,6428,Alexa Stratton,IND_ORC_IN_2,8/9/23,,,,,,,,Orchard,Indian_Creek_2,In
1428,6429,Alexa Stratton,IND_ORC_OUT_2,8/9/23,,,,,,,,Orchard,Indian_Creek_2,In
1429,6430,Alexa Stratton,EVE_ORC_IN,8/9/23,0,0,0,0,0,0,0,Orchard,Eve,In
1430,6431,Alexa Stratton,EVE_ORC_OUT,8/9/23,0,1,2,0,1,0,3,Orchard,Eve,Out
1431,6432,Alexa Stratton,GRN_ORC_IN,8/9/23,,,,,,,,Orchard,Geneva_North,In
1432,6433,Alexa Stratton,GRN_ORC_OUT,8/9/23,,,,,,,,Orchard,Geneva_North,Out
1433,6434,Alexa Stratton,GRN_FIE_IN,8/9/23,,,,,,,,Field,Geneva_North,In
1434,6435,Alexa Stratton,GRN_FIE_OUT,8/9/23,,,,,,,,Field,Geneva_North,Out
1435,6436,Alexa Stratton,GRS_FIE_IN,8/9/23,,,,,,,,Field,Geneva_South,In
1437,6438,Alexa Stratton,GRS_ORC_IN,8/9/23,,,,,,,,Orchard,Geneva_South,In
1439,6440,Alexa Stratton,EVE_ORC_OUT,8/16/23,0,0,0,0,0,0,0,Orchard,Eve,Out
1440,6441,Alexa Stratton,EVE_ORC_IN,8/16/23,0,0,0,0,1,0,0,Orchard,Eve,In
1442,6443,Alexa Stratton,GRS_ORC_IN,8/16/23,,,,,,,,Orchard,Geneva_South,In
1444,6445,Alexa Stratton,GRS_FIE_IN,8/16/23,,,,,,,,Field,Geneva_South,In
1445,6446,Alexa Stratton,GRN_ORC_OUT,8/16/23,,,,,,,,Orchard,Geneva_North,Out
1446,6447,Alexa Stratton,GRN_ORC_IN,8/16/23,,,,,,,,Orchard,Geneva_North,In
1447,6448,Alexa Stratton,GRN_FIE_OUT,8/16/23,,,,,,,,Field,Geneva_North,Out
1448,6449,Alexa Stratton,GRN_FIE_IN,8/16/23,,,,,,,,Field,Geneva_North,In
1449,6450,Alexa Stratton,IND_ORC_OUT,8/16/23,,,,,,,,Orchard,Indian_Creek_1,In
1450,6451,Alexa Stratton,IND_ORC_IN,8/16/23,,,,,,,,Orchard,Indian_Creek_1,In
1451,6452,Alexa Stratton,IND_ORC_OUT_2,8/16/23,,,,,,,,Orchard,Indian_Creek_2,In
1452,6453,Alexa Stratton,IND_ORC_IN_2,8/16/23,,,,,,,,Orchard,Indian_Creek_2,In
1453,6454,Alexa Stratton,OLE_FOR_OUT,8/15/23,,,,,,,,Forest,Oles,Out
1454,6455,Alexa Stratton,OLE_FOR_IN,8/15/23,,,,,,,,Forest,Oles,In
1455,6456,Alexa Stratton,OLE_FIE_OUT,8/15/23,,,,,,,,Field,Oles,Out
1456,6457,Alexa Stratton,OLE_FIE_IN,8/15/23,,,,,,,,Field,Oles,In
1457,6458,Alexa Stratton,KIR_FOR_OUT,8/15/23,0,0,0,0,0,0,0,Forest,Kirby,Out
1458,6459,Alexa Stratton,KIR_FOR_IN,8/15/23,0,0,0,0,0,0,0,Forest,Kirby,In
1459,6460,Alexa Stratton,KIR_ORC_OUT,8/15/23,0,1,1,3,0,0,5,Orchard,Kirby,Out
1460,6461,Alexa Stratton,KIR_ORC_IN,8/15/23,0,1,0,2,0,0,3,Orchard,Kirby,In
1461,6462,Alexa Stratton,KIR_FIE_OUT,8/15/23,8,5,4,8,1,4,25,Field,Kirby,Out
1462,6463,Alexa Stratton,KIR_FIE_IN,8/15/23,0,4,1,5,0,1,10,Field,Kirby,In
1463,6464,Alexa Stratton,KIR_FOR_OUT,8/23/23,0,0,0,2,0,0,2,Forest,Kirby,Out
1464,6465,Alexa Stratton,KIR_FOR_IN,8/23/23,0,0,0,1,0,0,1,Forest,Kirby,In
1465,6466,Alexa Stratton,KIR_ORC_OUT,8/23/23,12,6,9,7,0,0,34,Orchard,Kirby,Out
1466,6467,Alexa Stratton,KIR_ORC_IN,8/23/23,1,4,1,1,0,0,7,Orchard,Kirby,In
1467,6468,Alexa Stratton,OLE_FOR_OUT,8/23/23,,,,,,,,Forest,Oles,Out
1468,6469,Alexa Stratton,OLE_FOR_IN,8/23/23,,,,,,,,Forest,Oles,In
1469,6470,Alexa Stratton,OLE_FIE_OUT,8/23/23,,,,,,,,Field,Oles,Out
1470,6471,Alexa Stratton,OLE_FIE_IN,8/23/23,,,,,,,,Field,Oles,In
1472,6473,Alexa Stratton,GRS_ORC_IN,8/23/23,,,,,,,,Orchard,Geneva_South,In
1474,6475,Alexa Stratton,GRS_FIE_IN,8/23/23,,,,,,,,Field,Geneva_South,In
1475,6476,Alexa Stratton,GRN_ORC_OUT,8/23/23,,,,,,,,Orchard,Geneva_North,Out
1476,6477,Alexa Stratton,GRN_ORC_IN,8/23/23,,,,,,,,Orchard,Geneva_North,In
1477,6478,Alexa Stratton,GRN_FIE_OUT,8/23/23,,,,,,,,Field,Geneva_North,Out
1478,6479,Alexa Stratton,GRN_FIE_IN,8/23/23,,,,,,,,Field,Geneva_North,In
1479,6480,Alexa Stratton,IND_ORC_OUT,8/23/23,,,,,,,,Orchard,Indian_Creek_1,In
1480,6481,Alexa Stratton,IND_ORC_IN,8/23/23,,,,,,,,Orchard,Indian_Creek_1,In
1481,6482,Alexa Stratton,IND_ORC_OUT_2,8/23/23,,,,,,,,Orchard,Indian_Creek_2,In
1482,6483,Alexa Stratton,IND_ORC_IN_2,8/23/23,,,,,,,,Orchard,Indian_Creek_2,In
1483,6484,Alexa Stratton,EVE_ORC_OUT,8/23/23,0,0,0,0,0,0,0,Orchard,Eve,Out
1484,6485,Alexa Stratton,EVE_ORC_IN,8/23/23,0,0,0,0,0,0,0,Orchard,Eve,In
1485,6486,Alexa Stratton,EVE_FOR_OUT,8/23/23,0,1,0,0,0,0,1,Forest,Eve,Out
1486,6487,Alexa Stratton,EVE_FOR_IN,8/23/23,0,0,0,0,0,0,0,Forest,Eve,In
1487,6488,Alexa Stratton,EVE_FIE_OUT,8/23/23,0,0,0,0,0,0,0,Field,Eve,Out
1488,6489,Alexa Stratton,EVE_FIE_IN,8/23/23,0,0,0,0,0,0,0,Field,Eve,In
1489,6490,Shea Crowther,POV_DUN,8/8/23,,,,,,,,Field,Dunlop,Out
1490,6491,Shea Crowther,POV_DUN,8/8/23,,,,,,,,Field,Dunlop,Out
1491,6492,Shea Crowther,DUN_FIE_IN,8/8/23,,,,,,,,Field,Dunlop,In
1492,6493,Shea Crowther,DUN_FOR_OUT,8/8/23,,,,,,,,Forest,Dunlop,Out
1493,6494,Shea Crowther,DUN_FOR_IN,8/8/23,,,,,,,,Forest,Dunlop,In
1494,6495,Shea Crowther,DIP_FLE,8/8/23,,,,,,,,Field,Fleming,Out
1495,6496,Shea Crowther,DIP_FLE,8/8/23,,,,,,,,Field,Fleming,Out
1496,6497,Shea Crowther,FLE_FIE_IN,8/8/23,,,,,,,,Field,Fleming,In
1497,6498,Shea Crowther,FLE_FOR_OUT,8/8/23,,,,,,,,Forest,Fleming,Out
1498,6499,Shea Crowther,FLE_FOR_IN,8/8/23,,,,,,,,Forest,Fleming,In
1499,6500,Shea Crowther,DIP_CUR,8/8/23,,,,,,,,Field,CURC,Out
1500,6501,Shea Crowther,DIP_CUR,8/8/23,,,,,,,,Field,CURC,Out
1501,6502,Shea Crowther,CUR_FIE_IN,8/8/23,,,,,,,,Field,CURC,In
1502,6503,Shea Crowther,DIP_PAT,8/8/23,,,,,,,,Field,Patterson,Out
1503,6504,Shea Crowther,DIP_PAT,8/8/23,,,,,,,,Field,Patterson,Out
1504,6505,Shea Crowther,PAT_FIE_IN,8/8/23,,,,,,,,Field,Patterson,In
1505,6506,Shea Crowther,POV_DUN,8/15/23,,,,,,,,Field,Dunlop,Out
1506,6507,Shea Crowther,POV_DUN,8/15/23,,,,,,,,Field,Dunlop,Out
1507,6508,Shea Crowther,DUN_FIE_IN,8/15/23,,,,,,,,Field,Dunlop,In
1508,6509,Shea Crowther,DUN_FOR_OUT,8/15/23,,,,,,,,Forest,Dunlop,Out
1509,6510,Shea Crowther,DUN_FOR_IN,8/15/23,,,,,,,,Forest,Dunlop,In
1510,6511,Shea Crowther,DIP_FLE,8/15/23,,,,,,,,Field,Fleming,Out
1511,6512,Shea Crowther,DIP_FLE,8/15/23,,,,,,,,Field,Fleming,Out
1512,6513,Shea Crowther,FLE_FIE_IN,8/15/23,,,,,,,,Field,Fleming,In
1513,6514,Shea Crowther,FLE_FOR_OUT,8/15/23,,,,,,,,Forest,Fleming,Out
1514,6515,Shea Crowther,FLE_FOR_IN,8/15/23,,,,,,,,Forest,Fleming,In
1515,6516,Shea Crowther,DIP_CUR,8/15/23,,,,,,,,Field,CURC,Out
1516,6517,Shea Crowther,DIP_CUR,8/15/23,,,,,,,,Field,CURC,Out
1517,6518,Shea Crowther,CUR_FIE_IN,8/15/23,,,,,,,,Field,CURC,In
1518,6519,Shea Crowther,DIP_PAT,8/15/23,,,,,,,,Field,Patterson,Out
1519,6520,Shea Crowther,DIP_PAT,8/15/23,,,,,,,,Field,Patterson,Out
1520,6521,Shea Crowther,PAT_FIE_IN,8/15/23,,,,,,,,Field,Patterson,In
1521,6522,Shea Crowther,POV_DUN,8/22/23,,,,,,,,Field,Dunlop,Out
1522,6523,Shea Crowther,POV_DUN,8/22/23,,,,,,,,Field,Dunlop,Out
1523,6524,Shea Crowther,DUN_FIE_IN,8/22/23,,,,,,,,Field,Dunlop,In
1524,6525,Shea Crowther,DUN_FOR_OUT,8/22/23,,,,,,,,Forest,Dunlop,Out
1525,6526,Shea Crowther,DUN_FOR_IN,8/22/23,,,,,,,,Forest,Dunlop,In
1526,6527,Shea Crowther,DIP_FLE,8/22/23,,,,,,,,Field,Fleming,Out
1527,6528,Shea Crowther,DIP_FLE,8/22/23,,,,,,,,Field,Fleming,Out
1528,6529,Shea Crowther,FLE_FIE_IN,8/22/23,,,,,,,,Field,Fleming,In
1529,6530,Shea Crowther,FLE_FOR_OUT,8/22/23,,,,,,,,Forest,Fleming,Out
1530,6531,Shea Crowther,FLE_FOR_IN,8/22/23,,,,,,,,Forest,Fleming,In
1531,6532,Shea Crowther,DIP_CUR,8/22/23,,,,,,,,Field,CURC,Out
1532,6533,Shea Crowther,DIP_CUR,8/22/23,,,,,,,,Field,CURC,Out
1533,6534,Shea Crowther,CUR_FIE_IN,8/22/23,,,,,,,,Field,CURC,In
1534,6535,Shea Crowther,DIP_PAT,8/22/23,,,,,,,,Field,Patterson,Out
1535,6536,Shea Crowther,DIP_PAT,8/22/23,,,,,,,,Field,Patterson,Out
1536,6537,Shea Crowther,PAT_FIE_IN,8/22/23,,,,,,,,Field,Patterson,In
1537,6538,Shea Crowther,POV_DUN,8/29/23,,,,,,,,Field,Dunlop,Out
1538,6539,Shea Crowther,POV_DUN,8/29/23,,,,,,,,Field,Dunlop,Out
1539,6540,Shea Crowther,DUN_FIE_IN,8/29/23,,,,,,,,Field,Dunlop,In
1540,6541,Shea Crowther,DUN_FOR_OUT,8/29/23,,,,,,,,Forest,Dunlop,Out
1541,6542,Shea Crowther,DUN_FOR_IN,8/29/23,,,,,,,,Forest,Dunlop,In
1542,6543,Shea Crowther,DIP_FLE,8/29/23,,,,,,,,Field,Fleming,Out
1543,6544,Shea Crowther,DIP_FLE,8/29/23,,,,,,,,Field,Fleming,Out
1544,6545,Shea Crowther,FLE_FIE_IN,8/29/23,0,0,0,0,0,0,0,Field,Fleming,In
1545,6546,Shea Crowther,FLE_FOR_OUT,8/29/23,0,0,0,0,0,0,0,Forest,Fleming,Out
1546,6547,Shea Crowther,FLE_FOR_IN,8/29/23,0,0,0,0,0,0,0,Forest,Fleming,In
1547,6548,Shea Crowther,DIP_CUR,8/29/23,,,,,,,,Field,CURC,Out
1548,6549,Shea Crowther,DIP_CUR,8/29/23,,,,,,,,Field,CURC,Out
1549,6550,Shea Crowther,CUR_FIE_IN,8/29/23,,,,,,,,Field,CURC,In
1550,6551,Shea Crowther,DIP_PAT,8/29/23,,,,,,,,Field,Patterson,Out
1551,6552,Shea Crowther,DIP_PAT,8/29/23,,,,,,,,Field,Patterson,Out
1552,6553,Shea Crowther,PAT_FIE_IN,8/29/23,,,,,,,,Field,Patterson,In
1553,6554,Alexa Stratton,IND_ORC_OUT,8/30/23,,,,,,,,Orchard,Indian_Creek_1,In
1554,6555,Alexa Stratton,IND_ORC_IN,8/30/23,,,,,,,,Orchard,Indian_Creek_1,In
1555,6556,Alexa Stratton,IND_ORC_OUT_2,8/30/23,,,,,,,,Orchard,Indian_Creek_2,In
1556,6557,Alexa Stratton,IND_ORC_IN_2,8/30/23,,,,,,,,Orchard,Indian_Creek_2,In
1557,6558,Alexa Stratton,EVE_ORC_OUT,8/30/23,0,0,0,0,0,0,0,Orchard,Eve,Out
1558,6559,Alexa Stratton,EVE_ORC_IN,8/30/23,0,0,0,0,0,0,0,Orchard,Eve,In
1559,6560,Alexa Stratton,EVE_FIE_OUT,8/30/23,0,0,0,0,0,0,0,Field,Eve,Out
1560,6561,Alexa Stratton,EVE_FIE_IN,8/30/23,0,0,0,0,0,0,0,Field,Eve,In
1561,6562,Alexa Stratton,EVE_FOR_OUT,8/30/23,0,0,1,1,0,0,2,Forest,Eve,Out
1562,6563,Alexa Stratton,EVE_FOR_IN,8/30/23,0,0,0,0,0,0,0,Forest,Eve,In
1564,6565,Alexa Stratton,GRS_ORC_IN,8/29/23,,,,,,,,Orchard,Geneva_South,In
1566,6567,Alexa Stratton,GRS_FIE_IN,8/30/23,,,,,,,,Field,Geneva_South,In
1567,6568,Alexa Stratton,GRN_ORC_OUT,8/30/23,21,13,14,17,2,3,65,Orchard,Geneva_North,Out
1568,6569,Alexa Stratton,GRN_ORC_IN,8/30/23,14,29,16,24,5,5,83,Orchard,Geneva_North,In
1569,6570,Alexa Stratton,GRN_FIE_OUT,8/30/23,3,0,6,11,1,4,20,Field,Geneva_North,Out
1570,6571,Alexa Stratton,GRN_FIE_IN,8/30/23,6,8,24,22,0,3,60,Field,Geneva_North,In
1571,6572,Alexa Stratton,KIR_ORC_OUT,8/30/23,0,4,3,4,0,1,11,Orchard,Kirby,Out
1572,6573,Alexa Stratton,KIR_ORC_IN,8/30/23,0,0,0,1,1,0,1,Orchard,Kirby,In
1573,6574,Alexa Stratton,KIR_FOR_OUT,8/30/23,0,0,0,0,0,0,0,Forest,Kirby,Out
1574,6575,Alexa Stratton,KIR_FOR_IN,8/30/23,0,0,0,0,0,0,0,Forest,Kirby,In
1575,6576,Alexa Stratton,OLE_FOR_OUT,8/29/23,,,,,,,,Forest,Oles,Out
1576,6577,Alexa Stratton,OLE_FOR_IN,8/29/23,,,,,,,,Forest,Oles,In
1577,6578,Alexa Stratton,OLE_FIE_OUT,8/29/23,,,,,,,,Field,Oles,Out
1578,6579,Alexa Stratton,OLE_FIE_IN,8/29/23,,,,,,,,Field,Oles,In
1583,6584,Shea Crowther,POV_DUN,9/5/23,,,,,,,,Field,Dunlop,Out
1584,6585,Shea Crowther,POV_DUN,9/5/23,,,,,,,,Field,Dunlop,Out
1585,6586,Shea Crowther,DUN_FIE_IN,9/5/23,0,0,0,0,0,0,0,Field,Dunlop,In
1586,6587,Shea Crowther,DUN_FOR_OUT,9/5/23,0,0,0,0,0,0,0,Forest,Dunlop,Out
1587,6588,Shea Crowther,DUN_FOR_IN,9/5/23,0,0,0,0,0,0,0,Forest,Dunlop,In
1588,6589,Shea Crowther,DIP_FLE,9/5/23,,,,,,,,Field,Fleming,Out
1589,6590,Shea Crowther,DIP_FLE,9/5/23,,,,,,,,Field,Fleming,Out
1590,6591,Shea Crowther,FLE_FIE_IN,9/5/23,0,0,0,0,0,0,0,Field,Fleming,In
1591,6592,Shea Crowther,FLE_FOR_OUT,9/5/23,0,0,0,0,0,0,0,Forest,Fleming,Out
1592,6593,Shea Crowther,FLE_FOR_IN,9/5/23,0,0,0,0,0,0,0,Forest,Fleming,In
1593,6594,Shea Crowther,DIP_CUR,9/5/23,,,,,,,,Field,CURC,Out
1594,6595,Shea Crowther,DIP_CUR,9/5/23,,,,,,,,Field,CURC,Out
1595,6596,Shea Crowther,CUR_FIE_IN,9/5/23,0,0,0,0,0,0,0,Field,CURC,In
1596,6597,Shea Crowther,DIP_PAT,9/5/23,,,,,,,,Field,Patterson,Out
1597,6598,Shea Crowther,DIP_PAT,9/5/23,,,,,,,,Field,Patterson,Out
1598,6599,Shea Crowther,PAT_FIE_IN,9/5/23,,,,,,,,Field,Patterson,In
1599,6600,Alexa Stratton,IND_ORC_OUT,9/6/23,3,1,6,2,2,14,12,Orchard,Indian_Creek_1,In
1600,6601,Alexa Stratton,IND_ORC_IN,9/6/23,3,5,1,2,2,0,11,Orchard,Indian_Creek_1,In
1601,6602,Alexa Stratton,IND_ORC_OUT_2,9/6/23,1,0,2,2,5,1,5,Orchard,Indian_Creek_2,In
1602,6603,Alexa Stratton,IND_ORC_IN_2,9/6/23,9,5,7,1,2,0,22,Orchard,Indian_Creek_2,In
1603,6604,Alexa Stratton,EVE_ORC_OUT,9/6/23,0,0,0,0,0,0,0,Orchard,Eve,Out
1604,6605,Alexa Stratton,EVE_ORC_IN,9/6/23,0,0,0,0,0,0,0,Orchard,Eve,In
1605,6606,Alexa Stratton,EVE_FIE_OUT,9/6/23,0,0,0,0,0,0,0,Field,Eve,Out
1606,6607,Alexa Stratton,EVE_FIE_IN,9/6/23,0,0,0,0,0,0,0,Field,Eve,In
1607,6608,Alexa Stratton,EVE_FOR_OUT,9/6/23,1,0,0,1,0,0,2,Forest,Eve,Out
1608,6609,Alexa Stratton,EVE_FOR_IN,9/6/23,0,0,0,0,0,0,0,Forest,Eve,In
1610,6611,Alexa Stratton,GRS_ORC_IN,9/6/23,9,4,15,5,12,23,33,Orchard,Geneva_South,In
1612,6613,Alexa Stratton,GRS_FIE_IN,9/6/23,0,0,1,1,0,0,2,Field,Geneva_South,In
1613,6614,Alexa Stratton,GRN_ORC_OUT,9/6/23,,,,,,,,Orchard,Geneva_North,Out
1614,6615,Alexa Stratton,GRN_ORC_IN,9/6/23,,,,,,,,Orchard,Geneva_North,In
1615,6616,Alexa Stratton,GRN_FIE_OUT,9/6/23,,,,,,,,Field,Geneva_North,Out
1616,6617,Alexa Stratton,GRN_FIE_IN,9/6/23,,,,,,,,Field,Geneva_North,In
1617,6618,Alexa Stratton,KIR_ORC_OUT,9/6/23,1,1,0,0,0,0,2,Orchard,Kirby,Out
1618,6619,Alexa Stratton,KIR_ORC_IN,9/6/23,0,0,0,0,0,0,0,Orchard,Kirby,In
1619,6620,Alexa Stratton,KIR_FOR_OUT,9/6/23,0,0,0,0,0,0,0,Forest,Kirby,Out
1620,6621,Alexa Stratton,KIR_FOR_IN,9/6/23,0,0,0,0,0,0,0,Forest,Kirby,In
1621,6622,Alexa Stratton,OLE_FOR_OUT,9/5/23,,,,,,,,Forest,Oles,Out
1622,6623,Alexa Stratton,OLE_FOR_IN,9/5/23,,,,,,,,Forest,Oles,In
1623,6624,Alexa Stratton,OLE_FIE_OUT,9/5/23,,,,,,,,Field,Oles,Out
1624,6625,Alexa Stratton,OLE_FIE_IN,9/5/23,,,,,,,,Field,Oles,In
1689,6690,Alexa Stratton,IND_ORC_OUT,9/13/23,,,,,,,,Orchard,Indian_Creek_1,In
1690,6691,Alexa Stratton,IND_ORC_IN,9/13/23,,,,,,,,Orchard,Indian_Creek_1,In
1691,6692,Alexa Stratton,IND_ORC_OUT_2,9/13/23,,,,,,,,Orchard,Indian_Creek_2,In
1692,6693,Alexa Stratton,IND_ORC_IN_2,9/13/23,,,,,,,,Orchard,Indian_Creek_2,In
1693,6694,Alexa Stratton,EVE_ORC_OUT,9/13/23,0,0,0,3,0,0,3,Orchard,Eve,Out
1694,6695,Alexa Stratton,EVE_ORC_IN,9/13/23,0,0,0,0,0,0,0,Orchard,Eve,In
1695,6696,Alexa Stratton,EVE_FIE_OUT,9/13/23,0,0,0,0,0,0,0,Field,Eve,Out
1696,6697,Alexa Stratton,EVE_FIE_IN,9/13/23,0,0,0,0,0,0,0,Field,Eve,In
1697,6698,Alexa Stratton,EVE_FOR_OUT,9/13/23,0,0,0,0,0,0,0,Forest,Eve,Out
1698,6699,Alexa Stratton,EVE_FOR_IN,9/13/23,0,0,0,0,0,0,0,Forest,Eve,In
1700,6701,Alexa Stratton,GRS_ORC_IN,9/13/23,,,,,,,,Orchard,Geneva_South,In
1702,6703,Alexa Stratton,GRS_FIE_IN,9/13/23,,,,,,,,Field,Geneva_South,In
1703,6704,Alexa Stratton,GRN_ORC_OUT,9/13/23,,,,,,,,Orchard,Geneva_North,Out
1704,6705,Alexa Stratton,GRN_ORC_IN,9/13/23,,,,,,,,Orchard,Geneva_North,In
1705,6706,Alexa Stratton,GRN_FIE_OUT,9/13/23,,,,,,,,Field,Geneva_North,Out
1706,6707,Alexa Stratton,GRN_FIE_IN,9/13/23,,,,,,,,Field,Geneva_North,In
1707,6708,Alexa Stratton,KIR_ORC_OUT,9/13/23,3,4,13,10,1,4,30,Orchard,Kirby,Out
1708,6709,Alexa Stratton,KIR_ORC_IN,9/13/23,5,2,1,0,1,1,8,Orchard,Kirby,In
1709,6710,Alexa Stratton,KIR_FOR_IN,9/13/23,0,0,0,0,0,0,0,Forest,Kirby,In
1710,6711,Alexa Stratton,OLE_FOR_OUT,9/12/23,,,,,,,,Forest,Oles,Out
1711,6712,Alexa Stratton,OLE_FOR_IN,9/12/23,,,,,,,,Forest,Oles,In
1712,6713,Alexa Stratton,OLE_FIE_OUT,9/12/23,,,,,,,,Field,Oles,Out
1713,6714,Alexa Stratton,OLE_FIE_IN,9/12/23,,,,,,,,Field,Oles,In
1714,6715,Alexa Stratton,IND_ORC_OUT,9/20/23,2,0,2,1,1,1,5,Orchard,Indian_Creek_1,In
1715,6716,Alexa Stratton,IND_ORC_IN,9/20/23,1,1,1,0,0,0,3,Orchard,Indian_Creek_1,In
1716,6717,Alexa Stratton,IND_ORC_OUT_2,9/20/23,4,3,10,2,0,0,19,Orchard,Indian_Creek_2,In
1717,6718,Alexa Stratton,IND_ORC_IN_2,9/20/23,1,0,0,0,0,0,1,Orchard,Indian_Creek_2,In
1718,6719,Alexa Stratton,EVE_ORC_OUT,9/20/23,2,2,2,3,0,0,9,Orchard,Eve,Out
1719,6720,Alexa Stratton,EVE_ORC_IN,9/20/23,0,0,0,0,0,0,0,Orchard,Eve,In
1720,6721,Alexa Stratton,EVE_FIE_OUT,9/20/23,0,0,7,0,0,0,7,Field,Eve,Out
1721,6722,Alexa Stratton,EVE_FIE_IN,9/20/23,0,1,0,0,0,0,1,Field,Eve,In
1722,6723,Alexa Stratton,EVE_FOR_OUT,9/20/23,0,0,0,0,0,0,0,Forest,Eve,Out
1723,6724,Alexa Stratton,EVE_FOR_IN,9/20/23,0,0,0,0,0,0,0,Forest,Eve,In
1725,6726,Alexa Stratton,GRS_ORC_IN,9/20/23,8,3,11,4,1,3,26,Orchard,Geneva_South,In
1727,6728,Alexa Stratton,GRS_FIE_IN,9/20/23,0,0,0,0,0,0,0,Field,Geneva_South,In
1728,6729,Alexa Stratton,GRN_ORC_OUT,9/20/23,28,6,10,3,20,13,47,Orchard,Geneva_North,Out
1729,6730,Alexa Stratton,GRN_ORC_IN,9/20/23,8,23,8,4,15,4,43,Orchard,Geneva_North,In
1730,6731,Alexa Stratton,GRN_FIE_OUT,9/20/23,2,1,14,4,0,13,21,Field,Geneva_North,Out
1731,6732,Alexa Stratton,GRN_FIE_IN,9/20/23,16,6,18,15,4,12,55,Field,Geneva_North,In
1732,6733,Alexa Stratton,KIR_ORC_OUT,9/20/23,80,3,93,16,4,34,192,Orchard,Kirby,Out
1733,6734,Alexa Stratton,KIR_ORC_IN,9/20/23,19,6,37,14,7,5,76,Orchard,Kirby,In
1734,6735,Alexa Stratton,KIR_FOR_OUT,9/20/23,15,2,65,14,1,4,96,Forest,Kirby,Out
1735,6736,Alexa Stratton,KIR_FOR_IN,9/20/23,0,0,0,0,0,0,0,Forest,Kirby,In
1736,6737,Alexa Stratton,KIR_FIE_OUT,9/20/23,15,9,7,3,30,23,34,Field,Kirby,Out
1737,6738,Alexa Stratton,KIR_FIE_IN,9/20/23,23,12,13,10,26,36,58,Field,Kirby,In
1738,6739,Alexa Stratton,OLE_FOR_OUT,9/19/23,0,0,4,2,0,0,6,Forest,Oles,Out
1739,6740,Alexa Stratton,OLE_FOR_IN,9/19/23,0,0,0,0,0,0,0,Forest,Oles,In
1740,6741,Alexa Stratton,OLE_FIE_OUT,9/19/23,2,4,1,2,2,2,9,Field,Oles,Out
1741,6742,Alexa Stratton,OLE_FIE_IN,9/19/23,3,1,0,0,0,0,4,Field,Oles,In
1742,6743,Alexa Stratton,IND_ORC_OUT,9/27/23,1,0,5,1,0,10,7,Orchard,Indian_Creek_1,In
1743,6744,Alexa Stratton,IND_ORC_IN,9/27/23,8,3,5,1,1,6,17,Orchard,Indian_Creek_1,In
1744,6745,Alexa Stratton,IND_ORC_OUT_2,9/27/23,7,1,17,2,3,1,27,Orchard,Indian_Creek_2,In
1745,6746,Alexa Stratton,IND_ORC_IN_2,9/27/23,0,0,0,1,0,0,1,Orchard,Indian_Creek_2,In
1746,6747,Alexa Stratton,EVE_ORC_OUT,9/27/23,1,0,0,3,0,0,4,Orchard,Eve,Out
1747,6748,Alexa Stratton,EVE_ORC_IN,9/27/23,0,0,0,0,0,0,0,Orchard,Eve,In
1748,6749,Alexa Stratton,EVE_FIE_OUT,9/27/23,0,0,7,0,0,0,7,Field,Eve,Out
1749,6750,Alexa Stratton,EVE_FIE_IN,9/27/23,0,0,0,0,0,0,0,Field,Eve,In
1750,6751,Alexa Stratton,EVE_FOR_OUT,9/27/23,0,1,1,0,0,0,2,Forest,Eve,Out
1751,6752,Alexa Stratton,EVE_FOR_IN,9/27/23,1,0,0,0,0,0,1,Forest,Eve,In
1753,6754,Alexa Stratton,GRS_ORC_IN,9/27/23,6,8,3,4,7,5,21,Orchard,Geneva_South,In
1754,6755,Alexa Stratton,GRN_ORC_OUT,9/27/23,17,7,48,30,1,5,102,Orchard,Geneva_North,Out
1755,6756,Alexa Stratton,GRN_ORC_IN,9/27/23,19,10,12,14,0,4,55,Orchard,Geneva_North,In
1756,6757,Alexa Stratton,GRN_FIE_OUT,9/27/23,5,2,15,9,0,5,31,Field,Geneva_North,Out
1757,6758,Alexa Stratton,GRN_FIE_IN,9/27/23,10,3,21,10,0,3,44,Field,Geneva_North,In
1758,6759,Alexa Stratton,KIR_ORC_OUT,9/27/23,41,8,7,7,1,6,63,Orchard,Kirby,Out
1759,6760,Alexa Stratton,KIR_ORC_IN,9/27/23,8,4,21,1,1,2,34,Orchard,Kirby,In
1760,6761,Alexa Stratton,KIR_FOR_OUT,9/27/23,4,0,29,3,0,0,36,Forest,Kirby,Out
1761,6762,Alexa Stratton,KIR_FOR_IN,9/27/23,0,0,1,0,0,0,1,Forest,Kirby,In
1762,6763,Alexa Stratton,KIR_FIE_OUT,9/27/23,37,17,30,7,21,27,91,Field,Kirby,Out
1763,6764,Alexa Stratton,KIR_FIE_IN,9/27/23,31,15,21,2,15,16,69,Field,Kirby,In
1764,6765,Alexa Stratton,OLE_FOR_OUT,9/26/23,0,1,1,1,0,0,3,Forest,Oles,Out
1765,6766,Alexa Stratton,OLE_FOR_IN,9/26/23,0,0,0,0,0,0,0,Forest,Oles,In
1766,6767,Alexa Stratton,OLE_FIE_OUT,9/26/23,4,9,2,0,2,4,15,Field,Oles,Out
1767,6768,Alexa Stratton,OLE_FIE_IN,9/26/23,0,0,2,0,0,0,2,Field,Oles,In
1768,6769,Shea Crowther,DIP_FLE,9/12/23,,,,,,,,Field,Fleming,Out
1769,6770,Shea Crowther,DIP_FLE,9/12/23,,,,,,,,Field,Fleming,Out
1770,6771,Shea Crowther,FLE_FIE_IN,9/12/23,,,,,,,,Field,Fleming,In
1771,6772,Shea Crowther,FLE_FOR_OUT,9/12/23,,,,,,,,Forest,Fleming,Out
1772,6773,Shea Crowther,FLE_FOR_IN,9/12/23,,,,,,,,Forest,Fleming,In
1773,6774,Shea Crowther,DIP_CUR,9/12/23,,,,,,,,Field,CURC,Out
1774,6775,Shea Crowther,DIP_CUR,9/12/23,,,,,,,,Field,CURC,Out
1775,6776,Shea Crowther,CUR_FIE_IN,9/12/23,,,,,,,,Field,CURC,In
1776,6777,Shea Crowther,DIP_PAT,9/12/23,,,,,,,,Field,Patterson,Out
1777,6778,Shea Crowther,DIP_PAT,9/12/23,,,,,,,,Field,Patterson,Out
1778,6779,Shea Crowther,PAT_FIE_IN,9/12/23,5,1,7,8,0,3,21,Field,Patterson,In
1779,6780,Katja Poveda,POV_DUN,9/12/23,0,3,0,6,0,1,9,Field,Dunlop,Out
1780,6781,Katja Poveda,POV_DUN,9/12/23,,,,,,,,Field,Dunlop,Out
1781,6782,Katja Poveda,DUN_FOR_OUT,9/12/23,,,,,,,,Forest,Dunlop,Out
1782,6783,Katja Poveda,DUN_FOR_IN,9/12/23,,,,,,,,Forest,Dunlop,In
1783,6784,Katja Poveda,DUN_FIE_IN,9/12/23,,,,,,,,Field,Dunlop,In
1784,6785,Shea Crowther,DIP_FLE,9/19/23,,,,,,,,Field,Fleming,Out
1785,6786,Shea Crowther,DIP_FLE,9/19/23,,,,,,,,Field,Fleming,Out
1786,6787,Shea Crowther,FLE_FIE_IN,9/19/23,0,0,1,0,0,0,1,Field,Fleming,In
1787,6788,Shea Crowther,FLE_FOR_OUT,9/19/23,0,0,0,0,0,0,0,Forest,Fleming,Out
1788,6789,Shea Crowther,FLE_FOR_IN,9/19/23,0,0,0,0,0,0,0,Forest,Fleming,In
1789,6790,Shea Crowther,DIP_CUR,9/19/23,,,,,,,,Field,CURC,Out
1790,6791,Shea Crowther,DIP_CUR,9/19/23,,,,,,,,Field,CURC,Out
1791,6792,Shea Crowther,CUR_FIE_IN,9/19/23,,0,0,0,0,0,,Field,CURC,In
1792,6793,Shea Crowther,DIP_PAT,9/19/23,,,,,,,,Field,Patterson,Out
1793,6794,Shea Crowther,DIP_PAT,9/19/23,,,,,,,,Field,Patterson,Out
1794,6795,Shea Crowther,PAT_FIE_IN,9/19/23,0,0,0,0,0,0,0,Field,Patterson,In
1795,6796,Katja Poveda,POV_DUN,9/19/23,,,,,,,,Field,Dunlop,Out
1796,6797,Katja Poveda,POV_DUN,9/19/23,,,,,,,,Field,Dunlop,Out
1797,6798,Katja Poveda,DUN_FOR_OUT,9/19/23,0,0,0,0,0,0,0,Forest,Dunlop,Out
1798,6799,Katja Poveda,DUN_FOR_IN,9/19/23,0,0,0,0,0,0,0,Forest,Dunlop,In
1799,6800,Katja Poveda,DUN_FIE_IN,9/19/23,0,0,0,0,0,0,0,Field,Dunlop,In
1800,6801,Shea Crowther,DIP_FLE,9/26/23,,,,,,,,Field,Fleming,Out
1801,6802,Shea Crowther,DIP_FLE,9/26/23,,,,,,,,Field,Fleming,Out
1802,6803,Shea Crowther,FLE_FIE_IN,9/26/23,0,0,0,0,0,0,0,Field,Fleming,In
1803,6804,Shea Crowther,FLE_FOR_OUT,9/26/23,0,0,0,0,0,0,0,Forest,Fleming,Out
1804,6805,Shea Crowther,FLE_FOR_IN,9/26/23,0,0,0,0,0,0,0,Forest,Fleming,In
1805,6806,Shea Crowther,DIP_CUR,9/26/23,,,,,,,,Field,CURC,Out
1806,6807,Shea Crowther,DIP_CUR,9/26/23,,,,,,,,Field,CURC,Out
1807,6808,Shea Crowther,CUR_FIE_IN,9/26/23,0,0,0,0,0,0,0,Field,CURC,In
1808,6809,Shea Crowther,DIP_PAT,9/26/23,,,,,,,,Field,Patterson,Out
1809,6810,Shea Crowther,DIP_PAT,9/26/23,,,,,,,,Field,Patterson,Out
1810,6811,Shea Crowther,PAT_FIE_IN,9/26/23,0,0,0,0,0,0,0,Field,Patterson,In
1811,6812,Katja Poveda,POV_DUN,9/26/23,,,,,,,,Field,Dunlop,Out
1812,6813,Katja Poveda,POV_DUN,9/26/23,,,,,,,,Field,Dunlop,Out
1813,6814,Katja Poveda,DUN_FOR_OUT,9/26/23,0,0,0,1,0,0,1,Forest,Dunlop,Out
1814,6815,Katja Poveda,DUN_FOR_IN,9/26/23,0,0,0,0,0,0,0,Forest,Dunlop,In
1815,6816,Katja Poveda,DUN_FIE_IN,9/26/23,0,0,0,0,0,0,0,Field,Dunlop,In
1816,6817,Shea Crowther,DIP_FLE,10/3/23,,,,,,,,Field,Fleming,Out
1817,6818,Shea Crowther,DIP_FLE,10/3/23,,,,,,,,Field,Fleming,Out
1818,6819,Shea Crowther,FLE_FOR_OUT,10/3/23,0,0,0,0,0,0,0,Forest,Fleming,Out
1819,6820,Shea Crowther,FLE_FOR_IN,10/3/23,0,0,0,0,0,0,0,Forest,Fleming,In
1820,6821,Shea Crowther,FLE_FIE_IN,10/3/23,,,,,,,,Field,Fleming,In
1821,6822,Shea Crowther,DIP_CUR,10/3/23,,,,,,,,Field,CURC,Out
1822,6823,Shea Crowther,DIP_CUR,10/3/23,,,,,,,,Field,CURC,Out
1823,6824,Shea Crowther,CUR_FIE_IN,10/3/23,0,0,0,0,0,0,0,Field,CURC,In
1824,6825,Shea Crowther,DIP_PAT,10/3/23,,,,,,,,Field,Patterson,Out
1825,6826,Shea Crowther,DIP_PAT,10/3/23,,,,,,,,Field,Patterson,Out
1826,6827,Shea Crowther,POV_DUN,10/3/23,,,,,,,,Field,Dunlop,Out
1827,6828,Shea Crowther,POV_DUN,10/3/23,,,,,,,,Field,Dunlop,Out
1828,6829,Shea Crowther,DUN_FOR_OUT,10/3/23,0,0,0,0,0,0,0,Forest,Dunlop,Out
1829,6830,Shea Crowther,DUN_FOR_IN,10/3/23,0,0,0,0,0,0,0,Forest,Dunlop,In
1830,6831,Shea Crowther,DUN_FIE_IN,10/3/23,0,0,0,0,0,0,0,Field,Dunlop,In
1831,6832,Shea Crowther,DIP_FLE,10/10/23,,,,,,,,Field,Fleming,Out
1832,6833,Shea Crowther,DIP_FLE,10/10/23,,,,,,,,Field,Fleming,Out
1833,6834,Shea Crowther,FLE_FIE_IN,10/10/23,3,2,0,0,1,1,5,Field,Fleming,In
1834,6835,Shea Crowther,FLE_FOR_OUT,10/10/23,0,0,0,0,0,0,0,Forest,Fleming,Out
1835,6836,Shea Crowther,FLE_FOR_IN,10/10/23,0,0,0,0,0,0,0,Forest,Fleming,In
1836,6837,Shea Crowther,DIP_CUR,10/10/23,,,,,,,,Field,CURC,Out
1837,6838,Shea Crowther,DIP_CUR,10/10/23,,,,,,,,Field,CURC,Out
1838,6839,Shea Crowther,DIP_PAT,10/10/23,,,,,,,,Field,Patterson,Out
1839,6840,Shea Crowther,DIP_PAT,10/10/23,,,,,,,,Field,Patterson,Out
1840,6841,Shea Crowther,PAT_FIE_IN,10/10/23,4,2,0,0,1,0,6,Field,Patterson,In
1841,6842,Katja Poveda,POV_DUN,10/10/23,,,,,,,,Field,Dunlop,Out
1842,6843,Katja Poveda,POV_DUN,10/10/23,,,,,,,,Field,Dunlop,Out
1843,6844,Katja Poveda,DUN_FOR_OUT,10/10/23,1,0,0,0,0,0,1,Forest,Dunlop,Out
1844,6845,Katja Poveda,DUN_FOR_IN,10/10/23,0,0,0,0,0,0,0,Forest,Dunlop,In
1845,6846,Katja Poveda,DUN_FIE_IN,10/10/23,0,1,0,0,0,0,1,Field,Dunlop,In
1957,6958,Alexa Stratton,IND_ORC_OUT,10/4/23,0,1,0,1,0,3,2,Orchard,Indian_Creek_1,In
1958,6959,Alexa Stratton,IND_ORC_IN,10/4/23,0,0,0,1,0,0,1,Orchard,Indian_Creek_1,In
1959,6960,Alexa Stratton,IND_ORC_OUT_2,10/4/23,2,1,3,0,0,1,6,Orchard,Indian_Creek_2,In
1960,6961,Alexa Stratton,IND_ORC_IN_2,10/4/23,1,0,1,0,1,0,2,Orchard,Indian_Creek_2,In
1961,6962,Alexa Stratton,EVE_ORC_OUT,10/4/23,0,0,0,1,0,0,1,Orchard,Eve,Out
1962,6963,Alexa Stratton,EVE_ORC_IN,10/4/23,0,3,0,0,0,0,3,Orchard,Eve,In
1963,6964,Alexa Stratton,EVE_FIE_OUT,10/4/23,0,0,0,1,0,0,1,Field,Eve,Out
1964,6965,Alexa Stratton,EVE_FOR_OUT,10/4/23,0,0,0,0,0,0,0,Forest,Eve,Out
1965,6966,Alexa Stratton,EVE_FOR_IN,10/4/23,0,0,0,0,0,0,0,Forest,Eve,In
1967,6968,Alexa Stratton,GRS_ORC_IN,10/4/23,4,7,0,5,1,1,16,Orchard,Geneva_South,In
1968,6969,Alexa Stratton,GRN_ORC_OUT,10/4/23,26,29,28,50,4,7,133,Orchard,Geneva_North,Out
1969,6970,Alexa Stratton,GRN_ORC_IN,10/4/23,12,42,32,50,3,8,136,Orchard,Geneva_North,In
1970,6971,Alexa Stratton,GRN_FIE_OUT,10/4/23,2,3,8,13,0,1,26,Field,Geneva_North,Out
1971,6972,Alexa Stratton,GRN_FIE_IN,10/4/23,1,7,4,2,0,2,14,Field,Geneva_North,In
1972,6973,Alexa Stratton,KIR_ORC_OUT,10/4/23,10,5,12,1,0,0,28,Orchard,Kirby,Out
1973,6974,Alexa Stratton,KIR_ORC_IN,10/4/23,3,1,12,1,0,1,17,Orchard,Kirby,In
1974,6975,Alexa Stratton,KIR_FOR_OUT,10/4/23,3,1,26,1,0,0,31,Forest,Kirby,Out
1975,6976,Alexa Stratton,KIR_FOR_IN,10/4/23,1,0,1,0,0,0,2,Forest,Kirby,In
1976,6977,Alexa Stratton,KIR_FIE_OUT,10/4/23,31,9,18,5,6,1,63,Field,Kirby,Out
1977,6978,Alexa Stratton,KIR_FIE_IN,10/4/23,15,0,8,3,1,6,26,Field,Kirby,In
1978,6979,Alexa Stratton,OLE_FOR_OUT,10/4/23,5,1,7,8,0,3,21,Forest,Oles,Out
1979,6980,Alexa Stratton,OLE_FOR_IN,10/4/23,0,3,0,6,0,1,9,Forest,Oles,In
1980,6981,Alexa Stratton,OLE_FIE_OUT,10/4/23,2,16,1,5,6,1,24,Field,Oles,Out
1981,6982,Alexa Stratton,OLE_FIE_IN,10/4/23,1,4,5,4,0,2,14,Field,Oles,In
1983,6984,Alexa Stratton,GRS_FIE_IN,10/4/23,0,4,3,0,10,12,7,Field,Geneva_South,In
1984,6985,Shea Crowther,DIP_CUR,10/17/23,,,,,,,,Field,CURC,Out
1985,6986,Shea Crowther,DIP_CUR,10/17/23,6,5,0,0,0,0,11,Field,CURC,Out
1986,6987,Shea Crowther,DIP_FLE,10/17/23,,,,,,,,Field,Fleming,Out
1987,6988,Shea Crowther,DIP_FLE,10/17/23,1,0,1,0,0,0,2,Field,Fleming,Out
1988,6989,Shea Crowther,FLE_FIE_IN,10/17/23,2,3,5,3,1,2,13,Field,Fleming,In
1989,6990,Shea Crowther,FLE_FOR_OUT,10/17/23,0,0,0,0,0,0,0,Forest,Fleming,Out
1990,6991,Shea Crowther,FLE_FOR_IN,10/17/23,0,0,0,0,0,0,0,Forest,Fleming,In
1991,6992,Shea Crowther,DIP_PAT,10/17/23,7,6,4,3,2,0,20,Field,Patterson,Out
1992,6993,Shea Crowther,DIP_PAT,10/17/23,,,,,,,,Field,Patterson,Out
1993,6994,Shea Crowther,PAT_FIE_IN,10/17/23,8,15,3,2,3,1,28,Field,Patterson,In
1994,6995,Katja Poveda,POV_DUN,10/17/23,,,,,,,,Field,Dunlop,Out
1995,6996,Katja Poveda,POV_DUN,10/17/23,0,0,0,0,0,0,0,Field,Dunlop,Out
1996,6997,Katja Poveda,DUN_FIE_IN,10/17/23,0,0,0,0,0,0,0,Field,Dunlop,In
1997,6998,Katja Poveda,DUN_FOR_OUT,10/17/23,1,0,0,0,0,0,1,Forest,Dunlop,Out
1998,6999,Katja Poveda,DUN_FOR_IN,10/17/23,0,0,0,0,0,0,0,Forest,Dunlop,In
1999,7000,Shea Crowther,DIP_CUR,10/24/23,3,1,2,0,0,0,6,Field,CURC,Out
2000,7001,Shea Crowther,DIP_CUR,10/24/23,,,,,,,,Field,CURC,Out
2001,7002,Shea Crowther,CUR_FIE_IN,10/24/23,11,8,2,5,1,6,26,Field,CURC,In
2002,7003,Shea Crowther,DIP_FLE,10/24/23,,,,,,,,Field,Fleming,Out
2003,7004,Shea Crowther,DIP_FLE,10/24/23,0,0,0,2,0,0,2,Field,Fleming,Out
2004,7005,Shea Crowther,FLE_FOR_OUT,10/24/23,0,0,1,0,0,0,1,Forest,Fleming,Out
2005,7006,Shea Crowther,FLE_FOR_IN,10/24/23,0,0,0,0,0,0,0,Forest,Fleming,In
2006,7007,Shea Crowther,DIP_PAT,10/24/23,1,0,1,0,0,0,2,Field,Patterson,Out
2007,7008,Shea Crowther,PAT_FIE_IN,10/24/23,5,6,3,6,1,0,20,Field,Patterson,In
2008,7009,Katja Poveda,POV_DUN,10/24/23,,,,,,,,Field,Dunlop,Out
2009,7010,Katja Poveda,POV_DUN,10/24/23,0,0,0,1,0,0,1,Field,Dunlop,Out
2010,7011,Katja Poveda,DUN_FIE_IN,10/24/23,0,0,0,0,0,0,0,Field,Dunlop,In
2011,7012,Katja Poveda,DUN_FOR_OUT,10/24/23,1,3,1,4,0,0,9,Forest,Dunlop,Out
2012,7013,Katja Poveda,DUN_FOR_IN,10/24/23,0,0,0,0,0,0,0,Forest,Dunlop,In
2013,7014,Shea Crowther,DIP_CUR,10/31/23,1,0,0,0,2,0,1,Field,CURC,Out
2014,7015,Shea Crowther,DIP_CUR,10/31/23,,,,,,,,Field,CURC,Out
2015,7016,Shea Crowther,CUR_FIE_IN,10/31/23,0,2,1,1,1,1,4,Field,CURC,In
2016,7017,Shea Crowther,DIP_PAT,10/24/23,,,,,,,,Field,Patterson,Out
2017,7018,Shea Crowther,DIP_FLE,10/31/23,3,1,0,2,1,0,6,Field,Fleming,Out
2018,7019,Shea Crowther,DIP_FLE,10/31/23,,,,,,,,Field,Fleming,Out
2019,7020,Shea Crowther,FLE_FOR_OUT,10/31/23,0,0,0,1,0,0,1,Forest,Fleming,Out
2020,7021,Shea Crowther,FLE_FOR_IN,10/31/23,0,0,1,0,0,0,1,Forest,Fleming,In
2021,7022,Shea Crowther,DIP_PAT,10/31/23,2,8,1,2,4,2,13,Field,Patterson,Out
2022,7023,Shea Crowther,DIP_PAT,10/31/23,,,,,,,,Field,Patterson,Out
2023,7024,Shea Crowther,PAT_FIE_IN,10/31/23,1,5,1,9,2,2,16,Field,Patterson,In
2024,7025,Shea Crowther,POV_DUN,10/31/23,,,,,,,,Field,Dunlop,Out
2025,7026,Shea Crowther,POV_DUN,10/31/23,0,0,0,0,0,0,0,Field,Dunlop,Out
2026,7027,Shea Crowther,DUN_FIE_IN,10/31/23,0,0,0,0,0,0,0,Field,Dunlop,In
2027,7028,Shea Crowther,DUN_FOR_OUT,10/31/23,0,0,0,0,0,0,0,Forest,Dunlop,Out
2028,7029,Shea Crowther,DIP_CUR,11/7/23,,,,,,,,Field,CURC,Out
2029,7030,Shea Crowther,DIP_CUR,11/7/23,1,0,0,2,0,0,3,Field,CURC,Out
2030,7031,Shea Crowther,CUR_FIE_IN,11/7/23,0,0,0,0,0,0,0,Field,CURC,In
2031,7032,Shea Crowther,DIP_FLE,11/7/23,0,0,0,0,0,0,0,Field,Fleming,Out
2032,7033,Shea Crowther,DIP_FLE,11/7/23,,,,,,,,Field,Fleming,Out
2033,7034,Shea Crowther,FLE_FIE_IN,11/7/23,0,1,0,0,1,0,1,Field,Fleming,In
2034,7035,Shea Crowther,FLE_FIE_IN,11/7/23,2,4,3,5,3,1,14,Field,Fleming,In
2035,7036,Shea Crowther,FLE_FOR_OUT,11/7/23,0,0,0,0,0,0,0,Forest,Fleming,Out
2036,7037,Shea Crowther,FLE_FOR_IN,11/7/23,0,0,0,0,0,0,0,Forest,Fleming,In
2037,7038,Shea Crowther,DIP_PAT,11/7/23,0,4,1,2,1,0,7,Field,Patterson,Out
2038,7039,Shea Crowther,DIP_PAT,11/7/23,,,,,,,,Field,Patterson,Out
2039,7040,Shea Crowther,PAT_FIE_IN,11/7/23,2,2,0,0,1,0,4,Field,Patterson,In
2040,7041,Shea Crowther,POV_DUN,11/8/23,,,,,,,,Field,Dunlop,Out
2041,7042,Shea Crowther,POV_DUN,11/8/23,0,1,0,0,0,0,1,Field,Dunlop,Out
2042,7043,Shea Crowther,DUN_FIE_IN,11/8/23,0,0,0,0,0,0,0,Field,Dunlop,In
2043,7044,Shea Crowther,DUN_FOR_OUT,11/8/23,0,1,0,0,0,0,1,Forest,Dunlop,Out
2044,7045,Shea Crowther,DUN_FOR_IN,11/8/23,0,0,0,0,0,0,0,Forest,Dunlop,In
2045,7046,Shea Crowther,DIP_CUR,11/14/23,0,1,0,0,0,0,1,Field,CURC,Out
2046,7047,Shea Crowther,DIP_CUR,11/14/23,,,,,,,,Field,CURC,Out
2047,7048,Shea Crowther,CUR_FIE_IN,11/14/23,0,0,1,1,0,0,2,Field,CURC,In
2048,7049,Shea Crowther,DIP_FLE,11/14/23,,,,,,,,Field,Fleming,Out
2049,7050,Shea Crowther,DIP_FLE,11/14/23,0,0,0,0,1,0,0,Field,Fleming,Out
2050,7051,Shea Crowther,FLE_FIE_IN,11/14/23,1,0,0,0,0,0,1,Field,Fleming,In
2051,7052,Shea Crowther,FLE_FOR_OUT,11/14/23,0,0,0,0,0,0,0,Forest,Fleming,Out
2052,7053,Shea Crowther,FLE_FOR_IN,11/14/23,0,0,0,0,0,0,0,Forest,Fleming,In
2053,7054,Shea Crowther,DIP_PAT,11/14/23,0,0,1,0,0,0,1,Field,Patterson,Out
2054,7055,Shea Crowther,DIP_PAT,11/14/23,,,,,,,,Field,Patterson,Out
2055,7056,Shea Crowther,PAT_FIE_IN,11/14/23,0,0,0,0,0,0,0,Field,Patterson,In
2056,7057,Shea Crowther,POV_DUN,11/14/23,,,,,,,,Field,Dunlop,Out
2057,7058,Shea Crowther,POV_DUN,11/14/23,0,0,0,0,0,0,0,Field,Dunlop,Out
2058,7059,Shea Crowther,DUN_FIE_IN,11/14/23,0,0,0,0,0,0,0,Field,Dunlop,In
2059,7060,Shea Crowther,DUN_FOR_OUT,11/14/23,0,0,0,0,0,0,0,Forest,Dunlop,Out
2060,7061,Alexa Stratton,IND_ORC_OUT,10/11/23,0,1,5,2,0,0,8,Orchard,Indian_Creek_1,In
2061,7062,Alexa Stratton,IND_ORC_IN,10/11/23,1,0,3,0,1,0,4,Orchard,Indian_Creek_1,In
2062,7063,Alexa Stratton,IND_ORC_OUT_2,10/11/23,0,2,7,4,0,0,13,Orchard,Indian_Creek_2,In
2063,7064,Alexa Stratton,IND_ORC_IN_2,10/11/23,0,0,1,0,0,0,1,Orchard,Indian_Creek_2,In
2064,7065,Alexa Stratton,EVE_ORC_OUT,10/11/23,0,0,0,0,0,0,0,Orchard,Eve,Out
2065,7066,Alexa Stratton,EVE_ORC_IN,10/11/23,1,0,0,0,0,0,1,Orchard,Eve,In
2066,7067,Alexa Stratton,EVE_FIE_OUT,10/11/23,5,1,4,3,0,0,13,Field,Eve,Out
2067,7068,Alexa Stratton,EVE_FIE_IN,10/11/23,3,2,8,5,0,0,18,Field,Eve,In
2068,7069,Alexa Stratton,EVE_FOR_OUT,10/11/23,0,1,0,0,0,0,1,Forest,Eve,Out
2069,7070,Alexa Stratton,EVE_FOR_IN,10/11/23,0,2,0,2,0,0,4,Forest,Eve,In
2071,7072,Alexa Stratton,GRS_ORC_IN,10/11/23,2,3,8,5,0,0,18,Orchard,Geneva_South,In
2073,7074,Alexa Stratton,GRS_FIE_IN,10/11/23,12,7,6,10,2,2,35,Field,Geneva_South,In
2074,7075,Alexa Stratton,GRN_ORC_OUT,10/11/23,12,39,4,14,8,4,69,Orchard,Geneva_North,Out
2075,7076,Alexa Stratton,GRN_ORC_IN,10/11/23,12,29,5,33,3,3,79,Orchard,Geneva_North,In
2076,7077,Alexa Stratton,GRN_FIE_OUT,10/11/23,3,13,7,21,2,1,44,Field,Geneva_North,Out
2077,7078,Alexa Stratton,GRN_FIE_IN,10/11/23,2,16,1,17,3,0,36,Field,Geneva_North,In
2078,7079,Alexa Stratton,KIR_ORC_OUT,10/11/23,2,2,6,1,0,2,11,Orchard,Kirby,Out
2079,7080,Alexa Stratton,KIR_ORC_IN,10/11/23,4,0,1,2,0,0,7,Orchard,Kirby,In
2080,7081,Alexa Stratton,KIR_FOR_OUT,10/11/23,4,0,13,1,0,0,18,Forest,Kirby,Out
2081,7082,Alexa Stratton,KIR_FOR_IN,10/11/23,0,0,0,0,0,0,0,Forest,Kirby,In
2082,7083,Alexa Stratton,KIR_FIE_OUT,10/11/23,23,18,17,6,17,9,64,Field,Kirby,Out
2083,7084,Alexa Stratton,KIR_FIE_IN,10/11/23,10,12,13,12,6,7,47,Field,Kirby,In
2084,7085,Alexa Stratton,OLE_FOR_OUT,10/11/23,0,3,9,5,0,1,17,Forest,Oles,Out
2085,7086,Alexa Stratton,OLE_FOR_IN,10/11/23,0,4,0,1,0,0,5,Forest,Oles,In
2086,7087,Alexa Stratton,OLE_FIE_OUT,10/11/23,1,9,3,5,1,0,18,Field,Oles,Out
2087,7088,Alexa Stratton,OLE_FIE_IN,10/11/23,0,2,4,0,0,0,6,Field,Oles,In
2088,7089,Alexa Stratton,IND_ORC_OUT,10/19/23,1,0,3,0,2,1,4,Orchard,Indian_Creek_1,In
2089,7090,Alexa Stratton,IND_ORC_IN,10/19/23,2,3,0,0,0,1,5,Orchard,Indian_Creek_1,In
2090,7091,Alexa Stratton,IND_ORC_OUT_2,10/19/23,2,0,1,3,0,1,6,Orchard,Indian_Creek_2,In
2091,7092,Alexa Stratton,IND_ORC_IN_2,10/19/23,0,0,0,0,0,0,0,Orchard,Indian_Creek_2,In
2092,7093,Alexa Stratton,EVE_ORC_OUT,10/19/23,0,0,0,3,1,0,3,Orchard,Eve,Out
2093,7094,Alexa Stratton,EVE_ORC_IN,10/19/23,0,1,2,2,0,0,5,Orchard,Eve,In
2094,7095,Alexa Stratton,EVE_FIE_OUT,10/19/23,2,2,1,5,1,0,10,Field,Eve,Out
2095,7096,Alexa Stratton,EVE_FIE_IN,10/19/23,2,2,1,4,0,0,9,Field,Eve,In
2096,7097,Alexa Stratton,EVE_FOR_OUT,10/19/23,0,0,0,0,0,0,0,Forest,Eve,Out
2097,7098,Alexa Stratton,EVE_FOR_IN,10/19/23,0,1,0,0,0,0,1,Forest,Eve,In
2099,7100,Alexa Stratton,GRS_ORC_IN,10/19/23,7,22,18,18,0,0,65,Orchard,Geneva_South,In
2101,7102,Alexa Stratton,GRS_FIE_IN,10/19/23,,,,,,,,Field,Geneva_South,In
2102,7103,Alexa Stratton,GRN_ORC_OUT,10/19/23,5,17,7,13,2,0,42,Orchard,Geneva_North,Out
2103,7104,Alexa Stratton,GRN_ORC_IN,10/19/23,8,5,9,25,2,0,47,Orchard,Geneva_North,In
2104,7105,Alexa Stratton,GRN_FIE_OUT,10/19/23,4,4,4,6,0,3,18,Field,Geneva_North,Out
2105,7106,Alexa Stratton,GRN_FIE_IN,10/19/23,,,,,,,,Field,Geneva_North,In
2106,7107,Alexa Stratton,KIR_ORC_OUT,10/18/23,1,3,5,5,0,1,14,Orchard,Kirby,Out
2107,7108,Alexa Stratton,KIR_ORC_IN,10/18/23,0,2,3,2,0,0,7,Orchard,Kirby,In
2108,7109,Alexa Stratton,KIR_FOR_OUT,10/18/23,0,1,13,5,0,1,19,Forest,Kirby,Out
2109,7110,Alexa Stratton,KIR_FOR_IN,10/18/23,0,0,1,4,0,0,5,Forest,Kirby,In
2110,7111,Alexa Stratton,KIR_FIE_OUT,10/18/23,14,13,8,15,5,1,50,Field,Kirby,Out
2111,7112,Alexa Stratton,KIR_FIE_IN,10/18/23,17,25,9,13,6,14,64,Field,Kirby,In
2112,7113,Alexa Stratton,OLE_FOR_OUT,10/18/23,2,27,4,48,5,8,81,Forest,Oles,Out
2113,7114,Alexa Stratton,OLE_FOR_IN,10/18/23,0,2,0,4,0,0,6,Forest,Oles,In
2114,7115,Alexa Stratton,OLE_FIE_OUT,10/18/23,7,100,8,41,17,6,156,Field,Oles,Out
2115,7116,Alexa Stratton,OLE_FIE_IN,10/18/23,9,133,6,147,16,13,295,Field,Oles,In
2116,7117,Alexa Stratton,IND_ORC_OUT,10/25/23,0,0,0,3,0,2,3,Orchard,Indian_Creek_1,In
2117,7118,Alexa Stratton,IND_ORC_IN,10/25/23,1,0,1,0,0,0,2,Orchard,Indian_Creek_1,In
2118,7119,Alexa Stratton,IND_ORC_OUT_2,10/25/23,0,1,2,2,0,1,5,Orchard,Indian_Creek_2,In
2119,7120,Alexa Stratton,IND_ORC_IN_2,10/25/23,0,0,1,0,0,0,1,Orchard,Indian_Creek_2,In
2120,7121,Alexa Stratton,EVE_ORC_OUT,10/26/23,0,0,0,2,0,0,2,Orchard,Eve,Out
2121,7122,Alexa Stratton,EVE_ORC_IN,10/26/23,0,0,0,1,0,0,1,Orchard,Eve,In
2122,7123,Alexa Stratton,EVE_FIE_OUT,10/26/23,2,0,1,0,0,0,3,Field,Eve,Out
2123,7124,Alexa Stratton,EVE_FIE_IN,10/26/23,2,0,3,3,0,2,8,Field,Eve,In
2124,7125,Alexa Stratton,EVE_FOR_OUT,10/26/23,0,0,0,0,0,0,0,Forest,Eve,Out
2125,7126,Alexa Stratton,EVE_FOR_IN,10/26/23,2,7,0,0,0,0,9,Forest,Eve,In
2127,7128,Alexa Stratton,GRS_ORC_IN,10/26/23,,,,,,,,Orchard,Geneva_South,In
2129,7130,Alexa Stratton,GRS_FIE_IN,10/26/23,,,,,,,,Field,Geneva_South,In
2130,7131,Alexa Stratton,GRN_ORC_OUT,10/26/23,6,32,4,19,4,1,61,Orchard,Geneva_North,Out
2131,7132,Alexa Stratton,GRN_ORC_IN,10/26/23,7,14,3,12,3,0,36,Orchard,Geneva_North,In
2132,7133,Alexa Stratton,KIR_ORC_OUT,10/25/23,1,0,2,2,0,0,5,Orchard,Kirby,Out
2133,7134,Alexa Stratton,KIR_ORC_IN,10/25/23,0,0,2,0,0,0,2,Orchard,Kirby,In
2134,7135,Alexa Stratton,KIR_FOR_OUT,10/25/23,1,0,3,0,0,0,4,Forest,Kirby,Out
2135,7136,Alexa Stratton,KIR_FOR_IN,10/25/23,0,0,1,1,0,0,2,Forest,Kirby,In
2136,7137,Alexa Stratton,KIR_FIE_OUT,10/25/23,7,4,6,4,1,4,21,Field,Kirby,Out
2137,7138,Alexa Stratton,KIR_FIE_IN,10/25/23,5,6,9,7,0,2,27,Field,Kirby,In
2138,7139,Alexa Stratton,OLE_FOR_OUT,10/25/23,3,8,7,13,2,1,31,Forest,Oles,Out
2139,7140,Alexa Stratton,OLE_FOR_IN,10/25/23,1,6,0,3,0,0,10,Forest,Oles,In
2140,7141,Alexa Stratton,OLE_FIE_OUT,10/25/23,8,28,3,31,5,7,70,Field,Oles,Out
2141,7142,Alexa Stratton,OLE_FIE_IN,10/25/23,7,14,3,12,3,0,36,Field,Oles,In
2142,7143,Alexa Stratton,IND_ORC_OUT,11/2/23,,,,,,,,Orchard,Indian_Creek_1,In
2143,7144,Alexa Stratton,IND_ORC_IN,11/2/23,,,,,,,,Orchard,Indian_Creek_1,In
2144,7145,Alexa Stratton,IND_ORC_OUT_2,11/2/23,,,,,,,,Orchard,Indian_Creek_2,In
2145,7146,Alexa Stratton,IND_ORC_IN_2,11/2/23,,,,,,,,Orchard,Indian_Creek_2,In
2146,7147,Alexa Stratton,EVE_ORC_OUT,11/2/23,0,1,0,1,0,2,2,Orchard,Eve,Out
2147,7148,Alexa Stratton,EVE_ORC_IN,11/2/23,0,0,0,0,0,0,0,Orchard,Eve,In
2148,7149,Alexa Stratton,EVE_FIE_OUT,11/2/23,2,1,0,1,0,0,4,Field,Eve,Out
2149,7150,Alexa Stratton,EVE_FIE_IN,11/2/23,2,4,1,6,2,0,13,Field,Eve,In
2150,7151,Alexa Stratton,EVE_FOR_OUT,11/2/23,0,0,0,0,0,0,0,Forest,Eve,Out
2151,7152,Alexa Stratton,EVE_FOR_IN,11/2/23,0,0,0,0,0,0,0,Forest,Eve,In
2153,7154,Alexa Stratton,GRS_ORC_IN,11/1/23,,,,,,,,Orchard,Geneva_South,In
2155,7156,Alexa Stratton,GRS_FIE_IN,11/1/23,,,,,,,,Field,Geneva_South,In
2156,7157,Alexa Stratton,GRN_ORC_OUT,11/1/23,0,0,1,1,0,0,2,Orchard,Geneva_North,Out
2157,7158,Alexa Stratton,GRN_ORC_IN,11/1/23,0,0,0,4,0,0,4,Orchard,Geneva_North,In
2158,7159,Alexa Stratton,GRN_FIE_OUT,11/1/23,3,0,2,3,0,0,8,Field,Geneva_North,Out
2159,7160,Alexa Stratton,GRN_FIE_IN,11/1/23,1,1,4,1,0,0,7,Field,Geneva_North,In
2160,7161,Alexa Stratton,KIR_ORC_OUT,11/1/23,0,0,0,3,0,0,3,Orchard,Kirby,Out
2161,7162,Alexa Stratton,KIR_ORC_IN,11/1/23,0,0,1,0,0,0,1,Orchard,Kirby,In
2162,7163,Alexa Stratton,KIR_FOR_OUT,11/1/23,1,2,2,0,0,0,5,Forest,Kirby,Out
2163,7164,Alexa Stratton,KIR_FOR_IN,11/1/23,0,1,2,0,0,1,3,Forest,Kirby,In
2164,7165,Alexa Stratton,KIR_FIE_OUT,11/1/23,1,13,1,2,0,0,17,Field,Kirby,Out
2165,7166,Alexa Stratton,KIR_FIE_IN,11/1/23,1,1,1,0,0,0,3,Field,Kirby,In
2166,7167,Alexa Stratton,OLE_FOR_OUT,11/1/23,3,3,3,6,0,0,15,Forest,Oles,Out
2167,7168,Alexa Stratton,OLE_FOR_IN,11/1/23,0,0,0,0,0,0,0,Forest,Oles,In
2168,7169,Alexa Stratton,OLE_FIE_OUT,11/1/23,0,1,3,1,0,0,5,Field,Oles,Out
2169,7170,Alexa Stratton,OLE_FIE_IN,11/1/23,5,4,1,8,0,1,18,Field,Oles,In
2170,7171,Alexa Stratton,IND_ORC_OUT,11/8/23,1,1,0,2,2,1,4,Orchard,Indian_Creek_1,In
2171,7172,Alexa Stratton,IND_ORC_IN,11/8/23,1,0,2,2,0,0,5,Orchard,Indian_Creek_1,In
2172,7173,Alexa Stratton,IND_ORC_OUT_2,11/8/23,0,0,1,4,0,0,5,Orchard,Indian_Creek_2,In
2173,7174,Alexa Stratton,IND_ORC_IN_2,11/8/23,0,1,0,1,0,0,2,Orchard,Indian_Creek_2,In
2174,7175,Alexa Stratton,EVE_ORC_OUT,11/8/23,0,1,0,1,0,0,2,Orchard,Eve,Out
2175,7176,Alexa Stratton,EVE_ORC_IN,11/8/23,0,0,0,0,0,0,0,Orchard,Eve,In
2176,7177,Alexa Stratton,EVE_FIE_OUT,11/8/23,0,0,0,0,0,0,0,Field,Eve,Out
2177,7178,Alexa Stratton,EVE_FIE_IN,11/8/23,0,0,0,1,0,0,1,Field,Eve,In
2178,7179,Alexa Stratton,EVE_FOR_OUT,11/8/23,0,0,0,0,0,0,0,Forest,Eve,Out
2179,7180,Alexa Stratton,EVE_FOR_IN,11/8/23,0,0,0,0,0,0,0,Forest,Eve,In
2181,7182,Alexa Stratton,GRS_ORC_IN,11/8/23,2,8,1,8,0,0,19,Orchard,Geneva_South,In
2183,7184,Alexa Stratton,GRS_FIE_IN,11/8/23,4,2,2,5,0,0,13,Field,Geneva_South,In
2184,7185,Alexa Stratton,GRN_ORC_OUT,11/8/23,,,,,,,,Orchard,Geneva_North,Out
2185,7186,Alexa Stratton,GRN_ORC_IN,11/8/23,,,,,,,,Orchard,Geneva_North,In
2186,7187,Alexa Stratton,GRN_FIE_OUT,11/8/23,,,,,,,,Field,Geneva_North,Out
2187,7188,Alexa Stratton,GRN_FIE_IN,11/8/23,,,,,,,,Field,Geneva_North,In
2188,7189,Alexa Stratton,KIR_ORC_OUT,11/8/23,0,2,0,0,0,0,2,Orchard,Kirby,Out
2189,7190,Alexa Stratton,KIR_ORC_IN,11/8/23,0,0,0,1,0,0,1,Orchard,Kirby,In
2190,7191,Alexa Stratton,KIR_FOR_OUT,11/8/23,0,0,0,1,0,0,1,Forest,Kirby,Out
2191,7192,Alexa Stratton,KIR_FOR_IN,11/8/23,0,1,1,1,0,0,3,Forest,Kirby,In
2192,7193,Alexa Stratton,KIR_FIE_OUT,11/8/23,1,4,2,2,0,0,9,Field,Kirby,Out
2193,7194,Alexa Stratton,KIR_FIE_IN,11/8/23,1,3,1,3,0,0,8,Field,Kirby,In
2194,7195,Alexa Stratton,OLE_FOR_OUT,11/8/23,0,0,0,5,0,0,5,Forest,Oles,Out
2195,7196,Alexa Stratton,OLE_FOR_IN,11/8/23,0,0,0,1,0,0,1,Forest,Oles,In
2196,7197,Alexa Stratton,OLE_FIE_OUT,11/8/23,2,0,1,2,0,0,5,Field,Oles,Out
2197,7198,Alexa Stratton,OLE_FIE_IN,11/8/23,1,2,5,5,0,0,13,Field,Oles,In
2198,7199,Alexa Stratton,IND_ORC_OUT,11/16/23,0,0,0,0,0,0,0,Orchard,Indian_Creek_1,In
2199,7200,Alexa Stratton,IND_ORC_IN,11/16/23,0,0,0,0,0,0,0,Orchard,Indian_Creek_1,In
2200,7201,Alexa Stratton,IND_ORC_OUT_2,11/16/23,0,0,1,1,0,0,2,Orchard,Indian_Creek_2,In
2201,7202,Alexa Stratton,IND_ORC_IN_2,11/16/23,0,0,0,1,0,0,1,Orchard,Indian_Creek_2,In
2202,7203,Alexa Stratton,EVE_ORC_OUT,11/16/23,0,0,0,0,0,0,0,Orchard,Eve,Out
2203,7204,Alexa Stratton,EVE_ORC_IN,11/16/23,0,1,0,0,0,0,1,Orchard,Eve,In
2204,7205,Alexa Stratton,EVE_FIE_OUT,11/16/23,0,0,0,0,0,0,0,Field,Eve,Out
2205,7206,Alexa Stratton,EVE_FIE_IN,11/16/23,0,0,0,0,0,0,0,Field,Eve,In
2206,7207,Alexa Stratton,EVE_FOR_OUT,11/16/23,0,0,0,0,0,0,0,Forest,Eve,Out
2207,7208,Alexa Stratton,EVE_FOR_IN,11/16/23,0,0,0,0,0,0,0,Forest,Eve,In
2209,7210,Alexa Stratton,GRS_ORC_IN,11/15/23,0,0,0,0,0,0,0,Orchard,Geneva_South,In
2211,7212,Alexa Stratton,GRS_FIE_IN,11/15/23,0,1,1,0,0,0,2,Field,Geneva_South,In
2212,7213,Alexa Stratton,GRN_ORC_OUT,11/15/23,1,0,1,0,0,0,2,Orchard,Geneva_North,Out
2213,7214,Alexa Stratton,GRN_ORC_IN,11/15/23,1,0,2,4,0,0,7,Orchard,Geneva_North,In
2214,7215,Alexa Stratton,GRN_FIE_OUT,11/15/23,0,0,0,0,0,0,0,Field,Geneva_North,Out
2215,7216,Alexa Stratton,GRN_FIE_IN,11/15/23,0,1,1,0,0,0,2,Field,Geneva_North,In
2216,7217,Alexa Stratton,KIR_ORC_OUT,11/15/23,1,0,0,0,0,0,1,Orchard,Kirby,Out
2217,7218,Alexa Stratton,KIR_ORC_IN,11/15/23,1,0,1,2,0,0,4,Orchard,Kirby,In
2218,7219,Alexa Stratton,KIR_FOR_OUT,11/15/23,1,0,0,0,0,0,1,Forest,Kirby,Out
2219,7220,Alexa Stratton,KIR_FOR_IN,11/15/23,0,0,0,0,0,0,0,Forest,Kirby,In
2220,7221,Alexa Stratton,KIR_FIE_OUT,11/15/23,0,0,0,3,0,0,3,Field,Kirby,Out
2221,7222,Alexa Stratton,KIR_FIE_IN,11/15/23,2,0,3,3,0,0,8,Field,Kirby,In
2222,7223,Alexa Stratton,OLE_FOR_OUT,11/15/23,1,2,2,3,0,0,8,Forest,Oles,Out
2223,7224,Alexa Stratton,OLE_FOR_IN,11/15/23,1,0,0,1,0,0,2,Forest,Oles,In
2224,7225,Alexa Stratton,OLE_FIE_OUT,11/15/23,3,4,2,2,0,0,11,Field,Oles,Out
2225,7226,Alexa Stratton,OLE_FIE_IN,11/15/23,2,6,0,2,0,0,10,Field,Oles,In
2226,7227,Shea Crowther,IND_ORC_OUT,11/22/23,1,0,1,1,0,0,3,Orchard,Indian_Creek_1,In
2227,7228,Shea Crowther,IND_ORC_IN,11/22/23,1,2,0,2,0,0,5,Orchard,Indian_Creek_1,In
2228,7229,Shea Crowther,IND_ORC_OUT_2,11/22/23,1,0,1,0,0,0,2,Orchard,Indian_Creek_2,In
2229,7230,Shea Crowther,IND_ORC_IN_2,11/22/23,1,0,0,2,0,0,3,Orchard,Indian_Creek_2,In
2230,7231,Shea Crowther,EVE_ORC_OUT,11/22/23,0,0,0,0,0,0,0,Orchard,Eve,Out
2231,7232,Shea Crowther,EVE_ORC_IN,11/22/23,0,0,0,0,0,0,0,Orchard,Eve,In
2232,7233,Shea Crowther,EVE_FIE_OUT,11/22/23,0,0,0,0,0,0,0,Field,Eve,Out
2233,7234,Shea Crowther,EVE_FIE_IN,11/22/23,0,0,0,0,0,0,0,Field,Eve,In
2234,7235,Shea Crowther,EVE_FOR_OUT,11/22/23,0,0,0,0,0,0,0,Forest,Eve,Out
2235,7236,Shea Crowther,EVE_FOR_IN,11/22/23,0,0,0,0,0,0,0,Forest,Eve,In
2237,7238,Alexa Stratton,GRS_ORC_IN,11/21/23,,,,,,,,Orchard,Geneva_South,In
2239,7240,Alexa Stratton,GRS_FIE_IN,11/21/23,,,,,,,,Field,Geneva_South,In
2240,7241,Alexa Stratton,GRN_ORC_OUT,11/21/23,,,,,,,,Orchard,Geneva_North,Out
2241,7242,Alexa Stratton,GRN_ORC_IN,11/21/23,,,,,,,,Orchard,Geneva_North,In
2242,7243,Alexa Stratton,GRN_FIE_OUT,11/21/23,,,,,,,,Field,Geneva_North,Out
2243,7244,Alexa Stratton,GRN_FIE_IN,11/21/23,,,,,,,,Field,Geneva_North,In
2244,7245,Alexa Stratton,KIR_ORC_OUT,11/21/23,0,0,0,0,0,0,0,Orchard,Kirby,Out
2245,7246,Alexa Stratton,KIR_ORC_IN,11/21/23,0,0,0,0,0,0,0,Orchard,Kirby,In
2246,7247,Alexa Stratton,KIR_FOR_OUT,11/21/23,0,0,0,0,0,0,0,Forest,Kirby,Out
2247,7248,Alexa Stratton,KIR_FOR_IN,11/21/23,0,0,0,0,0,0,0,Forest,Kirby,In
2248,7249,Alexa Stratton,KIR_FIE_OUT,11/21/23,0,0,0,1,1,0,1,Field,Kirby,Out
2249,7250,Alexa Stratton,KIR_FIE_IN,11/21/23,0,2,0,3,0,0,5,Field,Kirby,In
2250,7251,Alexa Stratton,OLE_FOR_OUT,11/21/23,2,0,0,1,0,0,3,Forest,Oles,Out
2251,7252,Alexa Stratton,OLE_FOR_IN,11/21/23,0,1,0,0,0,0,1,Forest,Oles,In
2252,7253,Alexa Stratton,OLE_FIE_OUT,11/21/23,2,2,2,0,0,1,6,Field,Oles,Out
2253,7254,Alexa Stratton,OLE_FIE_IN,11/21/23,2,1,2,1,1,1,6,Field,Oles,In
2254,7255,Alexa Stratton,IND_ORC_OUT,11/30/23,1,1,0,2,0,0,4,Orchard,Indian_Creek_1,In
2255,7256,Alexa Stratton,IND_ORC_IN,11/30/23,0,0,0,0,0,0,0,Orchard,Indian_Creek_1,In
2256,7257,Alexa Stratton,IND_ORC_OUT_2,11/30/23,0,0,0,1,0,0,1,Orchard,Indian_Creek_2,In
2257,7258,Alexa Stratton,IND_ORC_IN_2,11/30/23,0,0,0,0,0,0,0,Orchard,Indian_Creek_2,In
2258,7259,Alexa Stratton,EVE_ORC_OUT,11/30/23,0,0,0,0,0,0,0,Orchard,Eve,Out
2259,7260,Alexa Stratton,EVE_ORC_IN,11/30/23,0,0,0,0,0,0,0,Orchard,Eve,In
2260,7261,Alexa Stratton,EVE_FIE_OUT,11/30/23,0,0,0,0,0,0,0,Field,Eve,Out
2261,7262,Alexa Stratton,EVE_FIE_IN,11/30/23,0,1,0,0,0,0,1,Field,Eve,In
2262,7263,Alexa Stratton,EVE_FOR_OUT,11/30/23,0,0,0,0,0,0,0,Forest,Eve,Out
2263,7264,Alexa Stratton,EVE_FOR_IN,11/30/23,0,0,0,0,0,0,0,Forest,Eve,In
2265,7266,Alexa Stratton,GRS_ORC_IN,11/29/23,0,0,0,0,0,0,0,Orchard,Geneva_South,In
2267,7268,Alexa Stratton,GRS_FIE_IN,11/29/23,0,0,0,0,0,0,0,Field,Geneva_South,In
2268,7269,Alexa Stratton,GRN_ORC_OUT,11/29/23,0,0,0,0,0,0,0,Orchard,Geneva_North,Out
2269,7270,Alexa Stratton,GRN_ORC_IN,11/29/23,1,0,0,1,0,0,2,Orchard,Geneva_North,In
2270,7271,Alexa Stratton,GRN_FIE_OUT,11/29/23,0,0,0,0,0,0,0,Field,Geneva_North,Out
2271,7272,Alexa Stratton,GRN_FIE_IN,11/29/23,0,0,0,0,0,0,0,Field,Geneva_North,In
2272,7273,Alexa Stratton,KIR_ORC_OUT,11/29/23,0,0,1,1,0,0,2,Orchard,Kirby,Out
2273,7274,Alexa Stratton,KIR_ORC_IN,11/29/23,0,0,1,0,0,0,1,Orchard,Kirby,In
2274,7275,Alexa Stratton,KIR_FOR_OUT,11/29/23,0,0,0,0,0,0,0,Forest,Kirby,Out
2275,7276,Alexa Stratton,KIR_FOR_IN,11/29/23,0,0,0,0,0,0,0,Forest,Kirby,In
2276,7277,Alexa Stratton,KIR_FIE_OUT,11/29/23,1,0,0,0,0,0,1,Field,Kirby,Out
2277,7278,Alexa Stratton,KIR_FIE_IN,11/29/23,1,2,0,2,0,0,5,Field,Kirby,In
2278,7279,Alexa Stratton,OLE_FOR_OUT,11/29/23,1,0,3,2,0,0,6,Forest,Oles,Out
2279,7280,Alexa Stratton,OLE_FOR_IN,11/29/23,0,0,0,0,0,0,0,Forest,Oles,In
2280,7281,Alexa Stratton,OLE_FIE_OUT,11/29/23,0,1,0,0,0,0,1,Field,Oles,Out
2281,7282,Alexa Stratton,OLE_FIE_IN,11/29/23,0,1,1,0,1,0,2,Field,Oles,In
2282,7283,Shea Crowther,DIP_PAT,11/21/23,,,,,,,,Field,Patterson,Out
2283,7284,Shea Crowther,DIP_PAT,11/21/23,,,,,,,,Field,Patterson,Out
2284,7285,Shea Crowther,PAT_FIE_IN,11/21/23,,,,,,,,Field,Patterson,In
2285,7286,Shea Crowther,DIP_FLE,11/21/23,,,,,,,,Field,Fleming,Out
2286,7287,Shea Crowther,DIP_FLE,11/21/23,,,,,,,,Field,Fleming,Out
2287,7288,Shea Crowther,FLE_FIE_IN,11/21/23,,,,,,,,Field,Fleming,In
2288,7289,Shea Crowther,FLE_FOR_IN,11/21/23,,,,,,,,Forest,Fleming,In
2289,7290,Shea Crowther,FLE_FOR_OUT,11/21/23,,,,,,,,Forest,Fleming,Out
2290,7291,Shea Crowther,DIP_CUR,11/21/23,,,,,,,,Field,CURC,Out
2291,7292,Shea Crowther,DIP_CUR,11/21/23,,,,,,,,Field,CURC,Out
2292,7293,Shea Crowther,CUR_FIE_IN,11/21/23,,,,,,,,Field,CURC,In
2293,7294,Shea Crowther,DIP_PAT,11/28/23,,,,,,,,Field,Patterson,Out
2294,7295,Shea Crowther,DIP_PAT,11/28/23,,,,,,,,Field,Patterson,Out
2295,7296,Shea Crowther,PAT_FIE_IN,11/28/23,,,,,,,,Field,Patterson,In
2296,7297,Shea Crowther,DIP_FLE,11/28/23,,,,,,,,Field,Fleming,Out
2297,7298,Shea Crowther,DIP_FLE,11/28/23,,,,,,,,Field,Fleming,Out
2298,7299,Shea Crowther,FLE_FIE_IN,11/28/23,,,,,,,,Field,Fleming,In
2299,7300,Shea Crowther,FLE_FOR_IN,11/28/23,,,,,,,,Forest,Fleming,In
2300,7301,Shea Crowther,FLE_FOR_OUT,11/28/23,,,,,,,,Forest,Fleming,Out
2301,7302,Shea Crowther,DIP_CUR,11/28/23,,,,,,,,Field,CURC,Out
2302,7303,Shea Crowther,DIP_CUR,11/28/23,,,,,,,,Field,CURC,Out
2303,7304,Shea Crowther,CUR_FIE_IN,11/28/23,,,,,,,,Field,CURC,In
2398,7399,Alexa Stratton,DIP_CUR,12/6/23,,,,,,,,Field,CURC,Out
2399,7400,Alexa Stratton,DIP_CUR,12/12/23,,,,,,,,Field,CURC,Out
2400,7401,Alexa Stratton,DIP_CUR,12/19/23,,,,,,,,Field,CURC,Out
2401,7402,Alexa Stratton,DIP_CUR,1/10/24,,,,,,,,Field,CURC,Out
2402,7403,Alexa Stratton,DIP_CUR,1/16/23,,,,,,,,Field,CURC,Out
2403,7404,Alexa Stratton,DIP_CUR,1/23/23,,,,,,,,Field,CURC,Out