Data Collector,Field ID,Date,Sampling period,Crop,Treatment,Section number,Plant growth stage,Stand count,Notes
Chloe Yi-Luo Cho,CHO_GEN,6/9/25,VE/V1,Soybean,Neonic,1,V1,88,
Chloe Yi-Luo Cho,CHO_GEN,6/9/25,VE/V1,Soybean,Neonic,2,V1,89,
Chloe Yi-Luo Cho,CHO_GEN,6/9/25,VE/V1,Soybean,Neonic,3,V1,85,
Chloe Yi-Luo Cho,CHO_GEN,6/9/25,VE/V1,Soybean,Neonic,4,V1,90,
Chloe Yi-Luo Cho,CHO_GEN,6/9/25,VE/V1,Soybean,Neonic,5,V1,94,
Chloe Yi-Luo Cho,CHO_GEN,6/9/25,VE/V1,Soybean,Neonic,6,V1,91,
Chloe Yi-Luo Cho,CHO_GEN,6/9/25,VE/V1,Soybean,Neonic,7,V1,96,
Chloe Yi-Luo Cho,CHO_GEN,6/9/25,VE/V1,Soybean,Neonic,8,V1,83,
Chloe Yi-Luo Cho,CHO_GEN,6/9/25,VE/V1,Soybean,Neonic,9,V1,77,
Chloe Yi-Luo Cho,CHO_GEN,6/9/25,VE/V1,Soybean,Fung,1,V1,97,
Chloe Yi-Luo Cho,CHO_GEN,6/9/25,VE/V1,Soybean,Fung,2,V1,107,
Chloe Yi-Luo Cho,CHO_GEN,6/9/25,VE/V1,Soybean,Fung,3,V1,105,
Chloe Yi-Luo Cho,CHO_GEN,6/9/25,VE/V1,Soybean,Fung,4,V1,90,
Chloe Yi-Luo Cho,CHO_GEN,6/9/25,VE/V1,Soybean,Fung,5,V1,100,
Chloe Yi-Luo Cho,CHO_GEN,6/9/25,VE/V1,Soybean,Fung,6,V1,100,
Chloe Yi-Luo Cho,CHO_GEN,6/9/25,VE/V1,Soybean,Fung,7,V1,109,
Chloe Yi-Luo Cho,CHO_GEN,6/9/25,VE/V1,Soybean,Fung,8,V1,103,
Chloe Yi-Luo Cho,CHO_GEN,6/9/25,VE/V1,Soybean,Fung,9,V1,89,
Chloe Yi-Luo Cho,CHO_GEN,6/27/25,V3/V4,Soybean,Neonic,1,V3,88,
Chloe Yi-Luo Cho,CHO_GEN,6/27/25,V3/V4,Soybean,Neonic,2,V3,94,
Chloe Yi-Luo Cho,CHO_GEN,6/27/25,V3/V4,Soybean,Neonic,3,V3,92,
Chloe Yi-Luo Cho,CHO_GEN,6/27/25,V3/V4,Soybean,Neonic,4,V3,108,
Chloe Yi-Luo Cho,CHO_GEN,6/27/25,V3/V4,Soybean,Neonic,5,V3,96,
Chloe Yi-Luo Cho,CHO_GEN,6/27/25,V3/V4,Soybean,Neonic,6,V3,107,
Chloe Yi-Luo Cho,CHO_GEN,6/27/25,V3/V4,Soybean,Neonic,7,V3,97,
Chloe Yi-Luo Cho,CHO_GEN,6/27/25,V3/V4,Soybean,Neonic,8,V3,87,
Chloe Yi-Luo Cho,CHO_GEN,6/27/25,V3/V4,Soybean,Neonic,9,V3,106,
Chloe Yi-Luo Cho,CHO_GEN,6/27/25,V3/V4,Soybean,Fung,1,V3,99,
Chloe Yi-Luo Cho,CHO_GEN,6/27/25,V3/V4,Soybean,Fung,2,V3,61,
Chloe Yi-Luo Cho,CHO_GEN,6/27/25,V3/V4,Soybean,Fung,3,V3,86,
Chloe Yi-Luo Cho,CHO_GEN,6/27/25,V3/V4,Soybean,Fung,4,V3,114,
Chloe Yi-Luo Cho,CHO_GEN,6/27/25,V3/V4,Soybean,Fung,5,V3,118,
Chloe Yi-Luo Cho,CHO_GEN,6/27/25,V3/V4,Soybean,Fung,6,V3,126,
Chloe Yi-Luo Cho,CHO_GEN,6/27/25,V3/V4,Soybean,Fung,7,V3,89,
Chloe Yi-Luo Cho,CHO_GEN,6/27/25,V3/V4,Soybean,Fung,8,V3,113,
Chloe Yi-Luo Cho,CHO_GEN,6/27/25,V3/V4,Soybean,Fung,9,V3,103,
Natika Walters,KUH_COL,6/18/25,VE/V1,Field corn,Neonic,1,V1,2,
Natika Walters,KUH_COL,6/18/25,VE/V1,Field corn,Neonic,2,V1,3,
Natika Walters,KUH_COL,6/18/25,VE/V1,Field corn,Neonic,3,V2,1,
Natika Walters,KUH_COL,6/18/25,VE/V1,Field corn,Neonic,4,V1,1,
Natika Walters,KUH_COL,6/18/25,VE/V1,Field corn,Neonic,5,V1,1,
Natika Walters,KUH_COL,6/18/25,VE/V1,Field corn,Neonic,6,V1,7,
Natika Walters,KUH_COL,6/18/25,VE/V1,Field corn,Neonic,7,V1,7,
Natika Walters,KUH_COL,6/18/25,VE/V1,Field corn,Neonic,8,V2,1,
Natika Walters,KUH_COL,6/18/25,VE/V1,Field corn,Neonic,9,V1,4,
Natika Walters,KUH_COL,6/18/25,VE/V1,Field corn,Fung,1,V1,12,
Natika Walters,KUH_COL,6/18/25,VE/V1,Field corn,Fung,2,V1,23,"Untilled ditch, 13 inches wide"
Natika Walters,KUH_COL,6/18/25,VE/V1,Field corn,Fung,3,V1,25,
Natika Walters,KUH_COL,6/18/25,VE/V1,Field corn,Fung,4,V1,30,1 double
Natika Walters,KUH_COL,6/18/25,VE/V1,Field corn,Fung,5,V1,24,
Natika Walters,KUH_COL,6/18/25,VE/V1,Field corn,Fung,6,V2,23,
Natika Walters,KUH_COL,6/18/25,VE/V1,Field corn,Fung,7,V1,9,
Natika Walters,KUH_COL,6/18/25,VE/V1,Field corn,Fung,8,V1,28,1 double
Natika Walters,KUH_COL,6/18/25,VE/V1,Field corn,Fung,9,V1,18,
Natika Walters,KUH_COL,6/24/25,V3/V4,Field corn,Neonic,1,V4,18,
Natika Walters,KUH_COL,6/24/25,V3/V4,Field corn,Neonic,2,V4,12,
Natika Walters,KUH_COL,6/24/25,V3/V4,Field corn,Neonic,3,V5,13,Weed pressure
Natika Walters,KUH_COL,6/24/25,V3/V4,Field corn,Neonic,4,V4,7,
Natika Walters,KUH_COL,6/24/25,V3/V4,Field corn,Neonic,5,V4,0,
Natika Walters,KUH_COL,6/24/25,V3/V4,Field corn,Neonic,6,V4,4,Weed pressure
Natika Walters,KUH_COL,6/24/25,V3/V4,Field corn,Neonic,7,V4,13,
Natika Walters,KUH_COL,6/24/25,V3/V4,Field corn,Neonic,8,V4,4,
Natika Walters,KUH_COL,6/24/25,V3/V4,Field corn,Neonic,9,V4,8,Weed pressure
Natika Walters,KUH_COL,6/24/25,V3/V4,Field corn,Fung,1,V4,24,
Natika Walters,KUH_COL,6/24/25,V3/V4,Field corn,Fung,2,V3,19,
Natika Walters,KUH_COL,6/24/25,V3/V4,Field corn,Fung,3,V4,18,
Natika Walters,KUH_COL,6/24/25,V3/V4,Field corn,Fung,4,V4,27,
Natika Walters,KUH_COL,6/24/25,V3/V4,Field corn,Fung,5,V3,21,
Natika Walters,KUH_COL,6/24/25,V3/V4,Field corn,Fung,6,V4,26,
Natika Walters,KUH_COL,6/24/25,V3/V4,Field corn,Fung,7,V4,19,
Natika Walters,KUH_COL,6/24/25,V3/V4,Field corn,Fung,8,V4,23,
Natika Walters,KUH_COL,6/24/25,V3/V4,Field corn,Fung,9,V4,26,
Katelyn Miller,MIL_COB,5/23/25,VE/V1,Soybean,Neonic,1,VE,91,Two seeds on soil surface
Katelyn Miller,MIL_COB,5/23/25,VE/V1,Soybean,Neonic,2,VE,98,
Katelyn Miller,MIL_COB,5/23/25,VE/V1,Soybean,Neonic,3,VE,103,
Katelyn Miller,MIL_COB,5/23/25,VE/V1,Soybean,Neonic,4,VE,98,
Katelyn Miller,MIL_COB,5/23/25,VE/V1,Soybean,Neonic,5,VE,96,
Katelyn Miller,MIL_COB,5/23/25,VE/V1,Soybean,Neonic,6,VE,90,
Katelyn Miller,MIL_COB,5/23/25,VE/V1,Soybean,Neonic,7,VE,90,
Katelyn Miller,MIL_COB,5/23/25,VE/V1,Soybean,Neonic,8,VE,85,Residue may have interfered with seed contact
Katelyn Miller,MIL_COB,5/23/25,VE/V1,Soybean,Neonic,9,VE,93,
Katelyn Miller,MIL_COB,5/23/25,VE/V1,Soybean,Fung,1,VE,67,No large skips
Katelyn Miller,MIL_COB,5/23/25,VE/V1,Soybean,Fung,2,VE,50,
Katelyn Miller,MIL_COB,5/23/25,VE/V1,Soybean,Fung,3,VE,75,
Katelyn Miller,MIL_COB,5/23/25,VE/V1,Soybean,Fung,4,VE,64,1 foot skip
Katelyn Miller,MIL_COB,5/23/25,VE/V1,Soybean,Fung,5,VE,53,4 foot skip
Katelyn Miller,MIL_COB,5/23/25,VE/V1,Soybean,Fung,6,VE,79,
Katelyn Miller,MIL_COB,5/23/25,VE/V1,Soybean,Fung,7,VE,106,No skips
Katelyn Miller,MIL_COB,5/23/25,VE/V1,Soybean,Fung,8,VE,93,No skips
Katelyn Miller,MIL_COB,5/23/25,VE/V1,Soybean,Fung,9,VE,97,No skips
Katelyn Miller,MIL_COB,6/20/25,V3/V4,Soybean,Neonic,1,V3/V4,89,
Katelyn Miller,MIL_COB,6/20/25,V3/V4,Soybean,Neonic,2,V3/V4,82,
Katelyn Miller,MIL_COB,6/20/25,V3/V4,Soybean,Neonic,3,V3/V4,87,
Katelyn Miller,MIL_COB,6/20/25,V3/V4,Soybean,Neonic,4,V3/V4,84,
Katelyn Miller,MIL_COB,6/20/25,V3/V4,Soybean,Neonic,5,V3/V4,80,
Katelyn Miller,MIL_COB,6/20/25,V3/V4,Soybean,Neonic,6,V3/V4,79,
Katelyn Miller,MIL_COB,6/20/25,V3/V4,Soybean,Neonic,7,V3/V4,113,
Katelyn Miller,MIL_COB,6/20/25,V3/V4,Soybean,Neonic,8,V3/V4,111,
Katelyn Miller,MIL_COB,6/20/25,V3/V4,Soybean,Neonic,9,V3/V4,115,
Katelyn Miller,MIL_COB,6/20/25,V3/V4,Soybean,Fung,1,V3/V4,71,
Katelyn Miller,MIL_COB,6/20/25,V3/V4,Soybean,Fung,2,V3/V4,82,
Katelyn Miller,MIL_COB,6/20/25,V3/V4,Soybean,Fung,3,V3/V4,83,
Katelyn Miller,MIL_COB,6/20/25,V3/V4,Soybean,Fung,4,V3/V4,79,
Katelyn Miller,MIL_COB,6/20/25,V3/V4,Soybean,Fung,5,V3/V4,82,
Katelyn Miller,MIL_COB,6/20/25,V3/V4,Soybean,Fung,6,V3/V4,99,
Katelyn Miller,MIL_COB,6/20/25,V3/V4,Soybean,Fung,7,V3/V4,82,
Katelyn Miller,MIL_COB,6/20/25,V3/V4,Soybean,Fung,8,V3/V4,84,
Katelyn Miller,MIL_COB,6/20/25,V3/V4,Soybean,Fung,9,V3/V4,62,
Katelyn Miller,MIL_CRO_1,6/17/25,VE/V1,Field corn,Neonic,1,V1,32,
Katelyn Miller,MIL_CRO_1,6/17/25,VE/V1,Field corn,Neonic,2,V1,10,Extra compacted
Katelyn Miller,MIL_CRO_1,6/17/25,VE/V1,Field corn,Neonic,3,V1,34,
Katelyn Miller,MIL_CRO_1,6/17/25,VE/V1,Field corn,Neonic,4,V1,29,
Katelyn Miller,MIL_CRO_1,6/17/25,VE/V1,Field corn,Neonic,5,V1,30,
Katelyn Miller,MIL_CRO_1,6/17/25,VE/V1,Field corn,Neonic,6,V1,29,
Katelyn Miller,MIL_CRO_1,6/17/25,VE/V1,Field corn,Neonic,7,V1,34,
Katelyn Miller,MIL_CRO_1,6/17/25,VE/V1,Field corn,Neonic,8,V1,32,
Katelyn Miller,MIL_CRO_1,6/17/25,VE/V1,Field corn,Neonic,9,V1,32,
Katelyn Miller,MIL_CRO_1,6/17/25,VE/V1,Field corn,Fung,1,V1,28,
Katelyn Miller,MIL_CRO_1,6/17/25,VE/V1,Field corn,Fung,2,V1,27,
Katelyn Miller,MIL_CRO_1,6/17/25,VE/V1,Field corn,Fung,3,V1,27,A few rocks preventing emergence
Katelyn Miller,MIL_CRO_1,6/17/25,VE/V1,Field corn,Fung,4,V1,30,
Katelyn Miller,MIL_CRO_1,6/17/25,VE/V1,Field corn,Fung,5,V1,29,
Katelyn Miller,MIL_CRO_1,6/17/25,VE/V1,Field corn,Fung,6,V1,35,
Katelyn Miller,MIL_CRO_1,6/17/25,VE/V1,Field corn,Fung,7,V1,32,
Katelyn Miller,MIL_CRO_1,6/17/25,VE/V1,Field corn,Fung,8,V1,33,
Katelyn Miller,MIL_CRO_1,6/17/25,VE/V1,Field corn,Fung,9,V1,28,
Katelyn Miller,MIL_CRO_1,6/27/25,V3/V4,Field corn,Neonic,1,V4,30,
Katelyn Miller,MIL_CRO_1,6/27/25,V3/V4,Field corn,Neonic,2,V4,32,
Katelyn Miller,MIL_CRO_1,6/27/25,V3/V4,Field corn,Neonic,3,V4,31,
Katelyn Miller,MIL_CRO_1,6/27/25,V3/V4,Field corn,Neonic,4,V4,32,
Katelyn Miller,MIL_CRO_1,6/27/25,V3/V4,Field corn,Neonic,5,V4,29,
Katelyn Miller,MIL_CRO_1,6/27/25,V3/V4,Field corn,Neonic,6,V4,33,
Katelyn Miller,MIL_CRO_1,6/27/25,V3/V4,Field corn,Neonic,7,V4,31,
Katelyn Miller,MIL_CRO_1,6/27/25,V3/V4,Field corn,Neonic,8,V4,30,
Katelyn Miller,MIL_CRO_1,6/27/25,V3/V4,Field corn,Neonic,9,V4,31,
Katelyn Miller,MIL_CRO_1,6/27/25,V3/V4,Field corn,Fung,1,V4,30,
Katelyn Miller,MIL_CRO_1,6/27/25,V3/V4,Field corn,Fung,2,V4,29,
Katelyn Miller,MIL_CRO_1,6/27/25,V3/V4,Field corn,Fung,3,V4,32,
Katelyn Miller,MIL_CRO_1,6/27/25,V3/V4,Field corn,Fung,4,V4,29,
Katelyn Miller,MIL_CRO_1,6/27/25,V3/V4,Field corn,Fung,5,V4,34,
Katelyn Miller,MIL_CRO_1,6/27/25,V3/V4,Field corn,Fung,6,V4,33,
Katelyn Miller,MIL_CRO_1,6/27/25,V3/V4,Field corn,Fung,7,V4,28,Some smaller plants V2/V3
Katelyn Miller,MIL_CRO_1,6/27/25,V3/V4,Field corn,Fung,8,V4,31,
Katelyn Miller,MIL_CRO_1,6/27/25,V3/V4,Field corn,Fung,9,V4,32,
Katelyn Miller,MIL_CRO_2,6/17/25,VE/V1,Field corn,Neonic,1,V1,31,
Katelyn Miller,MIL_CRO_2,6/17/25,VE/V1,Field corn,Neonic,2,V1,31,
Katelyn Miller,MIL_CRO_2,6/17/25,VE/V1,Field corn,Neonic,3,V1,33,
Katelyn Miller,MIL_CRO_2,6/17/25,VE/V1,Field corn,Neonic,4,V1,32,
Katelyn Miller,MIL_CRO_2,6/17/25,VE/V1,Field corn,Neonic,5,V1,29,
Katelyn Miller,MIL_CRO_2,6/17/25,VE/V1,Field corn,Neonic,6,V1,30,
Katelyn Miller,MIL_CRO_2,6/17/25,VE/V1,Field corn,Neonic,7,V1,34,
Katelyn Miller,MIL_CRO_2,6/17/25,VE/V1,Field corn,Neonic,8,V1,32,
Katelyn Miller,MIL_CRO_2,6/17/25,VE/V1,Field corn,Neonic,9,V1,33,
Katelyn Miller,MIL_CRO_2,6/17/25,VE/V1,Field corn,Fung,1,V1,32,
Katelyn Miller,MIL_CRO_2,6/17/25,VE/V1,Field corn,Fung,2,V1,25,Tire rut
Katelyn Miller,MIL_CRO_2,6/17/25,VE/V1,Field corn,Fung,3,V1,34,
Katelyn Miller,MIL_CRO_2,6/17/25,VE/V1,Field corn,Fung,4,V1,31,
Katelyn Miller,MIL_CRO_2,6/17/25,VE/V1,Field corn,Fung,5,V1,30,
Katelyn Miller,MIL_CRO_2,6/17/25,VE/V1,Field corn,Fung,6,V1,28,
Katelyn Miller,MIL_CRO_2,6/17/25,VE/V1,Field corn,Fung,7,V1,29,
Katelyn Miller,MIL_CRO_2,6/17/25,VE/V1,Field corn,Fung,8,V1,28,Cutworm damage
Katelyn Miller,MIL_CRO_2,6/17/25,VE/V1,Field corn,Fung,9,V1,31,
Katelyn Miller,MIL_CRO_2,6/27/25,V3/V4,Field corn,Neonic,1,V4,25,1 foot skip
Katelyn Miller,MIL_CRO_2,6/27/25,V3/V4,Field corn,Neonic,2,V4,28,
Katelyn Miller,MIL_CRO_2,6/27/25,V3/V4,Field corn,Neonic,3,V4,30,
Katelyn Miller,MIL_CRO_2,6/27/25,V3/V4,Field corn,Neonic,4,V4,29,
Katelyn Miller,MIL_CRO_2,6/27/25,V3/V4,Field corn,Neonic,5,V4,34,
Katelyn Miller,MIL_CRO_2,6/27/25,V3/V4,Field corn,Neonic,6,V4,30,
Katelyn Miller,MIL_CRO_2,6/27/25,V3/V4,Field corn,Neonic,7,V4,30,
Katelyn Miller,MIL_CRO_2,6/27/25,V3/V4,Field corn,Neonic,8,V4,31,
Katelyn Miller,MIL_CRO_2,6/27/25,V3/V4,Field corn,Neonic,9,V4,30,
Katelyn Miller,MIL_CRO_2,6/27/25,V3/V4,Field corn,Fung,1,V4,28,
Katelyn Miller,MIL_CRO_2,6/27/25,V3/V4,Field corn,Fung,2,V4,28,
Katelyn Miller,MIL_CRO_2,6/27/25,V3/V4,Field corn,Fung,3,V4,18,"Large skips, minimal seeds found, maybe because of rocks"
Katelyn Miller,MIL_CRO_2,6/27/25,V3/V4,Field corn,Fung,4,V4,29,
Katelyn Miller,MIL_CRO_2,6/27/25,V3/V4,Field corn,Fung,5,V4,34,
Katelyn Miller,MIL_CRO_2,6/27/25,V3/V4,Field corn,Fung,6,V4,29,
Katelyn Miller,MIL_CRO_2,6/27/25,V3/V4,Field corn,Fung,7,V4,30,
Katelyn Miller,MIL_CRO_2,6/27/25,V3/V4,Field corn,Fung,8,V4,33,
Katelyn Miller,MIL_CRO_2,6/27/25,V3/V4,Field corn,Fung,9,V4,31,
Katelyn Miller,MIL_BAR_1,6/13/25,VE/V1,Soybean,Neonic,1,VE,101,
Katelyn Miller,MIL_BAR_1,6/13/25,VE/V1,Soybean,Neonic,2,VE,70,
Katelyn Miller,MIL_BAR_1,6/13/25,VE/V1,Soybean,Neonic,3,VE,88,
Katelyn Miller,MIL_BAR_1,6/13/25,VE/V1,Soybean,Neonic,4,VE,68,
Katelyn Miller,MIL_BAR_1,6/13/25,VE/V1,Soybean,Neonic,5,VE,80,
Katelyn Miller,MIL_BAR_1,6/13/25,VE/V1,Soybean,Neonic,6,VE,69,
Katelyn Miller,MIL_BAR_1,6/13/25,VE/V1,Soybean,Neonic,7,VE,87,
Katelyn Miller,MIL_BAR_1,6/13/25,VE/V1,Soybean,Neonic,8,VE,72,
Katelyn Miller,MIL_BAR_1,6/13/25,VE/V1,Soybean,Neonic,9,VE,60,
Katelyn Miller,MIL_BAR_1,6/13/25,VE/V1,Soybean,Fung,1,VE,98,
Katelyn Miller,MIL_BAR_1,6/13/25,VE/V1,Soybean,Fung,2,VE,71,Remarkably rocky
Katelyn Miller,MIL_BAR_1,6/13/25,VE/V1,Soybean,Fung,3,VE,71,
Katelyn Miller,MIL_BAR_1,6/13/25,VE/V1,Soybean,Fung,4,VE,103,
Katelyn Miller,MIL_BAR_1,6/13/25,VE/V1,Soybean,Fung,5,VE,100,
Katelyn Miller,MIL_BAR_1,6/13/25,VE/V1,Soybean,Fung,6,VE,110,
Katelyn Miller,MIL_BAR_1,6/13/25,VE/V1,Soybean,Fung,7,VE,102,
Katelyn Miller,MIL_BAR_1,6/13/25,VE/V1,Soybean,Fung,8,VE,92,
Katelyn Miller,MIL_BAR_1,6/13/25,VE/V1,Soybean,Fung,9,VE,106,
Katelyn Miller,MIL_BAR_1,7/1/25,V3/V4,Soybean,Neonic,1,V4,86,
Katelyn Miller,MIL_BAR_1,7/1/25,V3/V4,Soybean,Neonic,2,V4,94,
Katelyn Miller,MIL_BAR_1,7/1/25,V3/V4,Soybean,Neonic,3,V4,69,Compaction
Katelyn Miller,MIL_BAR_1,7/1/25,V3/V4,Soybean,Neonic,4,V4,62,"Wash zone, seed carried off? Rocks"
Katelyn Miller,MIL_BAR_1,7/1/25,V3/V4,Soybean,Neonic,5,V4,59,"Wash zone, seed carried off? Rocks"
Katelyn Miller,MIL_BAR_1,7/1/25,V3/V4,Soybean,Neonic,6,V4,56,
Katelyn Miller,MIL_BAR_1,7/1/25,V3/V4,Soybean,Neonic,7,V4,87,
Katelyn Miller,MIL_BAR_1,7/1/25,V3/V4,Soybean,Neonic,8,V4,81,
Katelyn Miller,MIL_BAR_1,7/1/25,V3/V4,Soybean,Neonic,9,V4,75,
Katelyn Miller,MIL_BAR_1,7/1/25,V3/V4,Soybean,Fung,1,V4,93,
Katelyn Miller,MIL_BAR_1,7/1/25,V3/V4,Soybean,Fung,2,V4,91,
Katelyn Miller,MIL_BAR_1,7/1/25,V3/V4,Soybean,Fung,3,V4,80,"Compaction concern and ridge, seed dragged by cultipacker"
Katelyn Miller,MIL_BAR_1,7/1/25,V3/V4,Soybean,Fung,4,V4,98,
Katelyn Miller,MIL_BAR_1,7/1/25,V3/V4,Soybean,Fung,5,V4,93,
Katelyn Miller,MIL_BAR_1,7/1/25,V3/V4,Soybean,Fung,6,V4,97,
Katelyn Miller,MIL_BAR_1,7/1/25,V3/V4,Soybean,Fung,7,V4,90,
Katelyn Miller,MIL_BAR_1,7/1/25,V3/V4,Soybean,Fung,8,V4,96,
Katelyn Miller,MIL_BAR_1,7/1/25,V3/V4,Soybean,Fung,9,V4,85,
Katelyn Miller,MIL_TEL,6/25/25,VE/V1,Field corn,Neonic,1,V2,32,
Katelyn Miller,MIL_TEL,6/25/25,VE/V1,Field corn,Neonic,2,V2,29,1 foot skip
Katelyn Miller,MIL_TEL,6/25/25,VE/V1,Field corn,Neonic,3,V2,27,"Skips, rocks"
Katelyn Miller,MIL_TEL,6/25/25,VE/V1,Field corn,Neonic,4,V2,26,"Singulation issues, multiple plants off row"
Katelyn Miller,MIL_TEL,6/25/25,VE/V1,Field corn,Neonic,5,V2,30,
Katelyn Miller,MIL_TEL,6/25/25,VE/V1,Field corn,Neonic,6,V2,30,
Katelyn Miller,MIL_TEL,6/25/25,VE/V1,Field corn,Neonic,7,V2,31,
Katelyn Miller,MIL_TEL,6/25/25,VE/V1,Field corn,Neonic,8,V2,29,
Katelyn Miller,MIL_TEL,6/25/25,VE/V1,Field corn,Neonic,9,V2,33,Singluation issues
Katelyn Miller,MIL_TEL,6/25/25,VE/V1,Field corn,Fung,1,V2,29,
Katelyn Miller,MIL_TEL,6/25/25,VE/V1,Field corn,Fung,2,V2,27,"Few gaps present, rocks pushing up, planter"
Katelyn Miller,MIL_TEL,6/25/25,VE/V1,Field corn,Fung,3,V2,30,
Katelyn Miller,MIL_TEL,6/25/25,VE/V1,Field corn,Fung,4,V2,28,"1 foot skip, germinated seed found, rocks preventing germination"
Katelyn Miller,MIL_TEL,6/25/25,VE/V1,Field corn,Fung,5,V2,30,
Katelyn Miller,MIL_TEL,6/25/25,VE/V1,Field corn,Fung,6,V2,31,
Katelyn Miller,MIL_TEL,6/25/25,VE/V1,Field corn,Fung,7,V2,32,
Katelyn Miller,MIL_TEL,6/25/25,VE/V1,Field corn,Fung,8,V2,31,
Katelyn Miller,MIL_TEL,6/25/25,VE/V1,Field corn,Fung,9,V2,30,
Katelyn Miller,MIL_TEL,7/2/25,V3/V4,Field corn,Neonic,1,V5,29,
Katelyn Miller,MIL_TEL,7/2/25,V3/V4,Field corn,Neonic,2,V5,31,
Katelyn Miller,MIL_TEL,7/2/25,V3/V4,Field corn,Neonic,3,V5,30,
Katelyn Miller,MIL_TEL,7/2/25,V3/V4,Field corn,Neonic,4,V5,29,
Katelyn Miller,MIL_TEL,7/2/25,V3/V4,Field corn,Neonic,5,V5,28,
Katelyn Miller,MIL_TEL,7/2/25,V3/V4,Field corn,Neonic,6,V5,30,
Katelyn Miller,MIL_TEL,7/2/25,V3/V4,Field corn,Neonic,7,V5,30,
Katelyn Miller,MIL_TEL,7/2/25,V3/V4,Field corn,Neonic,8,V5,32,
Katelyn Miller,MIL_TEL,7/2/25,V3/V4,Field corn,Neonic,9,V5,29,
Katelyn Miller,MIL_TEL,7/2/25,V3/V4,Field corn,Fung,1,V5,27,
Katelyn Miller,MIL_TEL,7/2/25,V3/V4,Field corn,Fung,2,V5,29,
Katelyn Miller,MIL_TEL,7/2/25,V3/V4,Field corn,Fung,3,V5,29,
Katelyn Miller,MIL_TEL,7/2/25,V3/V4,Field corn,Fung,4,V5,30,
Katelyn Miller,MIL_TEL,7/2/25,V3/V4,Field corn,Fung,5,V5,29,
Katelyn Miller,MIL_TEL,7/2/25,V3/V4,Field corn,Fung,6,V5,31,
Katelyn Miller,MIL_TEL,7/2/25,V3/V4,Field corn,Fung,7,V5,30,
Katelyn Miller,MIL_TEL,7/2/25,V3/V4,Field corn,Fung,8,V5,31,
Katelyn Miller,MIL_TEL,7/2/25,V3/V4,Field corn,Fung,9,V5,31,
Katelyn Miller,MIL_ZIT_2,6/16/25,VE/V1,Field corn,Neonic,1,V1,32,
Katelyn Miller,MIL_ZIT_2,6/16/25,VE/V1,Field corn,Neonic,2,V1,28,Minor bird damage
Katelyn Miller,MIL_ZIT_2,6/16/25,VE/V1,Field corn,Neonic,3,V1,32,Slug feeding
Katelyn Miller,MIL_ZIT_2,6/16/25,VE/V1,Field corn,Neonic,4,V1,31,
Katelyn Miller,MIL_ZIT_2,6/16/25,VE/V1,Field corn,Neonic,5,V1,30,Crusting preventing emergence
Katelyn Miller,MIL_ZIT_2,6/16/25,VE/V1,Field corn,Neonic,6,V1,31,
Katelyn Miller,MIL_ZIT_2,6/16/25,VE/V1,Field corn,Neonic,7,V1,32,
Katelyn Miller,MIL_ZIT_2,6/16/25,VE/V1,Field corn,Neonic,8,V1,32,
Katelyn Miller,MIL_ZIT_2,6/16/25,VE/V1,Field corn,Neonic,9,V1,34,
Katelyn Miller,MIL_ZIT_2,6/16/25,VE/V1,Field corn,Fung,1,V1,17,Extensive bird damage
Katelyn Miller,MIL_ZIT_2,6/16/25,VE/V1,Field corn,Fung,2,V1,33,
Katelyn Miller,MIL_ZIT_2,6/16/25,VE/V1,Field corn,Fung,3,V1,35,
Katelyn Miller,MIL_ZIT_2,6/16/25,VE/V1,Field corn,Fung,4,V1,31,
Katelyn Miller,MIL_ZIT_2,6/16/25,VE/V1,Field corn,Fung,5,V1,34,
Katelyn Miller,MIL_ZIT_2,6/16/25,VE/V1,Field corn,Fung,6,V1,34,
Katelyn Miller,MIL_ZIT_2,6/16/25,VE/V1,Field corn,Fung,7,V1,31,
Katelyn Miller,MIL_ZIT_2,6/16/25,VE/V1,Field corn,Fung,8,V1,33,
Katelyn Miller,MIL_ZIT_2,6/16/25,VE/V1,Field corn,Fung,9,V1,35,
Katelyn Miller,MIL_ZIT_2,6/25/25,V3/V4,Field corn,Neonic,1,V4,33,
Katelyn Miller,MIL_ZIT_2,6/25/25,V3/V4,Field corn,Neonic,2,V4,27,"1 foot skip, only 1 dead seed found"
Katelyn Miller,MIL_ZIT_2,6/25/25,V3/V4,Field corn,Neonic,3,V4,32,
Katelyn Miller,MIL_ZIT_2,6/25/25,V3/V4,Field corn,Neonic,4,V4,30,
Katelyn Miller,MIL_ZIT_2,6/25/25,V3/V4,Field corn,Neonic,5,V4,31,
Katelyn Miller,MIL_ZIT_2,6/25/25,V3/V4,Field corn,Neonic,6,V4,30,
Katelyn Miller,MIL_ZIT_2,6/25/25,V3/V4,Field corn,Neonic,7,V4,31,
Katelyn Miller,MIL_ZIT_2,6/25/25,V3/V4,Field corn,Neonic,8,V4,35,
Katelyn Miller,MIL_ZIT_2,6/25/25,V3/V4,Field corn,Neonic,9,V4,33,
Katelyn Miller,MIL_ZIT_2,6/25/25,V3/V4,Field corn,Fung,1,V4,36,
Katelyn Miller,MIL_ZIT_2,6/25/25,V3/V4,Field corn,Fung,2,V4,33,
Katelyn Miller,MIL_ZIT_2,6/25/25,V3/V4,Field corn,Fung,3,V4,36,
Katelyn Miller,MIL_ZIT_2,6/25/25,V3/V4,Field corn,Fung,4,V4,33,
Katelyn Miller,MIL_ZIT_2,6/25/25,V3/V4,Field corn,Fung,5,V4,31,
Katelyn Miller,MIL_ZIT_2,6/25/25,V3/V4,Field corn,Fung,6,V4,36,
Katelyn Miller,MIL_ZIT_2,6/25/25,V3/V4,Field corn,Fung,7,V4,32,
Katelyn Miller,MIL_ZIT_2,6/25/25,V3/V4,Field corn,Fung,8,V4,31,
Katelyn Miller,MIL_ZIT_2,6/25/25,V3/V4,Field corn,Fung,9,V4,32,
Mike Stanyard,STA_REE_2,6/16/25,VE/V1,Soybean,Neonic,1,VE/V1,124,
Mike Stanyard,STA_REE_2,6/16/25,VE/V1,Soybean,Neonic,2,VE/V1,105,
Mike Stanyard,STA_REE_2,6/16/25,VE/V1,Soybean,Neonic,3,VE/V1,129,
Mike Stanyard,STA_REE_2,6/16/25,VE/V1,Soybean,Neonic,4,VE/V1,103,
Mike Stanyard,STA_REE_2,6/16/25,VE/V1,Soybean,Neonic,5,VE/V1,104,
Mike Stanyard,STA_REE_2,6/16/25,VE/V1,Soybean,Neonic,6,VE/V1,96,
Mike Stanyard,STA_REE_2,6/16/25,VE/V1,Soybean,Neonic,7,VE/V1,118,
Mike Stanyard,STA_REE_2,6/16/25,VE/V1,Soybean,Neonic,8,VE/V1,130,
Mike Stanyard,STA_REE_2,6/16/25,VE/V1,Soybean,Neonic,9,VE/V1,115,
Mike Stanyard,STA_REE_2,6/16/25,VE/V1,Soybean,Fung,1,VE/V1,116,
Mike Stanyard,STA_REE_2,6/16/25,VE/V1,Soybean,Fung,2,VE/V1,126,
Mike Stanyard,STA_REE_2,6/16/25,VE/V1,Soybean,Fung,3,VE/V1,103,
Mike Stanyard,STA_REE_2,6/16/25,VE/V1,Soybean,Fung,4,VE/V1,120,
Mike Stanyard,STA_REE_2,6/16/25,VE/V1,Soybean,Fung,5,VE/V1,108,
Mike Stanyard,STA_REE_2,6/16/25,VE/V1,Soybean,Fung,6,VE/V1,100,
Mike Stanyard,STA_REE_2,6/16/25,VE/V1,Soybean,Fung,7,VE/V1,118,
Mike Stanyard,STA_REE_2,6/16/25,VE/V1,Soybean,Fung,8,VE/V1,126,
Mike Stanyard,STA_REE_2,6/16/25,VE/V1,Soybean,Fung,9,VE/V1,132,
Mike Stanyard,STA_REE_2,6/30/25,V3/V4,Soybean,Neonic,1,V3/V4,100,
Mike Stanyard,STA_REE_2,6/30/25,V3/V4,Soybean,Neonic,2,V3/V4,111,
Mike Stanyard,STA_REE_2,6/30/25,V3/V4,Soybean,Neonic,3,V3/V4,95,
Mike Stanyard,STA_REE_2,6/30/25,V3/V4,Soybean,Neonic,4,V3/V4,80,
Mike Stanyard,STA_REE_2,6/30/25,V3/V4,Soybean,Neonic,5,V3/V4,113,
Mike Stanyard,STA_REE_2,6/30/25,V3/V4,Soybean,Neonic,6,V3/V4,113,
Mike Stanyard,STA_REE_2,6/30/25,V3/V4,Soybean,Neonic,7,V3/V4,124,
Mike Stanyard,STA_REE_2,6/30/25,V3/V4,Soybean,Neonic,8,V3/V4,118,Deer damage cut tops
Mike Stanyard,STA_REE_2,6/30/25,V3/V4,Soybean,Neonic,9,V3/V4,122,
Mike Stanyard,STA_REE_2,6/30/25,V3/V4,Soybean,Fung,1,V3/V4,115,
Mike Stanyard,STA_REE_2,6/30/25,V3/V4,Soybean,Fung,2,V3/V4,130,
Mike Stanyard,STA_REE_2,6/30/25,V3/V4,Soybean,Fung,3,V3/V4,115,
Mike Stanyard,STA_REE_2,6/30/25,V3/V4,Soybean,Fung,4,V3/V4,104,
Mike Stanyard,STA_REE_2,6/30/25,V3/V4,Soybean,Fung,5,V3/V4,99,
Mike Stanyard,STA_REE_2,6/30/25,V3/V4,Soybean,Fung,6,V3/V4,98,
Mike Stanyard,STA_REE_2,6/30/25,V3/V4,Soybean,Fung,7,V3/V4,102,
Mike Stanyard,STA_REE_2,6/30/25,V3/V4,Soybean,Fung,8,V3/V4,120,
Mike Stanyard,STA_REE_2,6/30/25,V3/V4,Soybean,Fung,9,V3/V4,126,
Mike Stanyard,STA_REE_1,6/12/25,VE/V1,Soybean,Neonic,1,VE/VC,108,
Mike Stanyard,STA_REE_1,6/12/25,VE/V1,Soybean,Neonic,2,VE/VC,124,
Mike Stanyard,STA_REE_1,6/12/25,VE/V1,Soybean,Neonic,3,VE/VC,118,
Mike Stanyard,STA_REE_1,6/12/25,VE/V1,Soybean,Neonic,4,VE/VC,105,
Mike Stanyard,STA_REE_1,6/12/25,VE/V1,Soybean,Neonic,5,VE/VC,101,
Mike Stanyard,STA_REE_1,6/12/25,VE/V1,Soybean,Neonic,6,VE/VC,103,
Mike Stanyard,STA_REE_1,6/12/25,VE/V1,Soybean,Neonic,7,VE/VC,101,
Mike Stanyard,STA_REE_1,6/12/25,VE/V1,Soybean,Neonic,8,VE/VC,117,
Mike Stanyard,STA_REE_1,6/12/25,VE/V1,Soybean,Neonic,9,VE/VC,96,
Mike Stanyard,STA_REE_1,6/12/25,VE/V1,Soybean,Fung,1,VE/VC,115,
Mike Stanyard,STA_REE_1,6/12/25,VE/V1,Soybean,Fung,2,VE/VC,112,
Mike Stanyard,STA_REE_1,6/12/25,VE/V1,Soybean,Fung,3,VE/VC,114,
Mike Stanyard,STA_REE_1,6/12/25,VE/V1,Soybean,Fung,4,VE/VC,91,
Mike Stanyard,STA_REE_1,6/12/25,VE/V1,Soybean,Fung,5,VE/VC,105,
Mike Stanyard,STA_REE_1,6/12/25,VE/V1,Soybean,Fung,6,VE/VC,84,
Mike Stanyard,STA_REE_1,6/12/25,VE/V1,Soybean,Fung,7,VE/VC,130,
Mike Stanyard,STA_REE_1,6/12/25,VE/V1,Soybean,Fung,8,VE/VC,114,
Mike Stanyard,STA_REE_1,6/12/25,VE/V1,Soybean,Fung,9,VE/VC,115,
Mike Stanyard,STA_REE_1,6/30/25,V3/V4,Soybean,Neonic,1,V3/V4,118,
Mike Stanyard,STA_REE_1,6/30/25,V3/V4,Soybean,Neonic,2,V3/V4,70,
Mike Stanyard,STA_REE_1,6/30/25,V3/V4,Soybean,Neonic,3,V3/V4,111,
Mike Stanyard,STA_REE_1,6/30/25,V3/V4,Soybean,Neonic,4,V3/V4,101,
Mike Stanyard,STA_REE_1,6/30/25,V3/V4,Soybean,Neonic,5,V3/V4,92,
Mike Stanyard,STA_REE_1,6/30/25,V3/V4,Soybean,Neonic,6,V3/V4,92,
Mike Stanyard,STA_REE_1,6/30/25,V3/V4,Soybean,Neonic,7,V3/V4,85,
Mike Stanyard,STA_REE_1,6/30/25,V3/V4,Soybean,Neonic,8,V3/V4,105,"Many V2s, wet area"
Mike Stanyard,STA_REE_1,6/30/25,V3/V4,Soybean,Neonic,9,V3/V4,95,
Mike Stanyard,STA_REE_1,6/30/25,V3/V4,Soybean,Fung,1,V3/V4,107,
Mike Stanyard,STA_REE_1,6/30/25,V3/V4,Soybean,Fung,2,V3/V4,123,
Mike Stanyard,STA_REE_1,6/30/25,V3/V4,Soybean,Fung,3,V3/V4,119,
Mike Stanyard,STA_REE_1,6/30/25,V3/V4,Soybean,Fung,4,V3/V4,89,
Mike Stanyard,STA_REE_1,6/30/25,V3/V4,Soybean,Fung,5,V3/V4,91,
Mike Stanyard,STA_REE_1,6/30/25,V3/V4,Soybean,Fung,6,V3/V4,103,
Mike Stanyard,STA_REE_1,6/30/25,V3/V4,Soybean,Fung,7,V3/V4,149,
Mike Stanyard,STA_REE_1,6/30/25,V3/V4,Soybean,Fung,8,V3/V4,150,
Mike Stanyard,STA_REE_1,6/30/25,V3/V4,Soybean,Fung,9,V3/V4,107,
Mike Stanyard,STA_FRE,6/18/25,VE/V1,Soybean,Neonic,1,VE/VC,105,
Mike Stanyard,STA_FRE,6/18/25,VE/V1,Soybean,Neonic,2,VE/VC,122,
Mike Stanyard,STA_FRE,6/18/25,VE/V1,Soybean,Neonic,3,VE/VC,120,
Mike Stanyard,STA_FRE,6/18/25,VE/V1,Soybean,Neonic,4,VE/VC,111,
Mike Stanyard,STA_FRE,6/18/25,VE/V1,Soybean,Neonic,5,VE/VC,94,
Mike Stanyard,STA_FRE,6/18/25,VE/V1,Soybean,Neonic,6,VE/VC,111,
Mike Stanyard,STA_FRE,6/18/25,VE/V1,Soybean,Neonic,7,VE/VC,120,
Mike Stanyard,STA_FRE,6/18/25,VE/V1,Soybean,Neonic,8,VE/VC,119,
Mike Stanyard,STA_FRE,6/18/25,VE/V1,Soybean,Neonic,9,VE/VC,121,
Mike Stanyard,STA_FRE,6/18/25,VE/V1,Soybean,Fung,1,VE/VC,92,
Mike Stanyard,STA_FRE,6/18/25,VE/V1,Soybean,Fung,2,VE/VC,71,
Mike Stanyard,STA_FRE,6/18/25,VE/V1,Soybean,Fung,3,VE/VC,111,
Mike Stanyard,STA_FRE,6/18/25,VE/V1,Soybean,Fung,4,VE/VC,131,
Mike Stanyard,STA_FRE,6/18/25,VE/V1,Soybean,Fung,5,VE/VC,135,
Mike Stanyard,STA_FRE,6/18/25,VE/V1,Soybean,Fung,6,VE/VC,126,
Mike Stanyard,STA_FRE,6/18/25,VE/V1,Soybean,Fung,7,VE/VC,115,
Mike Stanyard,STA_FRE,6/18/25,VE/V1,Soybean,Fung,8,VE/VC,115,
Mike Stanyard,STA_FRE,6/18/25,VE/V1,Soybean,Fung,9,VE/VC,119,
Mike Stanyard,STA_FRE,6/30/25,V3/V4,Soybean,Neonic,1,V2/V3,89,
Mike Stanyard,STA_FRE,6/30/25,V3/V4,Soybean,Neonic,2,V2/V3,94,
Mike Stanyard,STA_FRE,6/30/25,V3/V4,Soybean,Neonic,3,V2/V3,83,
Mike Stanyard,STA_FRE,6/30/25,V3/V4,Soybean,Neonic,4,V2/V3,116,
Mike Stanyard,STA_FRE,6/30/25,V3/V4,Soybean,Neonic,5,V2/V3,111,
Mike Stanyard,STA_FRE,6/30/25,V3/V4,Soybean,Neonic,6,V2/V3,131,
Mike Stanyard,STA_FRE,6/30/25,V3/V4,Soybean,Neonic,7,V2/V3,118,
Mike Stanyard,STA_FRE,6/30/25,V3/V4,Soybean,Neonic,8,V2/V3,108,
Mike Stanyard,STA_FRE,6/30/25,V3/V4,Soybean,Neonic,9,V2/V3,119,
Mike Stanyard,STA_FRE,6/30/25,V3/V4,Soybean,Fung,1,V2/V3,89,
Mike Stanyard,STA_FRE,6/30/25,V3/V4,Soybean,Fung,2,V2/V3,125,
Mike Stanyard,STA_FRE,6/30/25,V3/V4,Soybean,Fung,3,V2/V3,125,
Mike Stanyard,STA_FRE,6/30/25,V3/V4,Soybean,Fung,4,V2/V3,142,
Mike Stanyard,STA_FRE,6/30/25,V3/V4,Soybean,Fung,5,V2/V3,105,
Mike Stanyard,STA_FRE,6/30/25,V3/V4,Soybean,Fung,6,V2/V3,122,
Mike Stanyard,STA_FRE,6/30/25,V3/V4,Soybean,Fung,7,V2/V3,107,
Mike Stanyard,STA_FRE,6/30/25,V3/V4,Soybean,Fung,8,V2/V3,124,
Mike Stanyard,STA_FRE,6/30/25,V3/V4,Soybean,Fung,9,V2/V3,114,
Mike Stanyard,STA_WOO,6/2/25,VE/V1,Field corn,Neonic,1,VE/V1,28,
Mike Stanyard,STA_WOO,6/2/25,VE/V1,Field corn,Neonic,2,VE/V1,27,
Mike Stanyard,STA_WOO,6/2/25,VE/V1,Field corn,Neonic,3,VE/V1,27,
Mike Stanyard,STA_WOO,6/2/25,VE/V1,Field corn,Neonic,4,VE/V1,30,
Mike Stanyard,STA_WOO,6/2/25,VE/V1,Field corn,Neonic,5,VE/V1,23,
Mike Stanyard,STA_WOO,6/2/25,VE/V1,Field corn,Neonic,6,VE/V1,25,
Mike Stanyard,STA_WOO,6/2/25,VE/V1,Field corn,Neonic,7,VE/V1,25,
Mike Stanyard,STA_WOO,6/2/25,VE/V1,Field corn,Neonic,8,VE/V1,30,
Mike Stanyard,STA_WOO,6/2/25,VE/V1,Field corn,Neonic,9,VE/V1,27,
Mike Stanyard,STA_WOO,6/2/25,VE/V1,Field corn,Fung,1,V1,30,
Mike Stanyard,STA_WOO,6/2/25,VE/V1,Field corn,Fung,2,V1,27,
Mike Stanyard,STA_WOO,6/2/25,VE/V1,Field corn,Fung,3,VE/V1,22,
Mike Stanyard,STA_WOO,6/2/25,VE/V1,Field corn,Fung,4,VE/V1,27,
Mike Stanyard,STA_WOO,6/2/25,VE/V1,Field corn,Fung,5,VE/V1,28,
Mike Stanyard,STA_WOO,6/2/25,VE/V1,Field corn,Fung,6,VE/V1,24,
Mike Stanyard,STA_WOO,6/2/25,VE/V1,Field corn,Fung,7,VE/V1,26,
Mike Stanyard,STA_WOO,6/2/25,VE/V1,Field corn,Fung,8,VE/V1,28,
Mike Stanyard,STA_WOO,6/2/25,VE/V1,Field corn,Fung,9,VE/V1,28,
Mike Stanyard,STA_WOO,6/13/25,V3/V4,Field corn,Neonic,1,V3/V4,19,
Mike Stanyard,STA_WOO,6/13/25,V3/V4,Field corn,Neonic,2,V3,28,
Mike Stanyard,STA_WOO,6/13/25,V3/V4,Field corn,Neonic,3,V3,24,
Mike Stanyard,STA_WOO,6/13/25,V3/V4,Field corn,Neonic,4,V3,22,
Mike Stanyard,STA_WOO,6/13/25,V3/V4,Field corn,Neonic,5,V3,25,
Mike Stanyard,STA_WOO,6/13/25,V3/V4,Field corn,Neonic,6,V3,27,
Mike Stanyard,STA_WOO,6/13/25,V3/V4,Field corn,Neonic,7,V3,23,
Mike Stanyard,STA_WOO,6/13/25,V3/V4,Field corn,Neonic,8,V3,25,
Mike Stanyard,STA_WOO,6/13/25,V3/V4,Field corn,Neonic,9,V3,22,
Mike Stanyard,STA_WOO,6/13/25,V3/V4,Field corn,Fung,1,V3,27,
Mike Stanyard,STA_WOO,6/13/25,V3/V4,Field corn,Fung,2,V3,27,
Mike Stanyard,STA_WOO,6/13/25,V3/V4,Field corn,Fung,3,V3,28,
Mike Stanyard,STA_WOO,6/13/25,V3/V4,Field corn,Fung,4,V3,27,
Mike Stanyard,STA_WOO,6/13/25,V3/V4,Field corn,Fung,5,V3,28,
Mike Stanyard,STA_WOO,6/13/25,V3/V4,Field corn,Fung,6,V3,31,
Mike Stanyard,STA_WOO,6/13/25,V3/V4,Field corn,Fung,7,V3,26,
Mike Stanyard,STA_WOO,6/13/25,V3/V4,Field corn,Fung,8,V3,24,
Mike Stanyard,STA_WOO,6/13/25,V3/V4,Field corn,Fung,9,V3,26,
Mike Stanyard,STA_MAC,6/27/25,VE/V1,Field corn,Neonic,1,V1/V2,27,
Mike Stanyard,STA_MAC,6/27/25,VE/V1,Field corn,Neonic,2,V1/V2,32,
Mike Stanyard,STA_MAC,6/27/25,VE/V1,Field corn,Neonic,3,V1/V2,32,
Mike Stanyard,STA_MAC,6/27/25,VE/V1,Field corn,Neonic,4,V1/V2,28,
Mike Stanyard,STA_MAC,6/27/25,VE/V1,Field corn,Neonic,5,V1/V2,35,
Mike Stanyard,STA_MAC,6/27/25,VE/V1,Field corn,Neonic,6,V1/V2,30,
Mike Stanyard,STA_MAC,6/27/25,VE/V1,Field corn,Neonic,7,V1/V2,30,
Mike Stanyard,STA_MAC,6/27/25,VE/V1,Field corn,Neonic,8,V1/V2,32,
Mike Stanyard,STA_MAC,6/27/25,VE/V1,Field corn,Neonic,9,V1/V2,33,
Mike Stanyard,STA_MAC,6/27/25,VE/V1,Field corn,Fung,1,V1/V2,31,
Mike Stanyard,STA_MAC,6/27/25,VE/V1,Field corn,Fung,2,V1/V2,29,
Mike Stanyard,STA_MAC,6/27/25,VE/V1,Field corn,Fung,3,V1/V2,34,
Mike Stanyard,STA_MAC,6/27/25,VE/V1,Field corn,Fung,4,V1/V2,29,
Mike Stanyard,STA_MAC,6/27/25,VE/V1,Field corn,Fung,5,V1/V2,32,
Mike Stanyard,STA_MAC,6/27/25,VE/V1,Field corn,Fung,6,V1/V2,28,
Mike Stanyard,STA_MAC,6/27/25,VE/V1,Field corn,Fung,7,V1/V2,32,
Mike Stanyard,STA_MAC,6/27/25,VE/V1,Field corn,Fung,8,V1/V2,33,
Mike Stanyard,STA_MAC,6/27/25,VE/V1,Field corn,Fung,9,V1/V2,32,
Mike Stanyard,STA_MAC,7/3/25,V3/V4,Field corn,Neonic,1,V3,30,
Mike Stanyard,STA_MAC,7/3/25,V3/V4,Field corn,Neonic,2,V3,37,
Mike Stanyard,STA_MAC,7/3/25,V3/V4,Field corn,Neonic,3,V3,32,
Mike Stanyard,STA_MAC,7/3/25,V3/V4,Field corn,Neonic,4,V3,35,
Mike Stanyard,STA_MAC,7/3/25,V3/V4,Field corn,Neonic,5,V3,28,
Mike Stanyard,STA_MAC,7/3/25,V3/V4,Field corn,Neonic,6,V3,26,
Mike Stanyard,STA_MAC,7/3/25,V3/V4,Field corn,Neonic,7,V3,30,
Mike Stanyard,STA_MAC,7/3/25,V3/V4,Field corn,Neonic,8,V3,32,
Mike Stanyard,STA_MAC,7/3/25,V3/V4,Field corn,Neonic,9,V3,35,
Mike Stanyard,STA_MAC,7/3/25,V3/V4,Field corn,Fung,1,V3,26,
Mike Stanyard,STA_MAC,7/3/25,V3/V4,Field corn,Fung,2,V3,31,
Mike Stanyard,STA_MAC,7/3/25,V3/V4,Field corn,Fung,3,V3,31,
Mike Stanyard,STA_MAC,7/3/25,V3/V4,Field corn,Fung,4,V3,33,
Mike Stanyard,STA_MAC,7/3/25,V3/V4,Field corn,Fung,5,V3,34,
Mike Stanyard,STA_MAC,7/3/25,V3/V4,Field corn,Fung,6,V3,30,
Mike Stanyard,STA_MAC,7/3/25,V3/V4,Field corn,Fung,7,V3,34,
Mike Stanyard,STA_MAC,7/3/25,V3/V4,Field corn,Fung,8,V3,30,
Mike Stanyard,STA_MAC,7/3/25,V3/V4,Field corn,Fung,9,V3,30,
Mike Stanyard,STA_BLO,6/23/25,VE/V1,Field corn,Neonic,1,V1/V2,34,
Mike Stanyard,STA_BLO,6/23/25,VE/V1,Field corn,Neonic,2,V1/V2,32,
Mike Stanyard,STA_BLO,6/23/25,VE/V1,Field corn,Neonic,3,V1/V2,34,
Mike Stanyard,STA_BLO,6/23/25,VE/V1,Field corn,Neonic,4,V1/V2,32,
Mike Stanyard,STA_BLO,6/23/25,VE/V1,Field corn,Neonic,5,V1/V2,34,
Mike Stanyard,STA_BLO,6/23/25,VE/V1,Field corn,Neonic,6,V1/V2,33,
Mike Stanyard,STA_BLO,6/23/25,VE/V1,Field corn,Neonic,7,V1/V2,29,
Mike Stanyard,STA_BLO,6/23/25,VE/V1,Field corn,Neonic,8,V1/V2,33,
Mike Stanyard,STA_BLO,6/23/25,VE/V1,Field corn,Neonic,9,V1/V2,31,
Mike Stanyard,STA_BLO,6/23/25,VE/V1,Field corn,Fung,1,V1/V2,33,
Mike Stanyard,STA_BLO,6/23/25,VE/V1,Field corn,Fung,2,V1/V2,33,
Mike Stanyard,STA_BLO,6/23/25,VE/V1,Field corn,Fung,3,V1/V2,31,
Mike Stanyard,STA_BLO,6/23/25,VE/V1,Field corn,Fung,4,V1/V2,33,
Mike Stanyard,STA_BLO,6/23/25,VE/V1,Field corn,Fung,5,V1/V2,33,
Mike Stanyard,STA_BLO,6/23/25,VE/V1,Field corn,Fung,6,V1/V2,32,
Mike Stanyard,STA_BLO,6/23/25,VE/V1,Field corn,Fung,7,V1/V2,32,
Mike Stanyard,STA_BLO,6/23/25,VE/V1,Field corn,Fung,8,V1/V2,34,
Mike Stanyard,STA_BLO,6/23/25,VE/V1,Field corn,Fung,9,V1/V2,34,
Mike Stanyard,STA_BLO,6/27/25,V3/V4,Field corn,Neonic,1,V3/V4,34,
Mike Stanyard,STA_BLO,6/27/25,V3/V4,Field corn,Neonic,2,V3/V4,33,
Mike Stanyard,STA_BLO,6/27/25,V3/V4,Field corn,Neonic,3,V3/V4,32,
Mike Stanyard,STA_BLO,6/27/25,V3/V4,Field corn,Neonic,4,V3/V4,32,
Mike Stanyard,STA_BLO,6/27/25,V3/V4,Field corn,Neonic,5,V3/V4,34,
Mike Stanyard,STA_BLO,6/27/25,V3/V4,Field corn,Neonic,6,V3/V4,29,
Mike Stanyard,STA_BLO,6/27/25,V3/V4,Field corn,Neonic,7,V3/V4,29,
Mike Stanyard,STA_BLO,6/27/25,V3/V4,Field corn,Neonic,8,V3/V4,33,
Mike Stanyard,STA_BLO,6/27/25,V3/V4,Field corn,Neonic,9,V3/V4,35,
Mike Stanyard,STA_BLO,6/27/25,V3/V4,Field corn,Fung,1,V3/V4,33,
Mike Stanyard,STA_BLO,6/27/25,V3/V4,Field corn,Fung,2,V3/V4,32,
Mike Stanyard,STA_BLO,6/27/25,V3/V4,Field corn,Fung,3,V3/V4,33,
Mike Stanyard,STA_BLO,6/27/25,V3/V4,Field corn,Fung,4,V3/V4,33,
Mike Stanyard,STA_BLO,6/27/25,V3/V4,Field corn,Fung,5,V3/V4,29,
Mike Stanyard,STA_BLO,6/27/25,V3/V4,Field corn,Fung,6,V3/V4,31,
Mike Stanyard,STA_BLO,6/27/25,V3/V4,Field corn,Fung,7,V3/V4,29,
Mike Stanyard,STA_BLO,6/27/25,V3/V4,Field corn,Fung,8,V3/V4,31,
Mike Stanyard,STA_BLO,6/27/25,V3/V4,Field corn,Fung,9,V3/V4,29,
Mike Stanyard,STA_WIL,5/30/25,VE/V1,Field corn,Neonic,1,V1,31,
Mike Stanyard,STA_WIL,5/30/25,VE/V1,Field corn,Neonic,2,V1,26,
Mike Stanyard,STA_WIL,5/30/25,VE/V1,Field corn,Neonic,3,V1,30,
Mike Stanyard,STA_WIL,5/30/25,VE/V1,Field corn,Neonic,4,V1,35,
Mike Stanyard,STA_WIL,5/30/25,VE/V1,Field corn,Neonic,5,V1,34,
Mike Stanyard,STA_WIL,5/30/25,VE/V1,Field corn,Neonic,6,V1,30,
Mike Stanyard,STA_WIL,5/30/25,VE/V1,Field corn,Neonic,7,V1,32,
Mike Stanyard,STA_WIL,5/30/25,VE/V1,Field corn,Neonic,8,V1,34,
Mike Stanyard,STA_WIL,5/30/25,VE/V1,Field corn,Neonic,9,V1,30,
Mike Stanyard,STA_WIL,5/30/25,VE/V1,Field corn,Fung,1,V1,30,
Mike Stanyard,STA_WIL,5/30/25,VE/V1,Field corn,Fung,2,V1,31,
Mike Stanyard,STA_WIL,5/30/25,VE/V1,Field corn,Fung,3,V1,32,
Mike Stanyard,STA_WIL,5/30/25,VE/V1,Field corn,Fung,4,V1,32,
Mike Stanyard,STA_WIL,5/30/25,VE/V1,Field corn,Fung,5,V1,33,
Mike Stanyard,STA_WIL,5/30/25,VE/V1,Field corn,Fung,6,V1,37,
Mike Stanyard,STA_WIL,5/30/25,VE/V1,Field corn,Fung,7,V1,37,
Mike Stanyard,STA_WIL,5/30/25,VE/V1,Field corn,Fung,8,V1,33,
Mike Stanyard,STA_WIL,5/30/25,VE/V1,Field corn,Fung,9,V1,31,
Mike Stanyard,STA_WIL,6/12/25,V3/V4,Field corn,Neonic,1,V3/V4,35,
Mike Stanyard,STA_WIL,6/12/25,V3/V4,Field corn,Neonic,2,V3/V4,26,
Mike Stanyard,STA_WIL,6/12/25,V3/V4,Field corn,Neonic,3,V3/V4,24,
Mike Stanyard,STA_WIL,6/12/25,V3/V4,Field corn,Neonic,4,V3/V4,30,
Mike Stanyard,STA_WIL,6/12/25,V3/V4,Field corn,Neonic,5,V3/V4,28,
Mike Stanyard,STA_WIL,6/12/25,V3/V4,Field corn,Neonic,6,V3/V4,31,
Mike Stanyard,STA_WIL,6/12/25,V3/V4,Field corn,Neonic,7,V3/V4,27,
Mike Stanyard,STA_WIL,6/12/25,V3/V4,Field corn,Neonic,8,V3/V4,24,
Mike Stanyard,STA_WIL,6/12/25,V3/V4,Field corn,Neonic,9,V3/V4,28,
Mike Stanyard,STA_WIL,6/12/25,V3/V4,Field corn,Fung,1,V3/V4,31,
Mike Stanyard,STA_WIL,6/12/25,V3/V4,Field corn,Fung,2,V3/V4,30,
Mike Stanyard,STA_WIL,6/12/25,V3/V4,Field corn,Fung,3,V3/V4,32,
Mike Stanyard,STA_WIL,6/12/25,V3/V4,Field corn,Fung,4,V3/V4,32,
Mike Stanyard,STA_WIL,6/12/25,V3/V4,Field corn,Fung,5,V3/V4,30,
Mike Stanyard,STA_WIL,6/12/25,V3/V4,Field corn,Fung,6,V3/V4,27,
Mike Stanyard,STA_WIL,6/12/25,V3/V4,Field corn,Fung,7,V3/V4,30,
Mike Stanyard,STA_WIL,6/12/25,V3/V4,Field corn,Fung,8,V3/V4,26,
Mike Stanyard,STA_WIL,6/12/25,V3/V4,Field corn,Fung,9,V3/V4,34,
Mike Stanyard,STA_MAR,6/18/25,VE/V1,Field corn,Neonic,1,V2,35,
Mike Stanyard,STA_MAR,6/18/25,VE/V1,Field corn,Neonic,2,V2,42,
Mike Stanyard,STA_MAR,6/18/25,VE/V1,Field corn,Neonic,3,V2,38,
Mike Stanyard,STA_MAR,6/18/25,VE/V1,Field corn,Neonic,4,V2,35,
Mike Stanyard,STA_MAR,6/18/25,VE/V1,Field corn,Neonic,5,V2,39,
Mike Stanyard,STA_MAR,6/18/25,VE/V1,Field corn,Neonic,6,V2,39,
Mike Stanyard,STA_MAR,6/18/25,VE/V1,Field corn,Neonic,7,V2,37,
Mike Stanyard,STA_MAR,6/18/25,VE/V1,Field corn,Neonic,8,V2,37,
Mike Stanyard,STA_MAR,6/18/25,VE/V1,Field corn,Neonic,9,V2,38,
Mike Stanyard,STA_MAR,6/18/25,VE/V1,Field corn,Fung,1,V2,41,
Mike Stanyard,STA_MAR,6/18/25,VE/V1,Field corn,Fung,2,V2,42,
Mike Stanyard,STA_MAR,6/18/25,VE/V1,Field corn,Fung,3,V2,41,
Mike Stanyard,STA_MAR,6/18/25,VE/V1,Field corn,Fung,4,V2,37,
Mike Stanyard,STA_MAR,6/18/25,VE/V1,Field corn,Fung,5,V2,39,
Mike Stanyard,STA_MAR,6/18/25,VE/V1,Field corn,Fung,6,V2,39,
Mike Stanyard,STA_MAR,6/18/25,VE/V1,Field corn,Fung,7,V2,35,
Mike Stanyard,STA_MAR,6/18/25,VE/V1,Field corn,Fung,8,V2,39,
Mike Stanyard,STA_MAR,6/18/25,VE/V1,Field corn,Fung,9,V2,38,
Mike Stanyard,STA_MAR,6/25/25,V3/V4,Field corn,Neonic,1,V4,38,
Mike Stanyard,STA_MAR,6/25/25,V3/V4,Field corn,Neonic,2,V4,39,
Mike Stanyard,STA_MAR,6/25/25,V3/V4,Field corn,Neonic,3,V4,38,
Mike Stanyard,STA_MAR,6/25/25,V3/V4,Field corn,Neonic,4,V4,35,
Mike Stanyard,STA_MAR,6/25/25,V3/V4,Field corn,Neonic,5,V4,38,
Mike Stanyard,STA_MAR,6/25/25,V3/V4,Field corn,Neonic,6,V4,32,
Mike Stanyard,STA_MAR,6/25/25,V3/V4,Field corn,Neonic,7,V4,38,
Mike Stanyard,STA_MAR,6/25/25,V3/V4,Field corn,Neonic,8,V4,38,
Mike Stanyard,STA_MAR,6/25/25,V3/V4,Field corn,Neonic,9,V4,35,
Mike Stanyard,STA_MAR,6/25/25,V3/V4,Field corn,Fung,1,V4,39,
Mike Stanyard,STA_MAR,6/25/25,V3/V4,Field corn,Fung,2,V4,39,
Mike Stanyard,STA_MAR,6/25/25,V3/V4,Field corn,Fung,3,V4,39,
Mike Stanyard,STA_MAR,6/25/25,V3/V4,Field corn,Fung,4,V4,35,
Mike Stanyard,STA_MAR,6/25/25,V3/V4,Field corn,Fung,5,V4,32,
Mike Stanyard,STA_MAR,6/25/25,V3/V4,Field corn,Fung,6,V4,39,
Mike Stanyard,STA_MAR,6/25/25,V3/V4,Field corn,Fung,7,V4,40,
Mike Stanyard,STA_MAR,6/25/25,V3/V4,Field corn,Fung,8,V4,40,
Mike Stanyard,STA_MAR,6/25/25,V3/V4,Field corn,Fung,9,V4,39,
Mike Stanyard,STA_STA,6/10/25,VE/V1,Field corn,Neonic,1,V1/V2,21,
Mike Stanyard,STA_STA,6/10/25,VE/V1,Field corn,Neonic,2,V1/V2,14,
Mike Stanyard,STA_STA,6/10/25,VE/V1,Field corn,Neonic,3,V1/V2,20,
Mike Stanyard,STA_STA,6/10/25,VE/V1,Field corn,Neonic,4,V1/V2,20,
Mike Stanyard,STA_STA,6/10/25,VE/V1,Field corn,Neonic,5,V1/V2,11,
Mike Stanyard,STA_STA,6/10/25,VE/V1,Field corn,Neonic,6,V1/V2,20,
Mike Stanyard,STA_STA,6/10/25,VE/V1,Field corn,Neonic,7,V1/V2,17,
Mike Stanyard,STA_STA,6/10/25,VE/V1,Field corn,Neonic,8,V1/V2,17,
Mike Stanyard,STA_STA,6/10/25,VE/V1,Field corn,Neonic,9,V1/V2,19,
Mike Stanyard,STA_STA,6/10/25,VE/V1,Field corn,Fung,1,V1/V2,23,
Mike Stanyard,STA_STA,6/10/25,VE/V1,Field corn,Fung,2,V1/V2,26,
Mike Stanyard,STA_STA,6/10/25,VE/V1,Field corn,Fung,3,V1/V2,27,
Mike Stanyard,STA_STA,6/10/25,VE/V1,Field corn,Fung,4,V1/V2,24,
Mike Stanyard,STA_STA,6/10/25,VE/V1,Field corn,Fung,5,V1/V2,17,
Mike Stanyard,STA_STA,6/10/25,VE/V1,Field corn,Fung,6,V1/V2,26,
Mike Stanyard,STA_STA,6/10/25,VE/V1,Field corn,Fung,7,V1/V2,17,
Mike Stanyard,STA_STA,6/10/25,VE/V1,Field corn,Fung,8,V1/V2,26,
Mike Stanyard,STA_STA,6/10/25,VE/V1,Field corn,Fung,9,V1/V2,28,
Mike Stanyard,STA_STA,6/20/25,V3/V4,Field corn,Neonic,1,V4,13,
Mike Stanyard,STA_STA,6/20/25,V3/V4,Field corn,Neonic,2,V4,20,
Mike Stanyard,STA_STA,6/20/25,V3/V4,Field corn,Neonic,3,V4,20,
Mike Stanyard,STA_STA,6/20/25,V3/V4,Field corn,Neonic,4,V4,19,
Mike Stanyard,STA_STA,6/20/25,V3/V4,Field corn,Neonic,5,V4,13,
Mike Stanyard,STA_STA,6/20/25,V3/V4,Field corn,Neonic,6,V4,20,
Mike Stanyard,STA_STA,6/20/25,V3/V4,Field corn,Neonic,7,V4,20,
Mike Stanyard,STA_STA,6/20/25,V3/V4,Field corn,Neonic,8,V4,16,
Mike Stanyard,STA_STA,6/20/25,V3/V4,Field corn,Neonic,9,V4,19,
Mike Stanyard,STA_STA,6/20/25,V3/V4,Field corn,Fung,1,V4,25,
Mike Stanyard,STA_STA,6/20/25,V3/V4,Field corn,Fung,2,V4,25,
Mike Stanyard,STA_STA,6/20/25,V3/V4,Field corn,Fung,3,V4,25,
Mike Stanyard,STA_STA,6/20/25,V3/V4,Field corn,Fung,4,V4,19,
Mike Stanyard,STA_STA,6/20/25,V3/V4,Field corn,Fung,5,V4,22,
Mike Stanyard,STA_STA,6/20/25,V3/V4,Field corn,Fung,6,V4,29,
Mike Stanyard,STA_STA,6/20/25,V3/V4,Field corn,Fung,7,V4,25,
Mike Stanyard,STA_STA,6/20/25,V3/V4,Field corn,Fung,8,V4,22,
Mike Stanyard,STA_STA,6/20/25,V3/V4,Field corn,Fung,9,V4,27,
Mike Stanyard,STA_KRE,6/16/25,VE/V1,Field corn,Neonic,1,V1/V2,32,
Mike Stanyard,STA_KRE,6/16/25,VE/V1,Field corn,Neonic,2,V1/V2,30,
Mike Stanyard,STA_KRE,6/16/25,VE/V1,Field corn,Neonic,3,V1/V2,32,
Mike Stanyard,STA_KRE,6/16/25,VE/V1,Field corn,Neonic,4,V1/V2,30,
Mike Stanyard,STA_KRE,6/16/25,VE/V1,Field corn,Neonic,5,V1/V2,27,
Mike Stanyard,STA_KRE,6/16/25,VE/V1,Field corn,Neonic,6,V1/V2,30,
Mike Stanyard,STA_KRE,6/16/25,VE/V1,Field corn,Neonic,7,V1/V2,33,
Mike Stanyard,STA_KRE,6/16/25,VE/V1,Field corn,Neonic,8,V1/V2,32,
Mike Stanyard,STA_KRE,6/16/25,VE/V1,Field corn,Neonic,9,V1/V2,32,
Mike Stanyard,STA_KRE,6/16/25,VE/V1,Field corn,Fung,1,V1/V2,32,
Mike Stanyard,STA_KRE,6/16/25,VE/V1,Field corn,Fung,2,V1/V2,33,
Mike Stanyard,STA_KRE,6/16/25,VE/V1,Field corn,Fung,3,V1/V2,29,
Mike Stanyard,STA_KRE,6/16/25,VE/V1,Field corn,Fung,4,V1/V2,35,
Mike Stanyard,STA_KRE,6/16/25,VE/V1,Field corn,Fung,5,V1/V2,32,
Mike Stanyard,STA_KRE,6/16/25,VE/V1,Field corn,Fung,6,V1/V2,33,
Mike Stanyard,STA_KRE,6/16/25,VE/V1,Field corn,Fung,7,V1/V2,31,
Mike Stanyard,STA_KRE,6/16/25,VE/V1,Field corn,Fung,8,V1/V2,28,
Mike Stanyard,STA_KRE,6/16/25,VE/V1,Field corn,Fung,9,V1/V2,32,
Mike Stanyard,STA_KRE,6/25/25,V3/V4,Field corn,Neonic,1,V4,31,
Mike Stanyard,STA_KRE,6/25/25,V3/V4,Field corn,Neonic,2,V4,33,
Mike Stanyard,STA_KRE,6/25/25,V3/V4,Field corn,Neonic,3,V4,30,
Mike Stanyard,STA_KRE,6/25/25,V3/V4,Field corn,Neonic,4,V4,33,
Mike Stanyard,STA_KRE,6/25/25,V3/V4,Field corn,Neonic,5,V4,32,
Mike Stanyard,STA_KRE,6/25/25,V3/V4,Field corn,Neonic,6,V4,33,
Mike Stanyard,STA_KRE,6/25/25,V3/V4,Field corn,Neonic,7,V4,32,
Mike Stanyard,STA_KRE,6/25/25,V3/V4,Field corn,Neonic,8,V4,34,
Mike Stanyard,STA_KRE,6/25/25,V3/V4,Field corn,Neonic,9,V4,33,
Mike Stanyard,STA_KRE,6/25/25,V3/V4,Field corn,Fung,1,V4,32,
Mike Stanyard,STA_KRE,6/25/25,V3/V4,Field corn,Fung,2,V4,31,
Mike Stanyard,STA_KRE,6/25/25,V3/V4,Field corn,Fung,3,V4,34,
Mike Stanyard,STA_KRE,6/25/25,V3/V4,Field corn,Fung,4,V4,34,
Mike Stanyard,STA_KRE,6/25/25,V3/V4,Field corn,Fung,5,V4,32,
Mike Stanyard,STA_KRE,6/25/25,V3/V4,Field corn,Fung,6,V4,33,
Mike Stanyard,STA_KRE,6/25/25,V3/V4,Field corn,Fung,7,V4,33,
Mike Stanyard,STA_KRE,6/25/25,V3/V4,Field corn,Fung,8,V4,32,
Mike Stanyard,STA_KRE,6/25/25,V3/V4,Field corn,Fung,9,V4,32,
Julie Kikkert,KIK_SWE,6/27/25,VE/V1,Sweet corn,Neonic,1,VE/V1,22,
Julie Kikkert,KIK_SWE,6/27/25,VE/V1,Sweet corn,Neonic,2,VE/V1,22,
Julie Kikkert,KIK_SWE,6/27/25,VE/V1,Sweet corn,Neonic,3,VE/V1,18,
Julie Kikkert,KIK_SWE,6/27/25,VE/V1,Sweet corn,Neonic,4,VE/V1,19,
Julie Kikkert,KIK_SWE,6/27/25,VE/V1,Sweet corn,Neonic,5,VE/V1,17,
Julie Kikkert,KIK_SWE,6/27/25,VE/V1,Sweet corn,Neonic,6,VE/V1,17,
Julie Kikkert,KIK_SWE,6/27/25,VE/V1,Sweet corn,Neonic,7,VE/V1,15,Most at VE
Julie Kikkert,KIK_SWE,6/27/25,VE/V1,Sweet corn,Neonic,8,VE/V1,7,"1 double, appears to be a planter problem, hard soil"
Julie Kikkert,KIK_SWE,6/27/25,VE/V1,Sweet corn,Neonic,9,VE/V1,17,Most at VE
Julie Kikkert,KIK_SWE,6/27/25,VE/V1,Sweet corn,Fung,1,VE/V1,21,Clipped
Julie Kikkert,KIK_SWE,6/27/25,VE/V1,Sweet corn,Fung,2,VE/V1,20,1 double
Julie Kikkert,KIK_SWE,6/27/25,VE/V1,Sweet corn,Fung,3,VE/V1,18,1 double
Julie Kikkert,KIK_SWE,6/27/25,VE/V1,Sweet corn,Fung,4,VE/V1,17,2 doubles
Julie Kikkert,KIK_SWE,6/27/25,VE/V1,Sweet corn,Fung,5,VE/V1,18,"1 double, 4 clipped"
Julie Kikkert,KIK_SWE,6/27/25,VE/V1,Sweet corn,Fung,6,VE/V1,21,
Julie Kikkert,KIK_SWE,6/27/25,VE/V1,Sweet corn,Fung,7,VE/V1,24,2 doubles
Julie Kikkert,KIK_SWE,6/27/25,VE/V1,Sweet corn,Fung,8,VE/V1,20,
Julie Kikkert,KIK_SWE,6/27/25,VE/V1,Sweet corn,Fung,9,VE/V1,22,
Julie Kikkert,KIK_SWE,7/3/25,V3/V4,Sweet corn,Neonic,1,V2/V3,21,1 double
Julie Kikkert,KIK_SWE,7/3/25,V3/V4,Sweet corn,Neonic,2,V2/V3,21,
Julie Kikkert,KIK_SWE,7/3/25,V3/V4,Sweet corn,Neonic,3,V2/V3,22,
Julie Kikkert,KIK_SWE,7/3/25,V3/V4,Sweet corn,Neonic,4,V2/V3,21,1 double
Julie Kikkert,KIK_SWE,7/3/25,V3/V4,Sweet corn,Neonic,5,V2/V3,18,
Julie Kikkert,KIK_SWE,7/3/25,V3/V4,Sweet corn,Neonic,6,V2/V3,24,
Julie Kikkert,KIK_SWE,7/3/25,V3/V4,Sweet corn,Neonic,7,V3,23,2 doubles
Julie Kikkert,KIK_SWE,7/3/25,V3/V4,Sweet corn,Neonic,8,V3,23,"1 triple, 2 V1 stage"
Julie Kikkert,KIK_SWE,7/3/25,V3/V4,Sweet corn,Neonic,9,V3,21,"1 double, 2 V1 stage"
Julie Kikkert,KIK_SWE,7/3/25,V3/V4,Sweet corn,Fung,1,V3,22,1 double
Julie Kikkert,KIK_SWE,7/3/25,V3/V4,Sweet corn,Fung,2,V3,21,"2 doubles, 2 leaf feeding"
Julie Kikkert,KIK_SWE,7/3/25,V3/V4,Sweet corn,Fung,3,V3,19,2 doubles
Julie Kikkert,KIK_SWE,7/3/25,V3/V4,Sweet corn,Fung,4,V2/V3,21,1 double
Julie Kikkert,KIK_SWE,7/3/25,V3/V4,Sweet corn,Fung,5,V2/V3,21,1 feedign damage
Julie Kikkert,KIK_SWE,7/3/25,V3/V4,Sweet corn,Fung,6,V2/V3,21,2 doubles
Julie Kikkert,KIK_SWE,7/3/25,V3/V4,Sweet corn,Fung,7,V2/V3,25,3 doubles
Julie Kikkert,KIK_SWE,7/3/25,V3/V4,Sweet corn,Fung,8,V2/V3,22,1 double
Julie Kikkert,KIK_SWE,7/3/25,V3/V4,Sweet corn,Fung,9,V3,24,"1 double, 1 VE, 1 V1"
Julie Kikkert,KIK_HAR,6/26/25,VE/V1,Sweet corn,Neonic,1,VE/V1,8,
Julie Kikkert,KIK_HAR,6/26/25,VE/V1,Sweet corn,Neonic,2,VE/V1,8,
Julie Kikkert,KIK_HAR,6/26/25,VE/V1,Sweet corn,Neonic,3,VE/V1,3,
Julie Kikkert,KIK_HAR,6/26/25,VE/V1,Sweet corn,Neonic,4,VE/V1,5,
Julie Kikkert,KIK_HAR,6/26/25,VE/V1,Sweet corn,Neonic,5,VE/V1,10,
Julie Kikkert,KIK_HAR,6/26/25,VE/V1,Sweet corn,Neonic,6,VE/V1,9,
Julie Kikkert,KIK_HAR,6/26/25,VE/V1,Sweet corn,Neonic,7,VE/V1,9,
Julie Kikkert,KIK_HAR,6/26/25,VE/V1,Sweet corn,Neonic,8,VE/V1,11,
Julie Kikkert,KIK_HAR,6/26/25,VE/V1,Sweet corn,Neonic,9,VE/V1,7,
Julie Kikkert,KIK_HAR,6/26/25,VE/V1,Sweet corn,Fung,1,VE/V1,12,
Julie Kikkert,KIK_HAR,6/26/25,VE/V1,Sweet corn,Fung,2,VE/V1,9,
Julie Kikkert,KIK_HAR,6/26/25,VE/V1,Sweet corn,Fung,3,VE/V1,12,
Julie Kikkert,KIK_HAR,6/26/25,VE/V1,Sweet corn,Fung,4,VE/V1,20,"1 double, 1 with feeding damage"
Julie Kikkert,KIK_HAR,6/26/25,VE/V1,Sweet corn,Fung,5,VE/V1,14,"3 with feeding damage, 1 cut"
Julie Kikkert,KIK_HAR,6/26/25,VE/V1,Sweet corn,Fung,6,VE/V1,15,4 with feeding damage
Julie Kikkert,KIK_HAR,6/26/25,VE/V1,Sweet corn,Fung,7,VE/V1,19,3 with feeding damage
Julie Kikkert,KIK_HAR,6/26/25,VE/V1,Sweet corn,Fung,8,VE/V1,13,"2 with feeding damage, 1 cutworm"
Julie Kikkert,KIK_HAR,6/26/25,VE/V1,Sweet corn,Fung,9,VE/V1,21,
Julie Kikkert,KIK_HAR,7/1/25,V3/V4,Sweet corn,Neonic,1,V3,19,Cutworm
Julie Kikkert,KIK_HAR,7/1/25,V3/V4,Sweet corn,Neonic,2,V3,13,Cutworm
Julie Kikkert,KIK_HAR,7/1/25,V3/V4,Sweet corn,Neonic,3,V3,15,Damage
Julie Kikkert,KIK_HAR,7/1/25,V3/V4,Sweet corn,Neonic,4,V3,9,Cutworm
Julie Kikkert,KIK_HAR,7/1/25,V3/V4,Sweet corn,Neonic,5,V3,14,Damage
Julie Kikkert,KIK_HAR,7/1/25,V3/V4,Sweet corn,Neonic,6,V3,14,Damage
Julie Kikkert,KIK_HAR,7/1/25,V3/V4,Sweet corn,Neonic,7,V2/V3,13,Aboveground chewing
Julie Kikkert,KIK_HAR,7/1/25,V3/V4,Sweet corn,Neonic,8,V1/V3,14,Aboveground chewing
Julie Kikkert,KIK_HAR,7/1/25,V3/V4,Sweet corn,Neonic,9,V1/V2,6,
Julie Kikkert,KIK_HAR,7/1/25,V3/V4,Sweet corn,Fung,1,V3,19,"Cutworm, damage"
Julie Kikkert,KIK_HAR,7/1/25,V3/V4,Sweet corn,Fung,2,V3,19,"Cutworm, damage"
Julie Kikkert,KIK_HAR,7/1/25,V3/V4,Sweet corn,Fung,3,V3,26,2 doubles
Julie Kikkert,KIK_HAR,7/1/25,V3/V4,Sweet corn,Fung,4,V3,16,"Damage, cutworm"
Julie Kikkert,KIK_HAR,7/1/25,V3/V4,Sweet corn,Fung,5,V3,19,Cutworm
Julie Kikkert,KIK_HAR,7/1/25,V3/V4,Sweet corn,Fung,6,V3,13,"Cutworm, damage"
Julie Kikkert,KIK_HAR,7/1/25,V3/V4,Sweet corn,Fung,7,V1/V2,18,"1 double, chewed leaves"
Julie Kikkert,KIK_HAR,7/1/25,V3/V4,Sweet corn,Fung,8,V2/V3,17,2 chewed foliage
Julie Kikkert,KIK_HAR,7/1/25,V3/V4,Sweet corn,Fung,9,V2/V3,16,1 chewed foliage
Julie Kikkert,KIK_MYT,6/17/25,VE/V1,Sweet corn,Neonic,1,V1/V2,21,"2 doubles, 3 triplets"
Julie Kikkert,KIK_MYT,6/17/25,VE/V1,Sweet corn,Neonic,2,V1/V2,22,"2 doubles, 4 triplets"
Julie Kikkert,KIK_MYT,6/17/25,VE/V1,Sweet corn,Neonic,3,V1/V2,19,5 doubles
Julie Kikkert,KIK_MYT,6/17/25,VE/V1,Sweet corn,Neonic,4,V1/V2,22,"2 doubles, 1 triplet"
Julie Kikkert,KIK_MYT,6/17/25,VE/V1,Sweet corn,Neonic,5,V1/V2,22,"2 doubles, 1 triplet"
Julie Kikkert,KIK_MYT,6/17/25,VE/V1,Sweet corn,Neonic,6,V1/V2,19,4 doubles
Julie Kikkert,KIK_MYT,6/17/25,VE/V1,Sweet corn,Neonic,7,V1/V2,20,1 double
Julie Kikkert,KIK_MYT,6/17/25,VE/V1,Sweet corn,Neonic,8,V1/V2,22,"1 quad, 1 triplet, 3 doubles"
Julie Kikkert,KIK_MYT,6/17/25,VE/V1,Sweet corn,Neonic,9,V1/V2,19,2 doubles
Julie Kikkert,KIK_MYT,6/17/25,VE/V1,Sweet corn,Fung,1,V2,21,
Julie Kikkert,KIK_MYT,6/17/25,VE/V1,Sweet corn,Fung,2,V2,20,3 doubles
Julie Kikkert,KIK_MYT,6/17/25,VE/V1,Sweet corn,Fung,3,V2,22,2 doubles
Julie Kikkert,KIK_MYT,6/17/25,VE/V1,Sweet corn,Fung,4,V2,24,3 doubles
Julie Kikkert,KIK_MYT,6/17/25,VE/V1,Sweet corn,Fung,5,V2,21,3 doubles
Julie Kikkert,KIK_MYT,6/17/25,VE/V1,Sweet corn,Fung,6,V2,23,
Julie Kikkert,KIK_MYT,6/17/25,VE/V1,Sweet corn,Fung,7,V2,24,3 doubles
Julie Kikkert,KIK_MYT,6/17/25,VE/V1,Sweet corn,Fung,8,V2,22,
Julie Kikkert,KIK_MYT,6/17/25,VE/V1,Sweet corn,Fung,9,V2,22,1 double
Julie Kikkert,KIK_MYT,6/20/25,V3/V4,Sweet corn,Neonic,1,V2,19,5 doubles
Julie Kikkert,KIK_MYT,6/20/25,V3/V4,Sweet corn,Neonic,2,V2,26,"2 triplets, 3 doubles"
Julie Kikkert,KIK_MYT,6/20/25,V3/V4,Sweet corn,Neonic,3,V2,16,2 doubles
Julie Kikkert,KIK_MYT,6/20/25,V3/V4,Sweet corn,Neonic,4,V2,17,4 doubles
Julie Kikkert,KIK_MYT,6/20/25,V3/V4,Sweet corn,Neonic,5,V2/V3,19,1 double
Julie Kikkert,KIK_MYT,6/20/25,V3/V4,Sweet corn,Neonic,6,V2/V3,23,6 doubles
Julie Kikkert,KIK_MYT,6/20/25,V3/V4,Sweet corn,Neonic,7,V2/V3,19,2 doubles
Julie Kikkert,KIK_MYT,6/20/25,V3/V4,Sweet corn,Neonic,8,V2,18,1 triplet
Julie Kikkert,KIK_MYT,6/20/25,V3/V4,Sweet corn,Neonic,9,V2,19,"1 double, 1 triplet"
Julie Kikkert,KIK_MYT,6/20/25,V3/V4,Sweet corn,Fung,1,V3,24,2 doubles
Julie Kikkert,KIK_MYT,6/20/25,V3/V4,Sweet corn,Fung,2,V2/V3,21,1 double
Julie Kikkert,KIK_MYT,6/20/25,V3/V4,Sweet corn,Fung,3,V2/V3,22,1 double
Julie Kikkert,KIK_MYT,6/20/25,V3/V4,Sweet corn,Fung,4,V3,21,2 doubles
Julie Kikkert,KIK_MYT,6/20/25,V3/V4,Sweet corn,Fung,5,V3,18,
Julie Kikkert,KIK_MYT,6/20/25,V3/V4,Sweet corn,Fung,6,V3,20,2 doubles
Julie Kikkert,KIK_MYT,6/20/25,V3/V4,Sweet corn,Fung,7,V2/V3,21,2 doubles
Julie Kikkert,KIK_MYT,6/20/25,V3/V4,Sweet corn,Fung,8,V3,22,2 doubles
Julie Kikkert,KIK_MYT,6/20/25,V3/V4,Sweet corn,Fung,9,V2/V3,21,2 doubles 
Julie Kikkert,KIK_MBF,6/17/25,VE/V1,Sweet corn,Neonic,1,V1/V2,17,Cutworm
Julie Kikkert,KIK_MBF,6/17/25,VE/V1,Sweet corn,Neonic,2,V1/V2,16,
Julie Kikkert,KIK_MBF,6/17/25,VE/V1,Sweet corn,Neonic,3,V1/V2,18,2 doubles
Julie Kikkert,KIK_MBF,6/17/25,VE/V1,Sweet corn,Neonic,4,V1/V2,19,
Julie Kikkert,KIK_MBF,6/17/25,VE/V1,Sweet corn,Neonic,5,V1/V2,16,Cutworm
Julie Kikkert,KIK_MBF,6/17/25,VE/V1,Sweet corn,Neonic,6,V1/V2,18,
Julie Kikkert,KIK_MBF,6/17/25,VE/V1,Sweet corn,Neonic,7,V1/V2,20,Cutworm
Julie Kikkert,KIK_MBF,6/17/25,VE/V1,Sweet corn,Neonic,8,V1/V2,15,Cutworm
Julie Kikkert,KIK_MBF,6/17/25,VE/V1,Sweet corn,Neonic,9,V1/V2,16,Cutworm
Julie Kikkert,KIK_MBF,6/17/25,VE/V1,Sweet corn,Fung,1,V1/V2,22,"3 doubles, cutworm"
Julie Kikkert,KIK_MBF,6/17/25,VE/V1,Sweet corn,Fung,2,V1/V2,18,Cutworm
Julie Kikkert,KIK_MBF,6/17/25,VE/V1,Sweet corn,Fung,3,V1/V2,18,"3 doubles, cutworm"
Julie Kikkert,KIK_MBF,6/17/25,VE/V1,Sweet corn,Fung,4,V1/V2,17,Cutworm
Julie Kikkert,KIK_MBF,6/17/25,VE/V1,Sweet corn,Fung,5,V1/V2,24,4 doubles
Julie Kikkert,KIK_MBF,6/17/25,VE/V1,Sweet corn,Fung,6,V1/V2,23,"2 doubles, 1 triple, cutworm"
Julie Kikkert,KIK_MBF,6/17/25,VE/V1,Sweet corn,Fung,7,V1/V2,13,"1 double, cutworm"
Julie Kikkert,KIK_MBF,6/17/25,VE/V1,Sweet corn,Fung,8,V1/V2,18,"1 double, cutworm"
Julie Kikkert,KIK_MBF,6/17/25,VE/V1,Sweet corn,Fung,9,V1/V2,14,"1 double, cutworm"
Julie Kikkert,KIK_MBF,6/24/25,V3/V4,Sweet corn,Neonic,1,V4,17,2 doubles
Julie Kikkert,KIK_MBF,6/24/25,V3/V4,Sweet corn,Neonic,2,V4,17,1 double
Julie Kikkert,KIK_MBF,6/24/25,V3/V4,Sweet corn,Neonic,3,V4,17,
Julie Kikkert,KIK_MBF,6/24/25,V3/V4,Sweet corn,Neonic,4,V4,17,
Julie Kikkert,KIK_MBF,6/24/25,V3/V4,Sweet corn,Neonic,5,V3/V4,18,
Julie Kikkert,KIK_MBF,6/24/25,V3/V4,Sweet corn,Neonic,6,V3/V4,19,1 double
Julie Kikkert,KIK_MBF,6/24/25,V3/V4,Sweet corn,Neonic,7,V3/V4,19,
Julie Kikkert,KIK_MBF,6/24/25,V3/V4,Sweet corn,Neonic,8,V4,19,
Julie Kikkert,KIK_MBF,6/24/25,V3/V4,Sweet corn,Neonic,9,V4,16,
Julie Kikkert,KIK_MBF,6/24/25,V3/V4,Sweet corn,Fung,1,V4,21,3 doubles
Julie Kikkert,KIK_MBF,6/24/25,V3/V4,Sweet corn,Fung,2,V4,19,2 doubles
Julie Kikkert,KIK_MBF,6/24/25,V3/V4,Sweet corn,Fung,3,V4,20,1 double
Julie Kikkert,KIK_MBF,6/24/25,V3/V4,Sweet corn,Fung,4,V4,15,2 doubles
Julie Kikkert,KIK_MBF,6/24/25,V3/V4,Sweet corn,Fung,5,V4,18,1 double
Julie Kikkert,KIK_MBF,6/24/25,V3/V4,Sweet corn,Fung,6,V4,17,
Julie Kikkert,KIK_MBF,6/24/25,V3/V4,Sweet corn,Fung,7,V4,14,1 double
Julie Kikkert,KIK_MBF,6/24/25,V3/V4,Sweet corn,Fung,8,V4,19,3 doubles
Julie Kikkert,KIK_MBF,6/24/25,V3/V4,Sweet corn,Fung,9,V4,17,
Janice Degni,DEG_LAF_2,6/12/25,VE/V1,Soybean,Neonic,1,VE/V1,125,
Janice Degni,DEG_LAF_2,6/12/25,VE/V1,Soybean,Neonic,2,VE/V1,125,
Janice Degni,DEG_LAF_2,6/12/25,VE/V1,Soybean,Neonic,3,VE/V1,248,
Janice Degni,DEG_LAF_2,6/12/25,VE/V1,Soybean,Neonic,4,VE/V1,125,
Janice Degni,DEG_LAF_2,6/12/25,VE/V1,Soybean,Neonic,5,VE/V1,132,
Janice Degni,DEG_LAF_2,6/12/25,VE/V1,Soybean,Neonic,6,VE/V1,118,
Janice Degni,DEG_LAF_2,6/12/25,VE/V1,Soybean,Neonic,7,VE/V1,111,
Janice Degni,DEG_LAF_2,6/12/25,VE/V1,Soybean,Neonic,8,VE/V1,110,
Janice Degni,DEG_LAF_2,6/12/25,VE/V1,Soybean,Neonic,9,VE/V1,116,
Janice Degni,DEG_LAF_2,6/12/25,VE/V1,Soybean,Fung,1,VE/V1,110,
Janice Degni,DEG_LAF_2,6/12/25,VE/V1,Soybean,Fung,2,VE/V1,111,
Janice Degni,DEG_LAF_2,6/12/25,VE/V1,Soybean,Fung,3,VE/V1,103,
Janice Degni,DEG_LAF_2,6/12/25,VE/V1,Soybean,Fung,4,VE/V1,113,
Janice Degni,DEG_LAF_2,6/12/25,VE/V1,Soybean,Fung,5,VE/V1,120,
Janice Degni,DEG_LAF_2,6/12/25,VE/V1,Soybean,Fung,6,VE/V1,116,
Janice Degni,DEG_LAF_2,6/12/25,VE/V1,Soybean,Fung,7,VE/V1,120,
Janice Degni,DEG_LAF_2,6/12/25,VE/V1,Soybean,Fung,8,VE/V1,131,
Janice Degni,DEG_LAF_2,6/12/25,VE/V1,Soybean,Fung,9,VE/V1,129,
Janice Degni,DEG_VIL_1,6/9/25,VE/V1,Field corn,Neonic,1,VE/V1,33,
Janice Degni,DEG_VIL_1,6/9/25,VE/V1,Field corn,Neonic,2,VE/V1,30,
Janice Degni,DEG_VIL_1,6/9/25,VE/V1,Field corn,Neonic,3,VE/V1,30,
Janice Degni,DEG_VIL_1,6/9/25,VE/V1,Field corn,Neonic,4,VE/V1,29,
Janice Degni,DEG_VIL_1,6/9/25,VE/V1,Field corn,Neonic,5,VE/V1,28,
Janice Degni,DEG_VIL_1,6/9/25,VE/V1,Field corn,Neonic,6,VE/V1,26,
Janice Degni,DEG_VIL_1,6/9/25,VE/V1,Field corn,Neonic,7,VE/V1,24,
Janice Degni,DEG_VIL_1,6/9/25,VE/V1,Field corn,Neonic,8,VE/V1,29,
Janice Degni,DEG_VIL_1,6/9/25,VE/V1,Field corn,Neonic,9,VE/V1,30,
Janice Degni,DEG_VIL_1,6/9/25,VE/V1,Field corn,Fung,1,VE/V1,29,
Janice Degni,DEG_VIL_1,6/9/25,VE/V1,Field corn,Fung,2,VE/V1,32,
Janice Degni,DEG_VIL_1,6/9/25,VE/V1,Field corn,Fung,3,VE/V1,32,
Janice Degni,DEG_VIL_1,6/9/25,VE/V1,Field corn,Fung,4,VE/V1,32,
Janice Degni,DEG_VIL_1,6/9/25,VE/V1,Field corn,Fung,5,VE/V1,31,
Janice Degni,DEG_VIL_1,6/9/25,VE/V1,Field corn,Fung,6,VE/V1,30,
Janice Degni,DEG_VIL_1,6/9/25,VE/V1,Field corn,Fung,7,VE/V1,30,
Janice Degni,DEG_VIL_1,6/9/25,VE/V1,Field corn,Fung,8,VE/V1,30,
Janice Degni,DEG_VIL_1,6/9/25,VE/V1,Field corn,Fung,9,VE/V1,28,
Janice Degni,DEG_PER_1,6/13/25,VE/V1,Field corn,Neonic,1,VE/V1,27,
Janice Degni,DEG_PER_1,6/13/25,VE/V1,Field corn,Neonic,2,VE/V1,29,
Janice Degni,DEG_PER_1,6/13/25,VE/V1,Field corn,Neonic,3,VE/V1,24,
Janice Degni,DEG_PER_1,6/13/25,VE/V1,Field corn,Neonic,4,VE/V1,30,
Janice Degni,DEG_PER_1,6/13/25,VE/V1,Field corn,Neonic,5,VE/V1,35,
Janice Degni,DEG_PER_1,6/13/25,VE/V1,Field corn,Neonic,6,VE/V1,32,
Janice Degni,DEG_PER_1,6/13/25,VE/V1,Field corn,Neonic,7,VE/V1,29,
Janice Degni,DEG_PER_1,6/13/25,VE/V1,Field corn,Neonic,8,VE/V1,32,
Janice Degni,DEG_PER_1,6/13/25,VE/V1,Field corn,Neonic,9,VE/V1,32,
Janice Degni,DEG_PER_1,6/13/25,VE/V1,Field corn,Fung,1,VE/V1,31,
Janice Degni,DEG_PER_1,6/13/25,VE/V1,Field corn,Fung,2,VE/V1,15,
Janice Degni,DEG_PER_1,6/13/25,VE/V1,Field corn,Fung,3,VE/V1,29,
Janice Degni,DEG_PER_1,6/13/25,VE/V1,Field corn,Fung,4,VE/V1,28,
Janice Degni,DEG_PER_1,6/13/25,VE/V1,Field corn,Fung,5,VE/V1,29,
Janice Degni,DEG_PER_1,6/13/25,VE/V1,Field corn,Fung,6,VE/V1,24,
Janice Degni,DEG_PER_1,6/13/25,VE/V1,Field corn,Fung,7,VE/V1,30,
Janice Degni,DEG_PER_1,6/13/25,VE/V1,Field corn,Fung,8,VE/V1,31,
Janice Degni,DEG_PER_1,6/13/25,VE/V1,Field corn,Fung,9,VE/V1,27,
Janice Degni,DEG_PER_2,6/13/25,VE/V1,Soybean,Neonic,1,VE/V1,63,
Janice Degni,DEG_PER_2,6/13/25,VE/V1,Soybean,Neonic,2,VE/V1,89,
Janice Degni,DEG_PER_2,6/13/25,VE/V1,Soybean,Neonic,3,VE/V1,106,
Janice Degni,DEG_PER_2,6/13/25,VE/V1,Soybean,Neonic,4,VE/V1,80,
Janice Degni,DEG_PER_2,6/13/25,VE/V1,Soybean,Neonic,5,VE/V1,69,
Janice Degni,DEG_PER_2,6/13/25,VE/V1,Soybean,Neonic,6,VE/V1,111,
Janice Degni,DEG_PER_2,6/13/25,VE/V1,Soybean,Neonic,7,VE/V1,88,
Janice Degni,DEG_PER_2,6/13/25,VE/V1,Soybean,Neonic,8,VE/V1,110,
Janice Degni,DEG_PER_2,6/13/25,VE/V1,Soybean,Neonic,9,VE/V1,95,
Janice Degni,DEG_PER_2,6/13/25,VE/V1,Soybean,Fung,1,VE/V1,94,
Janice Degni,DEG_PER_2,6/13/25,VE/V1,Soybean,Fung,2,VE/V1,73,
Janice Degni,DEG_PER_2,6/13/25,VE/V1,Soybean,Fung,3,VE/V1,72,
Janice Degni,DEG_PER_2,6/13/25,VE/V1,Soybean,Fung,4,VE/V1,89,
Janice Degni,DEG_PER_2,6/13/25,VE/V1,Soybean,Fung,5,VE/V1,72,
Janice Degni,DEG_PER_2,6/13/25,VE/V1,Soybean,Fung,6,VE/V1,85,
Janice Degni,DEG_PER_2,6/13/25,VE/V1,Soybean,Fung,7,VE/V1,90,
Janice Degni,DEG_PER_2,6/13/25,VE/V1,Soybean,Fung,8,VE/V1,80,
Janice Degni,DEG_PER_2,6/13/25,VE/V1,Soybean,Fung,9,VE/V1,61,
Janice Degni,DEG_LAF_1,6/18/25,VE/V1,Field corn,Neonic,1,VE/V1,29,
Janice Degni,DEG_LAF_1,6/18/25,VE/V1,Field corn,Neonic,2,VE/V1,29,
Janice Degni,DEG_LAF_1,6/18/25,VE/V1,Field corn,Neonic,3,VE/V1,29,
Janice Degni,DEG_LAF_1,6/18/25,VE/V1,Field corn,Neonic,4,VE/V1,31,
Janice Degni,DEG_LAF_1,6/18/25,VE/V1,Field corn,Neonic,5,VE/V1,29,
Janice Degni,DEG_LAF_1,6/18/25,VE/V1,Field corn,Neonic,6,VE/V1,32,
Janice Degni,DEG_LAF_1,6/18/25,VE/V1,Field corn,Neonic,7,VE/V1,30,
Janice Degni,DEG_LAF_1,6/18/25,VE/V1,Field corn,Neonic,8,VE/V1,29,
Janice Degni,DEG_LAF_1,6/18/25,VE/V1,Field corn,Neonic,9,VE/V1,32,
Janice Degni,DEG_LAF_1,6/18/25,VE/V1,Field corn,Fung,1,VE/V1,32,
Janice Degni,DEG_LAF_1,6/18/25,VE/V1,Field corn,Fung,2,VE/V1,30,
Janice Degni,DEG_LAF_1,6/18/25,VE/V1,Field corn,Fung,3,VE/V1,31,
Janice Degni,DEG_LAF_1,6/18/25,VE/V1,Field corn,Fung,4,VE/V1,31,
Janice Degni,DEG_LAF_1,6/18/25,VE/V1,Field corn,Fung,5,VE/V1,30,
Janice Degni,DEG_LAF_1,6/18/25,VE/V1,Field corn,Fung,6,VE/V1,30,
Janice Degni,DEG_LAF_1,6/18/25,VE/V1,Field corn,Fung,7,VE/V1,32,
Janice Degni,DEG_LAF_1,6/18/25,VE/V1,Field corn,Fung,8,VE/V1,28,
Janice Degni,DEG_LAF_1,6/18/25,VE/V1,Field corn,Fung,9,VE/V1,33,
Janice Degni,DEG_FRI_2,6/16/25,VE/V1,Soybean,Neonic,1,VE/V1,134,
Janice Degni,DEG_FRI_2,6/16/25,VE/V1,Soybean,Neonic,2,VE/V1,102,
Janice Degni,DEG_FRI_2,6/16/25,VE/V1,Soybean,Neonic,3,VE/V1,70,
Janice Degni,DEG_FRI_2,6/16/25,VE/V1,Soybean,Neonic,4,VE/V1,71,
Janice Degni,DEG_FRI_2,6/16/25,VE/V1,Soybean,Neonic,5,VE/V1,89,
Janice Degni,DEG_FRI_2,6/16/25,VE/V1,Soybean,Neonic,6,VE/V1,101,
Janice Degni,DEG_FRI_2,6/16/25,VE/V1,Soybean,Neonic,7,VE/V1,72,
Janice Degni,DEG_FRI_2,6/16/25,VE/V1,Soybean,Neonic,8,VE/V1,89,
Janice Degni,DEG_FRI_2,6/16/25,VE/V1,Soybean,Neonic,9,VE/V1,89,
Janice Degni,DEG_FRI_2,6/16/25,VE/V1,Soybean,Fung,1,VE/V1,69,
Janice Degni,DEG_FRI_2,6/16/25,VE/V1,Soybean,Fung,2,VE/V1,77,
Janice Degni,DEG_FRI_2,6/16/25,VE/V1,Soybean,Fung,3,VE/V1,74,
Janice Degni,DEG_FRI_2,6/16/25,VE/V1,Soybean,Fung,4,VE/V1,86,
Janice Degni,DEG_FRI_2,6/16/25,VE/V1,Soybean,Fung,5,VE/V1,92,
Janice Degni,DEG_FRI_2,6/16/25,VE/V1,Soybean,Fung,6,VE/V1,73,
Janice Degni,DEG_FRI_2,6/16/25,VE/V1,Soybean,Fung,7,VE/V1,68,
Janice Degni,DEG_FRI_2,6/16/25,VE/V1,Soybean,Fung,8,VE/V1,66,
Janice Degni,DEG_FRI_2,6/16/25,VE/V1,Soybean,Fung,9,VE/V1,69,
Janice Degni,DEG_FOU_1,6/20/25,VE/V1,Field corn,Neonic,1,VE/V1,26,
Janice Degni,DEG_FOU_1,6/20/25,VE/V1,Field corn,Neonic,2,VE/V1,33,
Janice Degni,DEG_FOU_1,6/20/25,VE/V1,Field corn,Neonic,3,VE/V1,32,
Janice Degni,DEG_FOU_1,6/20/25,VE/V1,Field corn,Neonic,4,VE/V1,32,
Janice Degni,DEG_FOU_1,6/20/25,VE/V1,Field corn,Neonic,5,VE/V1,31,
Janice Degni,DEG_FOU_1,6/20/25,VE/V1,Field corn,Neonic,6,VE/V1,30,
Janice Degni,DEG_FOU_1,6/20/25,VE/V1,Field corn,Neonic,7,VE/V1,31,
Janice Degni,DEG_FOU_1,6/20/25,VE/V1,Field corn,Neonic,8,VE/V1,30,
Janice Degni,DEG_FOU_1,6/20/25,VE/V1,Field corn,Neonic,9,VE/V1,31,
Janice Degni,DEG_FOU_1,6/20/25,VE/V1,Field corn,Fung,1,VE/V1,32,
Janice Degni,DEG_FOU_1,6/20/25,VE/V1,Field corn,Fung,2,VE/V1,33,
Janice Degni,DEG_FOU_1,6/20/25,VE/V1,Field corn,Fung,3,VE/V1,31,
Janice Degni,DEG_FOU_1,6/20/25,VE/V1,Field corn,Fung,4,VE/V1,30,
Janice Degni,DEG_FOU_1,6/20/25,VE/V1,Field corn,Fung,5,VE/V1,32,
Janice Degni,DEG_FOU_1,6/20/25,VE/V1,Field corn,Fung,6,VE/V1,29,
Janice Degni,DEG_FOU_1,6/20/25,VE/V1,Field corn,Fung,7,VE/V1,30,
Janice Degni,DEG_FOU_1,6/20/25,VE/V1,Field corn,Fung,8,VE/V1,29,
Janice Degni,DEG_FOU_1,6/20/25,VE/V1,Field corn,Fung,9,VE/V1,28,
Janice Degni,DEG_DIE_1,6/20/25,VE/V1,Field corn,Neonic,1,VE/V1,31,
Janice Degni,DEG_DIE_1,7/1/25,VE/V1,Field corn,Neonic,2,VE/V1,29,
Janice Degni,DEG_DIE_1,7/1/25,VE/V1,Field corn,Neonic,3,VE/V1,26,
Janice Degni,DEG_DIE_1,7/1/25,VE/V1,Field corn,Neonic,4,VE/V1,29,
Janice Degni,DEG_DIE_1,7/1/25,VE/V1,Field corn,Neonic,5,VE/V1,30,
Janice Degni,DEG_DIE_1,7/1/25,VE/V1,Field corn,Neonic,6,VE/V1,32,
Janice Degni,DEG_DIE_1,7/1/25,VE/V1,Field corn,Neonic,7,VE/V1,32,
Janice Degni,DEG_DIE_1,7/1/25,VE/V1,Field corn,Neonic,8,VE/V1,31,
Janice Degni,DEG_DIE_1,7/1/25,VE/V1,Field corn,Neonic,9,VE/V1,25,
Janice Degni,DEG_DIE_1,7/1/25,VE/V1,Field corn,Fung,1,VE/V1,26,
Janice Degni,DEG_DIE_1,7/1/25,VE/V1,Field corn,Fung,2,VE/V1,22,
Janice Degni,DEG_DIE_1,7/1/25,VE/V1,Field corn,Fung,3,VE/V1,22,
Janice Degni,DEG_DIE_1,7/1/25,VE/V1,Field corn,Fung,4,VE/V1,24,
Janice Degni,DEG_DIE_1,7/1/25,VE/V1,Field corn,Fung,5,VE/V1,25,
Janice Degni,DEG_DIE_1,7/1/25,VE/V1,Field corn,Fung,6,VE/V1,26,
Janice Degni,DEG_DIE_1,7/1/25,VE/V1,Field corn,Fung,7,VE/V1,26,
Janice Degni,DEG_DIE_1,7/1/25,VE/V1,Field corn,Fung,8,VE/V1,27,
Janice Degni,DEG_DIE_1,7/1/25,VE/V1,Field corn,Fung,9,VE/V1,19,