,field_id,total_scm,collection_date,total_adult_scm,number_seeds,scm_seeds,seed_type
0,POV_DUN,0.0,2023-04-18,,10.0,0.0,Corn
1,POV_DUN,0.0,2023-04-18,2.0,10.0,0.0,Corn
2,POV_DUN,1.0,2023-04-18,,11.0,1.0,Bean
3,POV_DUN,1.0,2023-04-18,2.0,11.0,1.0,Bean
4,DIP_CUR,17.0,2023-04-18,,5.0,0.0,Bean
5,DIP_CUR,17.0,2023-04-18,60.0,5.0,0.0,Bean
6,DIP_CUR,0.0,2023-04-18,,9.0,0.0,Corn
7,DIP_CUR,0.0,2023-04-18,60.0,9.0,0.0,Corn
8,DIP_PAT,0.0,2023-04-18,,10.0,0.0,Corn
9,DIP_PAT,0.0,2023-04-18,72.0,10.0,0.0,Corn
10,DIP_PAT,0.0,2023-04-18,,10.0,0.0,Bean
11,DIP_PAT,0.0,2023-04-18,72.0,10.0,0.0,Bean
12,DIP_FLE,32.0,2023-04-18,,10.0,0.0,Bean
13,DIP_FLE,32.0,2023-04-18,88.0,10.0,0.0,Bean
14,DIP_FLE,2.0,2023-04-18,,9.0,0.0,Corn
15,DIP_FLE,2.0,2023-04-18,88.0,9.0,0.0,Corn
16,GAB_STE,0.0,2023-04-17,,10.0,0.0,Corn
17,GAB_STE,0.0,2023-04-17,5.0,10.0,0.0,Corn
18,GAB_STE,0.0,2023-04-17,,10.0,0.0,Bean
19,GAB_STE,0.0,2023-04-17,5.0,10.0,0.0,Bean
20,GAB_ALL,3.0,2023-04-17,,8.0,1.0,Bean
21,GAB_ALL,3.0,2023-04-17,7.0,8.0,1.0,Bean
22,GAB_ALL,0.0,2023-04-17,,10.0,0.0,Corn
23,GAB_ALL,0.0,2023-04-17,7.0,10.0,0.0,Corn
24,SMI_DOU,0.0,2023-04-17,0.0,9.0,0.0,Bean
25,SMI_DOU,0.0,2023-04-17,,9.0,0.0,Bean
26,SMI_DOU,0.0,2023-04-17,0.0,10.0,0.0,Corn
27,SMI_DOU,0.0,2023-04-17,,10.0,0.0,Corn
28,SMI_LAT,0.0,2023-04-18,17.0,10.0,0.0,Corn
29,SMI_LAT,0.0,2023-04-18,,10.0,0.0,Corn
30,SMI_LAT,0.0,2023-04-18,17.0,10.0,0.0,Bean
31,SMI_LAT,0.0,2023-04-18,,10.0,0.0,Bean
32,SMI_LAT,0.0,2023-04-18,17.0,10.0,0.0,Corn
33,SMI_LAT,0.0,2023-04-18,,10.0,0.0,Corn
34,SMI_HOF,0.0,2023-04-18,8.0,10.0,0.0,Corn
35,SMI_HOF,0.0,2023-04-18,8.0,8.0,0.0,Bean
36,SMI_HOL,0.0,2023-04-17,5.0,9.0,0.0,Corn
37,SMI_HOL,0.0,2023-04-17,,9.0,0.0,Corn
38,SMI_HOL,8.0,2023-04-17,5.0,6.0,0.0,Bean
39,SMI_HOL,8.0,2023-04-17,,6.0,0.0,Bean
40,SMI_CAN,0.0,2023-04-17,23.0,10.0,0.0,Bean
41,SMI_CAN,0.0,2023-04-17,,10.0,0.0,Bean
42,SMI_CAN,0.0,2023-04-17,23.0,10.0,0.0,Corn
43,SMI_CAN,0.0,2023-04-17,,10.0,0.0,Corn
44,SMI_KEL,0.0,2023-04-17,0.0,10.0,0.0,Corn
45,SMI_KEL,0.0,2023-04-17,,10.0,0.0,Corn
46,SMI_KEL,0.0,2023-04-17,0.0,9.0,0.0,Bean
47,SMI_KEL,0.0,2023-04-17,,9.0,0.0,Bean
48,SMI_DUR,0.0,2023-04-18,63.0,10.0,0.0,Bean
49,SMI_DUR,0.0,2023-04-18,,10.0,0.0,Bean
50,SMI_DUR,0.0,2023-04-18,63.0,10.0,0.0,Corn
51,SMI_DUR,0.0,2023-04-18,,10.0,0.0,Corn
52,SMI_CRO,0.0,2023-04-17,0.0,3.0,0.0,Bean
53,SMI_CRO,0.0,2023-04-17,,3.0,0.0,Bean
54,SMI_CRO,0.0,2023-04-17,0.0,10.0,0.0,Corn
55,SMI_CRO,0.0,2023-04-17,,10.0,0.0,Corn
56,SMI_MCC,0.0,2023-04-17,13.0,10.0,0.0,Corn
57,SMI_MCC,0.0,2023-04-17,,10.0,0.0,Corn
58,SMI_MCC,1.0,2023-04-17,13.0,10.0,0.0,Bean
59,SMI_MCC,1.0,2023-04-17,,10.0,0.0,Bean
60,SMI_COB,0.0,2023-04-17,15.0,10.0,0.0,Corn
61,SMI_COB,0.0,2023-04-17,,10.0,0.0,Corn
62,SMI_COB,0.0,2023-04-17,15.0,10.0,0.0,Bean
63,SMI_COB,0.0,2023-04-17,,10.0,0.0,Bean
64,SMI_JOH,0.0,2023-04-18,,10.0,0.0,Bean
65,SMI_JOH,0.0,2023-04-18,20.0,10.0,0.0,Bean
66,SMI_JOH_2,0.0,2023-04-18,,10.0,0.0,Corn
67,SMI_JOH_2,0.0,2023-04-18,88.0,10.0,0.0,Corn
68,SMI_JOH_2,0.0,2023-04-18,,10.0,0.0,Corn
69,SMI_JOH_2,0.0,2023-04-18,88.0,10.0,0.0,Corn
70,SMI_JOH_2,5.0,2023-04-18,,8.0,0.0,Bean
71,SMI_JOH_2,5.0,2023-04-18,88.0,8.0,0.0,Bean
72,STA_COL,0.0,2023-04-20,,10.0,0.0,Corn
73,STA_COL,0.0,2023-04-20,6.0,10.0,0.0,Corn
74,STA_COL,0.0,2023-04-20,,11.0,0.0,Bean
75,STA_COL,0.0,2023-04-20,6.0,11.0,0.0,Bean
76,STA_HEM_2,1.0,2023-04-20,32.0,10.0,1.0,Bean
77,STA_HEM_2,1.0,2023-04-20,,10.0,1.0,Bean
78,STA_HEM_2,0.0,2023-04-20,32.0,10.0,0.0,Corn
79,STA_HEM_2,0.0,2023-04-20,,10.0,0.0,Corn
80,STA_SWE,0.0,2023-04-20,,9.0,0.0,Bean
81,STA_SWE,0.0,2023-04-20,3.0,9.0,0.0,Bean
82,STA_SWE,0.0,2023-04-20,,10.0,0.0,Corn
83,STA_SWE,0.0,2023-04-20,3.0,10.0,0.0,Corn
84,STA_WIL,0.0,2023-04-20,,11.0,0.0,Bean
85,STA_WIL,0.0,2023-04-20,30.0,11.0,0.0,Bean
86,STA_WIL,0.0,2023-04-20,,10.0,0.0,Corn
87,STA_WIL,0.0,2023-04-20,30.0,10.0,0.0,Corn
88,STA_HEM,0.0,2023-04-20,,10.0,0.0,Corn
89,STA_HEM,0.0,2023-04-20,7.0,10.0,0.0,Corn
90,STA_HEM,15.0,2023-04-20,,10.0,0.0,Bean
91,STA_HEM,15.0,2023-04-20,7.0,10.0,0.0,Bean
92,MIL_MCC,0.0,2023-04-27,,10.0,0.0,Corn
93,MIL_MCC,0.0,2023-04-27,133.0,10.0,0.0,Corn
94,MIL_MCC,0.0,2023-04-27,,8.0,0.0,Bean
95,MIL_MCC,0.0,2023-04-27,133.0,8.0,0.0,Bean
96,MIL_YOD,1.0,2023-04-27,,,0.0,Bean
97,MIL_YOD,1.0,2023-04-27,46.0,,0.0,Bean
98,MIL_YOD,0.0,2023-04-27,,10.0,0.0,Corn
99,MIL_YOD,0.0,2023-04-27,46.0,10.0,0.0,Corn
100,MIL_CHA,0.0,2023-04-27,,10.0,0.0,Corn
101,MIL_CHA,0.0,2023-04-27,49.0,10.0,0.0,Corn
102,LET_NOB,0.0,2023-04-24,,10.0,0.0,Corn
103,LET_NOB,0.0,2023-04-24,29.0,10.0,0.0,Corn
104,LET_NOB,0.0,2023-04-24,,10.0,0.0,Bean
105,LET_NOB,0.0,2023-04-24,29.0,10.0,0.0,Bean
106,LET_TAB,4.0,2023-04-24,,9.0,1.0,Bean
107,LET_TAB,4.0,2023-04-24,93.0,9.0,1.0,Bean
108,LET_TAB,0.0,2023-04-24,,10.0,0.0,Corn
109,LET_TAB,0.0,2023-04-24,93.0,10.0,0.0,Corn
110,WIS_MEG,0.0,2023-04-21,,9.0,0.0,Corn
111,WIS_MEG,0.0,2023-04-21,15.0,9.0,0.0,Corn
112,WIS_MEG,2.0,2023-04-21,,6.0,0.0,Bean
113,WIS_MEG,2.0,2023-04-21,15.0,6.0,0.0,Bean
114,WIS_COO,0.0,2023-04-19,,8.0,0.0,Bean
115,WIS_COO,0.0,2023-04-19,1.0,8.0,0.0,Bean
116,WIS_COO,0.0,2023-04-19,,10.0,0.0,Corn
117,WIS_COO,0.0,2023-04-19,1.0,10.0,0.0,Corn
118,WIS_COO_2,0.0,2023-04-19,,11.0,0.0,Corn
119,WIS_COO_2,0.0,2023-04-19,0.0,11.0,0.0,Corn
120,WIS_COO_2,3.0,2023-04-19,,10.0,1.0,Bean
121,WIS_COO_2,3.0,2023-04-19,0.0,10.0,1.0,Bean
122,WIS_KEN,0.0,2023-04-21,,1.0,0.0,Bean
123,WIS_KEN,0.0,2023-04-21,12.0,1.0,0.0,Bean
124,WIS_HIG,0.0,2023-04-21,,10.0,0.0,Corn
125,WIS_HIG,0.0,2023-04-21,2.0,10.0,0.0,Corn
126,WIS_HIG,1.0,2023-04-21,,5.0,0.0,Bean
127,WIS_HIG,1.0,2023-04-21,2.0,5.0,0.0,Bean
128,SMI_DOU,0.0,2023-05-01,,10.0,0.0,Bean
129,SMI_DOU,0.0,2023-05-01,10.0,10.0,0.0,Bean
130,SMI_CRO,0.0,2023-05-01,,10.0,0.0,Corn
131,SMI_CRO,0.0,2023-05-01,10.0,10.0,0.0,Corn
132,SMI_CRO,0.0,2023-05-01,,10.0,0.0,Bean
133,SMI_CRO,0.0,2023-05-01,10.0,10.0,0.0,Bean
134,SMI_JOH,0.0,2023-05-01,,10.0,0.0,Corn
135,SMI_JOH,0.0,2023-05-01,18.0,10.0,0.0,Corn
136,SMI_JOH,0.0,2023-05-01,,9.0,0.0,Bean
137,SMI_JOH,0.0,2023-05-01,18.0,9.0,0.0,Bean
138,SMI_COB,0.0,2023-05-01,,10.0,0.0,Corn
139,SMI_COB,0.0,2023-05-01,21.0,10.0,0.0,Corn
140,SMI_CAN,0.0,2023-05-01,,10.0,0.0,Bean
141,SMI_CAN,0.0,2023-05-01,117.0,10.0,0.0,Bean
142,SMI_CAN,0.0,2023-05-01,,10.0,0.0,Corn
143,SMI_CAN,0.0,2023-05-01,117.0,10.0,0.0,Corn
144,SMI_MCC,0.0,2023-05-01,,10.0,0.0,Corn
145,SMI_MCC,0.0,2023-05-01,43.0,10.0,0.0,Corn
146,SMI_MCC,0.0,2023-05-01,,9.0,0.0,Bean
147,SMI_MCC,0.0,2023-05-01,43.0,9.0,0.0,Bean
148,SMI_KEL,23.0,2023-05-01,,8.0,4.0,Bean
149,SMI_KEL,23.0,2023-05-01,3.0,8.0,4.0,Bean
150,SMI_KEL,0.0,2023-05-01,,10.0,0.0,Bean
151,SMI_KEL,0.0,2023-05-01,3.0,10.0,0.0,Bean
152,SMI_HOL,0.0,2023-05-01,,10.0,0.0,Corn
153,SMI_HOL,0.0,2023-05-01,8.0,10.0,0.0,Corn
154,SMI_HOL,0.0,2023-05-01,,7.0,0.0,Bean
155,SMI_HOL,0.0,2023-05-01,8.0,7.0,0.0,Bean
156,ZUE_REE,0.0,2023-04-26,,10.0,0.0,Corn
157,ZUE_REE,0.0,2023-04-26,133.0,10.0,0.0,Corn
158,POV_DUN,2.0,2023-05-02,,10.0,1.0,Corn
159,POV_DUN,2.0,2023-05-02,22.0,10.0,1.0,Corn
160,DIP_PAT,0.0,2023-05-02,,10.0,0.0,Corn
161,DIP_PAT,0.0,2023-05-02,66.0,10.0,0.0,Corn
162,DIP_PAT,0.0,2023-05-02,,9.0,0.0,Bean
163,DIP_PAT,0.0,2023-05-02,66.0,9.0,0.0,Bean
164,DIP_FLE,0.0,2023-05-02,60.0,10.0,0.0,Corn
165,DIP_FLE,0.0,2023-05-02,,10.0,0.0,Corn
166,DIP_FLE,0.0,2023-05-02,60.0,10.0,0.0,Corn
167,DIP_FLE,0.0,2023-05-02,,10.0,0.0,Corn
168,DIP_CUR,0.0,2023-05-02,,10.0,0.0,Bean
169,DIP_CUR,0.0,2023-05-02,187.0,10.0,0.0,Bean
170,DIP_CUR,0.0,2023-05-02,,10.0,0.0,Corn
171,DIP_CUR,0.0,2023-05-02,187.0,10.0,0.0,Corn
172,GAB_ALL,0.0,2023-05-01,,10.0,0.0,Corn
173,GAB_ALL,0.0,2023-05-01,165.0,10.0,0.0,Corn
174,GAB_ALL,0.0,2023-05-01,,8.0,0.0,Corn
175,GAB_ALL,0.0,2023-05-01,165.0,8.0,0.0,Corn
176,GAB_STE,0.0,2023-05-01,,10.0,0.0,Corn
177,GAB_STE,0.0,2023-05-01,66.0,10.0,0.0,Corn
178,STA_WIL,0.0,2023-05-03,,10.0,0.0,Bean
179,STA_WIL,0.0,2023-05-03,61.0,10.0,0.0,Bean
180,STA_WIL,0.0,2023-05-03,,10.0,0.0,Corn
181,STA_WIL,0.0,2023-05-03,61.0,10.0,0.0,Corn
182,STA_HEM_2,0.0,2023-05-03,,10.0,0.0,Bean
183,STA_HEM_2,0.0,2023-05-03,76.0,10.0,0.0,Bean
184,STA_HEM_2,0.0,2023-05-03,,10.0,0.0,Corn
185,STA_HEM_2,0.0,2023-05-03,76.0,10.0,0.0,Corn
186,STA_HEM,0.0,2023-05-03,,10.0,0.0,Corn
187,STA_HEM,0.0,2023-05-03,101.0,10.0,0.0,Corn
188,STA_HEM,0.0,2023-05-03,,9.0,0.0,Bean
189,STA_HEM,0.0,2023-05-03,101.0,9.0,0.0,Bean
190,STA_COL,0.0,2023-05-03,,9.0,0.0,Bean
191,STA_COL,0.0,2023-05-03,25.0,9.0,0.0,Bean
192,STA_COL,0.0,2023-05-03,,10.0,0.0,Corn
193,STA_COL,0.0,2023-05-03,25.0,10.0,0.0,Corn
194,STA_SWE,0.0,2023-05-03,,10.0,0.0,Corn
195,STA_SWE,0.0,2023-05-03,24.0,10.0,0.0,Corn
196,STA_SWE,0.0,2023-05-03,,8.0,0.0,Bean
197,STA_SWE,0.0,2023-05-03,24.0,8.0,0.0,Bean
198,SMI_LAT,0.0,2023-05-02,,10.0,0.0,Corn
199,SMI_LAT,0.0,2023-05-02,126.0,10.0,0.0,Corn
200,SMI_LAT,1.0,2023-05-02,,10.0,0.0,Bean
201,SMI_LAT,1.0,2023-05-02,126.0,10.0,0.0,Bean
202,SMI_HOF,0.0,2023-05-02,,10.0,0.0,Corn
203,SMI_HOF,0.0,2023-05-02,78.0,10.0,0.0,Corn
204,SMI_HOF,0.0,2023-05-02,,10.0,0.0,Corn
205,SMI_HOF,0.0,2023-05-02,78.0,10.0,0.0,Corn
206,SMI_DUR,0.0,2023-05-02,,10.0,0.0,Bean
207,SMI_DUR,0.0,2023-05-02,167.0,10.0,0.0,Bean
208,SMI_DUR,0.0,2023-05-02,,10.0,0.0,Bean
209,SMI_DUR,0.0,2023-05-02,167.0,10.0,0.0,Bean
210,SMI_DUR,0.0,2023-05-02,,10.0,0.0,Corn
211,SMI_DUR,0.0,2023-05-02,167.0,10.0,0.0,Corn
212,SMI_DUR,0.0,2023-05-02,,10.0,0.0,Corn
213,SMI_DUR,0.0,2023-05-02,167.0,10.0,0.0,Corn
214,MIL_CHA,0.0,2023-05-11,,10.0,0.0,Corn
215,MIL_CHA,0.0,2023-05-11,36.0,10.0,0.0,Corn
216,MIL_CHA,1.0,2023-05-11,,,0.0,Bean
217,MIL_CHA,1.0,2023-05-11,36.0,,0.0,Bean
218,MIL_MCC,0.0,2023-05-11,,10.0,0.0,Bean
219,MIL_MCC,0.0,2023-05-11,21.0,10.0,0.0,Bean
220,MIL_MCC,0.0,2023-05-11,,10.0,0.0,Corn
221,MIL_MCC,0.0,2023-05-11,21.0,10.0,0.0,Corn
222,MIL_YOD,1.0,2023-05-11,,10.0,1.0,Bean
223,MIL_YOD,1.0,2023-05-11,4.0,10.0,1.0,Bean
224,MIL_YOD,0.0,2023-05-11,,10.0,0.0,Corn
225,MIL_YOD,0.0,2023-05-11,4.0,10.0,0.0,Corn
226,ZUE_REE,3.0,2023-05-09,,8.0,1.0,Bean
227,ZUE_REE,3.0,2023-05-09,165.0,8.0,1.0,Bean
228,ZUE_REE,0.0,2023-05-09,,10.0,0.0,Corn
229,ZUE_REE,0.0,2023-05-09,165.0,10.0,0.0,Corn
230,LET_TAB,0.0,2023-05-08,,10.0,0.0,Corn
231,LET_TAB,0.0,2023-05-08,26.0,10.0,0.0,Corn
232,LET_TAB,0.0,2023-05-08,,9.0,0.0,Bean
233,LET_TAB,0.0,2023-05-08,26.0,9.0,0.0,Bean
234,LET_NOB,0.0,2023-05-08,,10.0,0.0,Corn
235,LET_NOB,0.0,2023-05-08,87.0,10.0,0.0,Corn
236,LET_NOB,0.0,2023-05-08,,0.0,0.0,Bean
237,LET_NOB,0.0,2023-05-08,87.0,0.0,0.0,Bean
238,WIS_MEG,0.0,2023-05-05,,10.0,0.0,Corn
239,WIS_MEG,0.0,2023-05-05,66.0,10.0,0.0,Corn
240,WIS_MEG,0.0,2023-05-05,,5.0,0.0,Bean
241,WIS_MEG,0.0,2023-05-05,66.0,5.0,0.0,Bean
242,WIS_KEN,3.0,2023-05-05,,,0.0,Bean
243,WIS_KEN,3.0,2023-05-05,78.0,,0.0,Bean
244,WIS_KEN,0.0,2023-05-05,,10.0,0.0,Corn
245,WIS_KEN,0.0,2023-05-05,78.0,10.0,0.0,Corn
246,WIS_COO,0.0,2023-05-03,,10.0,0.0,Corn
247,WIS_COO,0.0,2023-05-03,11.0,10.0,0.0,Corn
248,WIS_COO,1.0,2023-05-03,,,0.0,Bean
249,WIS_COO,1.0,2023-05-03,11.0,,0.0,Bean
250,WIS_COO_2,0.0,2023-05-03,,10.0,0.0,Bean
251,WIS_COO_2,0.0,2023-05-03,31.0,10.0,0.0,Bean
252,WIS_COO_2,0.0,2023-05-03,,10.0,0.0,Corn
253,WIS_COO_2,0.0,2023-05-03,31.0,10.0,0.0,Corn
254,WIS_HIG,0.0,2023-05-05,21.0,10.0,0.0,Corn
255,WIS_HIG,0.0,2023-05-05,,10.0,0.0,Corn
256,WIS_HIG,0.0,2023-05-05,21.0,4.0,0.0,Bean
257,WIS_HIG,0.0,2023-05-05,,4.0,0.0,Bean
258,POV_DUN,0.0,2023-05-16,,10.0,0.0,Corn
259,POV_DUN,0.0,2023-05-16,0.0,10.0,0.0,Corn
260,POV_DUN,4.0,2023-05-16,,7.0,1.0,Bean
261,POV_DUN,4.0,2023-05-16,0.0,7.0,1.0,Bean
262,DIP_CUR,0.0,2023-05-16,,9.0,0.0,Corn
263,DIP_CUR,0.0,2023-05-16,3.0,9.0,0.0,Corn
264,DIP_CUR,0.0,2023-05-16,,3.0,0.0,Bean
265,DIP_CUR,0.0,2023-05-16,3.0,3.0,0.0,Bean
266,DIP_PAT,0.0,2023-05-16,,10.0,0.0,Bean
267,DIP_PAT,0.0,2023-05-16,30.0,10.0,0.0,Bean
268,DIP_PAT,0.0,2023-05-16,,10.0,0.0,Corn
269,DIP_PAT,0.0,2023-05-16,30.0,10.0,0.0,Corn
270,DIP_FLE,0.0,2023-05-16,,9.0,0.0,Corn
271,DIP_FLE,0.0,2023-05-16,3.0,9.0,0.0,Corn
272,SMI_DUR,0.0,2023-05-15,,9.0,0.0,Bean
273,SMI_DUR,0.0,2023-05-15,9.0,9.0,0.0,Bean
274,SMI_DUR,0.0,2023-05-15,,8.0,0.0,Corn
275,SMI_DUR,0.0,2023-05-15,9.0,8.0,0.0,Corn
276,SMI_HOL,0.0,2023-05-15,,10.0,0.0,Corn
277,SMI_HOL,0.0,2023-05-15,10.0,10.0,0.0,Corn
278,SMI_HOL,2.0,2023-05-15,,5.0,2.0,Bean
279,SMI_HOL,2.0,2023-05-15,10.0,5.0,2.0,Bean
280,SMI_JOH,0.0,2023-05-15,,10.0,0.0,Corn
281,SMI_JOH,0.0,2023-05-15,15.0,10.0,0.0,Corn
282,SMI_JOH,0.0,2023-05-15,,7.0,0.0,Bean
283,SMI_JOH,0.0,2023-05-15,15.0,7.0,0.0,Bean
284,GAB_STE,0.0,2023-05-15,,9.0,0.0,Bean
285,GAB_STE,0.0,2023-05-15,7.0,9.0,0.0,Bean
286,GAB_STE,0.0,2023-05-15,,10.0,0.0,Corn
287,GAB_STE,0.0,2023-05-15,7.0,10.0,0.0,Corn
288,SMI_CAN,1.0,2023-05-15,,6.0,0.0,Bean
289,SMI_CAN,1.0,2023-05-15,5.0,6.0,0.0,Bean
290,SMI_CAN,0.0,2023-05-15,,10.0,0.0,Corn
291,SMI_CAN,0.0,2023-05-15,5.0,10.0,0.0,Corn
292,SMI_CRO,0.0,2023-05-15,,8.0,0.0,Corn
293,SMI_CRO,0.0,2023-05-15,1.0,8.0,0.0,Corn
294,SMI_CRO,0.0,2023-05-15,,11.0,0.0,Bean
295,SMI_CRO,0.0,2023-05-15,1.0,11.0,0.0,Bean
296,STA_COL,0.0,2023-05-16,,8.0,0.0,Corn
297,STA_COL,0.0,2023-05-16,104.0,8.0,0.0,Corn
298,STA_COL,0.0,2023-05-16,,10.0,0.0,Bean
299,STA_COL,0.0,2023-05-16,104.0,10.0,0.0,Bean
300,SMI_COB,0.0,2023-05-15,,10.0,0.0,Corn
301,SMI_COB,0.0,2023-05-15,9.0,10.0,0.0,Corn
302,SMI_COB,0.0,2023-05-15,,4.0,0.0,Bean
303,SMI_COB,0.0,2023-05-15,9.0,4.0,0.0,Bean
304,SMI_KEL,0.0,2023-05-15,,5.0,0.0,Bean
305,SMI_KEL,0.0,2023-05-15,0.0,5.0,0.0,Bean
306,SMI_KEL,0.0,2023-05-15,,9.0,0.0,Corn
307,SMI_KEL,0.0,2023-05-15,0.0,9.0,0.0,Corn
308,LET_NOB,0.0,2023-05-16,,10.0,0.0,Corn
309,LET_NOB,0.0,2023-05-16,126.0,10.0,0.0,Corn
310,LET_NOB,0.0,2023-05-16,,10.0,0.0,Bean
311,LET_NOB,0.0,2023-05-16,126.0,10.0,0.0,Bean
312,STA_WIL,0.0,2023-05-16,,7.0,0.0,Bean
313,STA_WIL,0.0,2023-05-16,26.0,7.0,0.0,Bean
314,SMI_LAT,0.0,2023-05-15,,8.0,0.0,Bean
315,SMI_LAT,0.0,2023-05-15,11.0,8.0,0.0,Bean
316,SMI_LAT,0.0,2023-05-15,,10.0,0.0,Corn
317,SMI_LAT,0.0,2023-05-15,11.0,10.0,0.0,Corn
318,SMI_MCC,0.0,2023-05-15,,7.0,0.0,Corn
319,SMI_MCC,0.0,2023-05-15,1.0,7.0,0.0,Corn
320,SMI_MCC,0.0,2023-05-15,,5.0,0.0,Bean
321,SMI_MCC,0.0,2023-05-15,1.0,5.0,0.0,Bean
322,SMI_DOU,0.0,2023-05-15,,8.0,0.0,Corn
323,SMI_DOU,0.0,2023-05-15,3.0,8.0,0.0,Corn
324,SMI_DOU,0.0,2023-05-15,,5.0,0.0,Bean
325,SMI_DOU,0.0,2023-05-15,3.0,5.0,0.0,Bean
326,SMI_JOH_2,0.0,2023-05-15,,10.0,0.0,Corn
327,SMI_JOH_2,0.0,2023-05-15,7.0,10.0,0.0,Corn
328,SMI_JOH_2,9.0,2023-05-15,,8.0,0.0,Bean
329,SMI_JOH_2,9.0,2023-05-15,7.0,8.0,0.0,Bean
330,SMI_HOF,0.0,2023-05-15,,10.0,0.0,Corn
331,SMI_HOF,0.0,2023-05-15,3.0,10.0,0.0,Corn
332,SMI_HOF,0.0,2023-05-15,,10.0,0.0,Bean
333,SMI_HOF,0.0,2023-05-15,3.0,10.0,0.0,Bean
334,GAB_ALL,0.0,2023-05-15,,6.0,0.0,Corn
335,GAB_ALL,0.0,2023-05-15,8.0,6.0,0.0,Corn
336,GAB_ALL,4.0,2023-05-15,,,0.0,Bean
337,GAB_ALL,4.0,2023-05-15,8.0,,0.0,Bean
338,SEA_HOO,0.0,2023-05-17,41.0,10.0,0.0,Corn
339,SEA_HOO,0.0,2023-05-17,,10.0,0.0,Corn
340,SEA_HOO,1.0,2023-05-17,41.0,8.0,0.0,Bean
341,SEA_HOO,1.0,2023-05-17,,8.0,0.0,Bean
342,DIP_FLE,0.0,2023-05-23,31.0,10.0,0.0,Bean
343,DIP_FLE,0.0,2023-05-23,,10.0,0.0,Bean
344,DIP_FLE,0.0,2023-05-23,31.0,10.0,0.0,Corn
345,DIP_FLE,0.0,2023-05-23,,10.0,0.0,Corn
346,LET_TAB,0.0,2023-05-23,69.0,10.0,0.0,Corn
347,LET_TAB,0.0,2023-05-23,,10.0,0.0,Corn
348,LET_TAB,0.0,2023-05-23,69.0,10.0,0.0,Bean
349,LET_TAB,0.0,2023-05-23,,10.0,0.0,Bean
350,WIS_COO,0.0,2023-05-17,48.0,4.0,0.0,Corn
351,WIS_COO,0.0,2023-05-17,,4.0,0.0,Corn
352,WIS_COO,0.0,2023-05-17,48.0,6.0,0.0,Bean
353,WIS_COO,0.0,2023-05-17,,6.0,0.0,Bean
354,WIS_COO_2,0.0,2023-05-17,0.0,4.0,0.0,Corn
355,WIS_COO_2,0.0,2023-05-17,,4.0,0.0,Corn
356,WIS_COO_2,0.0,2023-05-17,0.0,9.0,0.0,Corn
357,WIS_COO_2,0.0,2023-05-17,,9.0,0.0,Corn
358,WIS_HIG,0.0,2023-05-19,4.0,9.0,0.0,Bean
359,WIS_HIG,0.0,2023-05-19,,9.0,0.0,Bean
360,WIS_HIG,0.0,2023-05-19,4.0,10.0,0.0,Corn
361,WIS_HIG,0.0,2023-05-19,,10.0,0.0,Corn
362,WIS_KEN,0.0,2023-05-19,34.0,9.0,0.0,Corn
363,WIS_KEN,0.0,2023-05-19,,9.0,0.0,Corn
364,WIS_KEN,0.0,2023-05-19,34.0,0.0,0.0,Bean
365,WIS_KEN,0.0,2023-05-19,,0.0,0.0,Bean
366,GAB_ALL,0.0,2023-05-26,12.0,8.0,0.0,Bean
367,GAB_ALL,0.0,2023-05-26,,8.0,0.0,Bean
368,GAB_ALL,1.0,2023-05-26,12.0,,0.0,Bean
369,GAB_ALL,1.0,2023-05-26,,,0.0,Bean
370,GAB_STE,0.0,2023-05-26,36.0,10.0,0.0,Bean
371,GAB_STE,0.0,2023-05-26,,10.0,0.0,Bean
372,GAB_STE,0.0,2023-05-26,36.0,10.0,0.0,Corn
373,GAB_STE,0.0,2023-05-26,,10.0,0.0,Corn
374,STA_SWE,0.0,2023-05-26,42.0,9.0,0.0,Corn
375,STA_SWE,0.0,2023-05-26,,9.0,0.0,Corn
376,STA_SWE,0.0,2023-05-26,42.0,10.0,0.0,Bean
377,STA_SWE,0.0,2023-05-26,,10.0,0.0,Bean
378,MIL_YOD,5.0,2023-05-26,31.0,9.0,0.0,Bean
379,MIL_YOD,5.0,2023-05-26,,9.0,0.0,Bean
380,MIL_YOD,0.0,2023-05-26,31.0,10.0,0.0,Corn
381,MIL_YOD,0.0,2023-05-26,,10.0,0.0,Corn
382,MIL_CHA,1.0,2023-05-26,6.0,11.0,1.0,Bean
383,MIL_CHA,1.0,2023-05-26,,11.0,1.0,Bean
384,MIL_CHA,0.0,2023-05-26,6.0,10.0,0.0,Corn
385,MIL_CHA,0.0,2023-05-26,,10.0,0.0,Corn
386,MIL_MCC,0.0,2023-05-26,88.0,10.0,0.0,Corn
387,MIL_MCC,0.0,2023-05-26,,10.0,0.0,Corn
388,MIL_MCC,0.0,2023-05-26,88.0,4.0,0.0,Bean
389,MIL_MCC,0.0,2023-05-26,,4.0,0.0,Bean
390,STA_HEM,0.0,2023-05-31,69.0,10.0,0.0,Corn
391,STA_HEM,0.0,2023-05-31,,10.0,0.0,Corn
392,STA_HEM,6.0,2023-05-31,69.0,10.0,2.0,Bean
393,STA_HEM,6.0,2023-05-31,,10.0,2.0,Bean
394,STA_HEM_2,0.0,2023-05-31,26.0,10.0,0.0,Corn
395,STA_HEM_2,0.0,2023-05-31,,10.0,0.0,Corn
396,STA_HEM_2,0.0,2023-05-31,26.0,10.0,0.0,Bean
397,STA_HEM_2,0.0,2023-05-31,,10.0,0.0,Bean
398,SMI_HOF,0.0,2023-05-31,3.0,10.0,0.0,Corn
399,SMI_HOF,0.0,2023-05-31,,10.0,0.0,Corn
400,SMI_HOF,0.0,2023-05-31,3.0,8.0,0.0,Bean
401,SMI_HOF,0.0,2023-05-31,,8.0,0.0,Bean
402,SMI_COB,0.0,2023-05-30,9.0,9.0,0.0,Bean
403,SMI_COB,0.0,2023-05-30,,9.0,0.0,Bean
404,SMI_COB,0.0,2023-05-30,9.0,10.0,0.0,Corn
405,SMI_COB,0.0,2023-05-30,,10.0,0.0,Corn
406,SMI_JOH_2,0.0,2023-05-31,57.0,10.0,0.0,Bean
407,SMI_JOH_2,0.0,2023-05-31,,10.0,0.0,Bean
408,SMI_JOH_2,0.0,2023-05-31,57.0,10.0,0.0,Corn
409,SMI_JOH_2,0.0,2023-05-31,,10.0,0.0,Corn
410,SMI_LAT,4.0,2023-05-31,21.0,8.0,0.0,Bean
411,SMI_LAT,4.0,2023-05-31,,8.0,0.0,Bean
412,SMI_LAT,0.0,2023-05-31,21.0,10.0,0.0,Corn
413,SMI_LAT,0.0,2023-05-31,,10.0,0.0,Corn
414,SMI_HOL,0.0,2023-05-30,27.0,10.0,0.0,Bean
415,SMI_HOL,0.0,2023-05-30,,10.0,0.0,Bean
416,SMI_HOL,0.0,2023-05-30,27.0,9.0,0.0,Corn
417,SMI_HOL,0.0,2023-05-30,,9.0,0.0,Corn
418,SMI_JOH,0.0,2023-05-31,6.0,10.0,0.0,Corn
419,SMI_JOH,0.0,2023-05-31,,10.0,0.0,Corn
420,SMI_JOH,0.0,2023-05-31,6.0,6.0,0.0,Bean
421,SMI_JOH,0.0,2023-05-31,,6.0,0.0,Bean
422,LET_NOB,0.0,2023-06-01,137.0,10.0,0.0,Bean
423,LET_NOB,0.0,2023-06-01,,10.0,0.0,Bean
424,LET_NOB,0.0,2023-06-01,137.0,10.0,0.0,Corn
425,LET_NOB,0.0,2023-06-01,,10.0,0.0,Corn
426,SMI_CAN,0.0,2023-05-31,42.0,10.0,0.0,Bean
427,SMI_CAN,0.0,2023-05-31,,10.0,0.0,Bean
428,SMI_CAN,0.0,2023-05-31,42.0,10.0,0.0,Corn
429,SMI_CAN,0.0,2023-05-31,,10.0,0.0,Corn
430,SMI_MCC,1.0,2023-05-30,17.0,10.0,0.0,Bean
431,SMI_MCC,1.0,2023-05-30,,10.0,0.0,Bean
432,SMI_MCC,0.0,2023-05-30,17.0,10.0,0.0,Corn
433,SMI_MCC,0.0,2023-05-30,,10.0,0.0,Corn
434,SMI_DOU,0.0,2023-05-30,1.0,10.0,0.0,Bean
435,SMI_DOU,0.0,2023-05-30,,10.0,0.0,Bean
436,SMI_DOU,0.0,2023-05-30,1.0,10.0,0.0,Corn
437,SMI_DOU,0.0,2023-05-30,,10.0,0.0,Corn
438,SMI_CRO,0.0,2023-05-30,1.0,10.0,0.0,Corn
439,SMI_CRO,0.0,2023-05-30,,10.0,0.0,Corn
440,SMI_CRO,0.0,2023-05-30,1.0,10.0,0.0,Bean
441,SMI_CRO,0.0,2023-05-30,,10.0,0.0,Bean
442,SMI_DUR,0.0,2023-05-31,266.0,10.0,0.0,Corn
443,SMI_DUR,0.0,2023-05-31,,10.0,0.0,Corn
444,SMI_DUR,0.0,2023-05-31,266.0,9.0,0.0,Bean
445,SMI_DUR,0.0,2023-05-31,,9.0,0.0,Bean
446,SMI_KEL,0.0,2023-05-30,20.0,10.0,0.0,Bean
447,SMI_KEL,0.0,2023-05-30,,10.0,0.0,Bean
448,SMI_KEL,0.0,2023-05-30,20.0,10.0,0.0,Corn
449,SMI_KEL,0.0,2023-05-30,,10.0,0.0,Corn
450,SEA_HOO,0.0,2023-05-31,37.0,9.0,0.0,Bean
451,SEA_HOO,0.0,2023-05-31,,9.0,0.0,Bean
452,SEA_HOO,3.0,2023-05-31,37.0,10.0,1.0,Bean
453,SEA_HOO,3.0,2023-05-31,,10.0,1.0,Bean
454,WIS_KEN,0.0,2023-06-02,2.0,7.0,0.0,Bean
455,WIS_KEN,0.0,2023-06-02,,7.0,0.0,Bean
456,WIS_MEG,0.0,2023-06-02,2.0,10.0,0.0,Corn
457,WIS_MEG,0.0,2023-06-02,,10.0,0.0,Corn
458,WIS_COO_2,0.0,2023-05-31,3.0,6.0,0.0,Corn
459,WIS_COO_2,0.0,2023-05-31,,6.0,0.0,Corn
460,WIS_COO_2,0.0,2023-05-31,3.0,10.0,0.0,Bean
461,WIS_COO_2,0.0,2023-05-31,,10.0,0.0,Bean
462,WIS_COO,3.0,2023-05-31,21.0,8.0,0.0,Bean
463,WIS_COO,3.0,2023-05-31,,8.0,0.0,Bean
464,WIS_COO,0.0,2023-05-31,21.0,10.0,0.0,Corn
465,WIS_COO,0.0,2023-05-31,,10.0,0.0,Corn
466,MIL_YOD,0.0,2023-06-09,72.0,8.0,0.0,Bean
467,MIL_YOD,0.0,2023-06-09,,8.0,0.0,Bean
468,MIL_YOD,0.0,2023-06-09,72.0,10.0,0.0,Corn
469,MIL_YOD,0.0,2023-06-09,,10.0,0.0,Corn
470,MIL_MCC,0.0,2023-06-09,44.0,9.0,0.0,Bean
471,MIL_MCC,0.0,2023-06-09,,9.0,0.0,Bean
472,MIL_MCC,0.0,2023-06-09,44.0,10.0,0.0,Corn
473,MIL_MCC,0.0,2023-06-09,,10.0,0.0,Corn
474,MIL_CHA,0.0,2023-06-09,8.0,10.0,0.0,Bean
475,MIL_CHA,0.0,2023-06-09,,10.0,0.0,Bean
476,MIL_CHA,0.0,2023-06-09,8.0,12.0,0.0,Corn
477,MIL_CHA,0.0,2023-06-09,,12.0,0.0,Corn
478,STA_WIL,0.0,2023-06-13,1.0,11.0,0.0,Bean
479,STA_WIL,0.0,2023-06-13,,11.0,0.0,Bean
480,STA_WIL,0.0,2023-06-13,1.0,10.0,0.0,Corn
481,STA_WIL,0.0,2023-06-13,,10.0,0.0,Corn
482,STA_COL,0.0,2023-06-13,22.0,10.0,0.0,Corn
483,STA_COL,0.0,2023-06-13,,10.0,0.0,Corn
484,SMI_CAN,0.0,2023-06-12,103.0,10.0,0.0,Bean
485,SMI_CAN,0.0,2023-06-12,,10.0,0.0,Bean
486,SMI_CAN,0.0,2023-06-12,103.0,10.0,0.0,Corn
487,SMI_CAN,0.0,2023-06-12,,10.0,0.0,Corn
488,SMI_HOF,0.0,2023-06-14,61.0,10.0,0.0,Corn
489,SMI_HOF,0.0,2023-06-14,,10.0,0.0,Corn
490,SMI_HOF,0.0,2023-06-14,61.0,10.0,0.0,Bean
491,SMI_HOF,0.0,2023-06-14,,10.0,0.0,Bean
492,SMI_KEL,0.0,2023-06-12,138.0,10.0,0.0,Bean
493,SMI_KEL,0.0,2023-06-12,,10.0,0.0,Bean
494,SMI_KEL,0.0,2023-06-12,138.0,10.0,0.0,Corn
495,SMI_KEL,0.0,2023-06-12,,10.0,0.0,Corn
496,SMI_JOH_2,2.0,2023-06-13,4.0,,0.0,Bean
497,SMI_JOH_2,2.0,2023-06-13,,,0.0,Bean
498,SMI_JOH_2,0.0,2023-06-13,4.0,10.0,0.0,Corn
499,SMI_JOH_2,0.0,2023-06-13,,10.0,0.0,Corn
500,SMI_HOL,0.0,2023-06-12,82.0,10.0,0.0,Bean
501,SMI_HOL,0.0,2023-06-12,,10.0,0.0,Bean
502,SMI_HOL,0.0,2023-06-12,82.0,10.0,0.0,Corn
503,SMI_HOL,0.0,2023-06-12,,10.0,0.0,Corn
504,DEG_DIE_HILL,0.0,2024-04-29,39.0,10,0.0,corn
505,DEG_DIE_HILL,0.0,2024-04-29,39.0,10,0.0,soy
506,DEG_DIE_HILL,0.0,2024-04-29,39.0,10,0.0,soy
507,DEG_DIE_HILL,1.0,2024-04-29,39.0,9,1.0,lima
508,DEG_DIE_HILL,0.0,2024-04-29,39.0,10,0.0,corn
509,DEG_VIL,0.0,2024-04-29,48.0,10,0.0,lima
510,DEG_VIL,1.0,2024-04-29,48.0,10,0.0,lima
511,DEG_VIL,0.0,2024-04-29,48.0,10,0.0,corn
512,DEG_VIL,0.0,2024-04-29,48.0,9,0.0,soy
513,DEG_VIL,0.0,2024-04-29,48.0,10,0.0,corn
514,DEG_VIL,0.0,2024-04-29,48.0,8,0.0,soy
515,DIP_CUR,0.0,2024-04-16,16.0,8,0.0,corn
516,DIP_CUR,0.0,2024-04-16,13.0,8,0.0,corn
517,DIP_CUR,0.0,2024-04-16,16.0,9,0.0,soy
518,DIP_CUR,0.0,2024-04-16,13.0,9,0.0,soy
519,DIP_CUR,0.0,2024-04-16,16.0,10,0.0,soy
520,DIP_CUR,0.0,2024-04-16,13.0,10,0.0,soy
521,DIP_CUR,0.0,2024-04-16,16.0,8,0.0,lima
522,DIP_CUR,0.0,2024-04-16,13.0,8,0.0,lima
523,DIP_CUR,0.0,2024-04-16,16.0,8,0.0,lima
524,DIP_CUR,0.0,2024-04-16,13.0,8,0.0,lima
525,DIP_CUR,0.0,2024-04-16,16.0,10,0.0,corn
526,DIP_CUR,0.0,2024-04-16,13.0,10,0.0,corn
527,DIP_CUR,0.0,2024-05-01,17.0,10,0.0,lima
528,DIP_CUR,1.0,2024-05-01,17.0,10,0.0,corn
529,DIP_CUR,0.0,2024-05-01,17.0,10,0.0,soy
530,DIP_CUR,0.0,2024-05-01,17.0,10,0.0,corn
531,DIP_CUR,0.0,2024-05-01,17.0,7,0.0,lima
532,DIP_CUR,0.0,2024-05-14,88.0,10,0.0,lima
533,DIP_CUR,0.0,2024-05-14,88.0,9,0.0,soy
534,DIP_CUR,0.0,2024-05-14,88.0,9,0.0,corn
535,DIP_CUR,0.0,2024-05-14,88.0,8,0.0,soy
536,DIP_CUR,3.0,2024-05-14,88.0,10,0.0,lima
537,DIP_CUR,0.0,2024-05-14,88.0,10,0.0,corn
538,DIP_FLE,0.0,2024-04-17,101.0,9,0.0,corn
539,DIP_FLE,0.0,2024-04-17,101.0,10,0.0,soy
540,DIP_FLE,0.0,2024-04-17,101.0,9,0.0,corn
541,DIP_FLE,0.0,2024-04-17,101.0,7,0.0,lima
542,DIP_FLE,0.0,2024-04-17,101.0,10,0.0,soy
543,DIP_FLE,0.0,2024-04-17,101.0,9,0.0,lima
544,DIP_FLE,0.0,2024-05-01,40.0,9,0.0,lima
545,DIP_FLE,1.0,2024-05-01,40.0,10,1.0,corn
546,DIP_FLE,0.0,2024-05-01,40.0,10,0.0,corn
547,DIP_FLE,0.0,2024-05-01,40.0,9,0.0,soy
548,DIP_FLE,0.0,2024-05-01,40.0,10,0.0,lima
549,DIP_FLE,0.0,2024-05-01,40.0,10,0.0,soy
550,DIP_FLE,0.0,2024-05-14,9.0,8,0.0,corn
551,DIP_FLE,0.0,2024-05-14,9.0,8,0.0,lima
552,DIP_FLE,0.0,2024-05-14,9.0,9,0.0,lima
553,DIP_FLE,0.0,2024-05-14,9.0,8,0.0,corn
554,DIP_PAT,0.0,2024-04-16,39.0,10,0.0,corn
555,DIP_PAT,0.0,2024-04-16,39.0,10,0.0,soy
556,DIP_PAT,0.0,2024-04-16,39.0,7,0.0,lima
557,DIP_PAT,0.0,2024-04-16,39.0,9,0.0,corn
558,DIP_PAT,0.0,2024-04-16,39.0,10,0.0,soy
559,DIP_PAT,0.0,2024-04-16,39.0,9,0.0,lima
560,DIP_PAT,1.0,2024-05-01,121.0,8,0.0,lima
561,DIP_PAT,0.0,2024-05-01,121.0,9,0.0,lima
562,DIP_PAT,0.0,2024-05-01,121.0,10,0.0,corn
563,DIP_PAT,0.0,2024-05-01,121.0,9,0.0,soy
564,DIP_PAT,0.0,2024-05-01,121.0,10,0.0,corn
565,DIP_PAT,0.0,2024-05-01,121.0,10,0.0,soy
566,DIP_PAT,0.0,2024-05-14,149.0,9,0.0,soy
567,DIP_PAT,0.0,2024-05-14,149.0,11,0.0,lima
568,DIP_PAT,0.0,2024-05-14,149.0,10,0.0,lima
569,DIP_PAT,0.0,2024-05-14,149.0,10,0.0,corn
570,DIP_PAT,1.0,2024-05-14,149.0,10,0.0,corn
571,DIP_PAT,0.0,2024-05-14,149.0,10,0.0,soy
572,GAB_ALL,0.0,2024-04-16,25.0,10,0.0,corn
573,GAB_ALL,0.0,2024-04-16,25.0,10,0.0,lima
574,GAB_ALL,0.0,2024-04-16,25.0,10,0.0,soy
575,GAB_ALL,0.0,2024-04-16,25.0,10,0.0,corn
576,GAB_ALL,0.0,2024-04-16,25.0,10,0.0,lima
577,GAB_ALL,0.0,2024-04-16,25.0,10,0.0,soy
578,GAB_ALL,0.0,2024-04-29,50.0,10,0.0,corn
579,GAB_ALL,0.0,2024-04-29,50.0,10,0.0,soy
580,GAB_ALL,0.0,2024-04-29,50.0,9,0.0,lima
581,GAB_ALL,0.0,2024-04-29,50.0,10,0.0,soy
582,GAB_ALL,0.0,2024-04-29,50.0,10,0.0,lima
583,GAB_ALL,0.0,2024-04-29,50.0,10,0.0,corn
584,GAB_ALL,0.0,2024-05-13,9.0,10,0.0,soy
585,GAB_ALL,0.0,2024-05-13,9.0,10,0.0,corn
586,GAB_ALL,0.0,2024-05-13,9.0,10,0.0,lima
587,GAB_ALL,0.0,2024-05-13,9.0,10,0.0,lima
588,GAB_ALL,0.0,2024-05-13,9.0,10,0.0,corn
589,GAB_HEN,0.0,2024-04-16,15.0,10,0.0,corn
590,GAB_HEN,0.0,2024-04-16,15.0,10,0.0,soy
591,GAB_HEN,0.0,2024-04-16,15.0,10,0.0,corn
592,GAB_HEN,0.0,2024-04-16,15.0,10,0.0,soy
593,GAB_HEN,0.0,2024-04-16,15.0,10,0.0,lima
594,GAB_HEN,0.0,2024-04-16,15.0,10,0.0,lima
595,GAB_HEN,0.0,2024-05-13,22.0,10,0.0,corn
596,GAB_HEN,1.0,2024-05-13,22.0,10,0.0,soy
597,GAB_HEN,0.0,2024-05-13,22.0,10,0.0,soy
598,GAB_HEN,0.0,2024-05-13,22.0,10,0.0,corn
599,GAB_HEN,0.0,2024-05-13,22.0,10,0.0,lima
600,GAB_HEN,0.0,2024-05-13,22.0,10,0.0,lima
601,GAB_STE,0.0,2024-04-16,23.0,10,0.0,lima
602,GAB_STE,0.0,2024-04-16,23.0,8,0.0,corn
603,GAB_STE,0.0,2024-04-16,23.0,10,0.0,soy
604,GAB_STE,0.0,2024-04-16,23.0,10,0.0,corn
605,GAB_STE,0.0,2024-04-16,23.0,10,0.0,lima
606,GAB_STE,0.0,2024-04-16,23.0,10,0.0,soy
607,GAB_STE,0.0,2024-04-29,5.0,10,0.0,corn
608,GAB_STE,0.0,2024-04-29,5.0,10,0.0,lima
609,GAB_STE,0.0,2024-04-29,5.0,10,0.0,corn
610,GAB_STE,0.0,2024-04-29,5.0,10,0.0,lima
611,GAB_STE,0.0,2024-04-29,5.0,10,0.0,soy
612,GAB_STE,0.0,2024-04-29,5.0,10,0.0,soy
613,GAB_STE,0.0,2024-05-13,21.0,10,0.0,lima
614,GAB_STE,0.0,2024-05-13,21.0,10,0.0,lima
615,GAB_STE,0.0,2024-05-13,21.0,10,0.0,soy
616,GAB_STE,0.0,2024-05-13,21.0,10,0.0,soy
617,GAB_STE,0.0,2024-05-13,21.0,10,0.0,corn
618,GRS_ORC_IN,0.0,2024-04-15,99.0,8,0.0,lima
619,HUN_PLE_9,0.0,2024-04-22,30.0,20,0.0,corn
620,HUN_PLE_9,0.0,2024-04-22,30.0,20,0.0,lima
621,HUN_PLE_9,0.0,2024-04-22,30.0,20,0.0,soy
622,HUN_PLE_9,0.0,2024-05-06,147.0,10,0.0,lima
623,HUN_PLE_9,0.0,2024-05-06,147.0,10,0.0,corn
624,HUN_PLE_9,0.0,2024-05-06,147.0,10,0.0,corn
625,HUN_PLE_9,0.0,2024-05-06,147.0,10,0.0,soy
626,HUN_PLE_9,0.0,2024-05-06,147.0,9,0.0,soy
627,HUN_PLE_9,0.0,2024-05-06,147.0,9,0.0,lima
628,HUN_PLE_9,0.0,2024-05-20,320.0,9,0.0,corn
629,HUN_PLE_9,0.0,2024-05-20,188.0,9,0.0,corn
630,HUN_PLE_9,0.0,2024-05-20,320.0,9,0.0,corn
631,HUN_PLE_9,0.0,2024-05-20,188.0,9,0.0,corn
632,HUN_PLE_9,0.0,2024-05-20,320.0,9,0.0,corn
633,HUN_PLE_9,0.0,2024-05-20,188.0,9,0.0,corn
634,HUN_PLE_9,0.0,2024-05-20,320.0,10,0.0,soy
635,HUN_PLE_9,0.0,2024-05-20,188.0,10,0.0,soy
636,HUN_PLE_9,0.0,2024-05-20,320.0,10,0.0,soy
637,HUN_PLE_9,0.0,2024-05-20,188.0,10,0.0,soy
638,HUN_PLE_9,0.0,2024-05-20,320.0,10,0.0,lima
639,HUN_PLE_9,0.0,2024-05-20,188.0,10,0.0,lima
640,KAT_TEE,0.0,2024-04-15,12.0,8,0.0,soy
641,KAT_TEE,0.0,2024-04-15,12.0,10,0.0,corn
642,KAT_TEE,0.0,2024-04-15,12.0,10,0.0,corn
643,KAT_TEE,0.0,2024-04-15,12.0,10,0.0,lima
644,KAT_TEE,0.0,2024-04-15,12.0,10,0.0,soy
645,KAT_TEE,0.0,2024-04-15,12.0,10,0.0,lima
646,KAT_TEE,0.0,2024-04-29,24.0,8,0.0,lima
647,KAT_TEE,0.0,2024-04-29,24.0,8,0.0,lima
648,KAT_TEE,0.0,2024-04-29,24.0,10,0.0,soy
649,KAT_TEE,0.0,2024-04-29,24.0,10,0.0,corn
650,KAT_TEE,0.0,2024-04-29,24.0,10,0.0,corn
651,KAT_TEE,0.0,2024-05-13,139.0,10,0.0,soy
652,KAT_TEE,0.0,2024-05-13,139.0,8,0.0,lima
653,KAT_TEE,0.0,2024-05-13,139.0,10,0.0,corn
654,KAT_TEE,0.0,2024-05-13,139.0,10,0.0,corn
655,KAT_TEE,0.0,2024-05-13,139.0,8,0.0,soy
656,KAT_TEE_2,0.0,2024-04-15,3.0,10,0.0,lima
657,KAT_TEE_2,0.0,2024-04-15,3.0,11,0.0,soy
658,KAT_TEE_2,0.0,2024-04-15,3.0,10,0.0,lima
659,KAT_TEE_2,0.0,2024-04-15,3.0,10,0.0,soy
660,KAT_TEE_2,0.0,2024-04-15,3.0,10,0.0,corn
661,KAT_TEE_2,0.0,2024-04-29,16.0,8,0.0,lima
662,KAT_TEE_2,0.0,2024-04-29,16.0,10,0.0,soy
663,KAT_TEE_2,0.0,2024-04-29,16.0,10,0.0,corn
664,KAT_TEE_2,0.0,2024-04-29,16.0,10,0.0,soy
665,KAT_TEE_2,0.0,2024-04-29,16.0,10,0.0,corn
666,KAT_TEE_2,0.0,2024-04-29,16.0,10,0.0,soy
667,KAT_TEE_2,0.0,2024-05-13,187.0,1,0.0,corn
668,KAT_TEE_2,0.0,2024-05-13,187.0,10,0.0,lima
669,KAT_TEE_2,0.0,2024-05-13,187.0,10,0.0,lima
670,KAT_TEE_2,0.0,2024-05-13,187.0,8,0.0,soy
671,KAT_TEE_2,0.0,2024-05-13,187.0,10,0.0,corn
672,KAT_TEE_2,0.0,2024-05-13,187.0,7,0.0,soy
673,POV_DUN,0.0,2024-04-16,8.0,10,0.0,soy
674,POV_DUN,0.0,2024-04-16,8.0,10,0.0,corn
675,POV_DUN,0.0,2024-04-16,8.0,10,0.0,lima
676,POV_DUN,0.0,2024-04-16,8.0,10,0.0,soy
677,POV_DUN,0.0,2024-04-16,8.0,10,0.0,corn
678,POV_DUN,0.0,2024-04-16,8.0,10,0.0,lima
679,POV_DUN,0.0,2024-05-01,2.0,9,0.0,lima
680,POV_DUN,1.0,2024-05-01,2.0,10,0.0,lima
681,POV_DUN,0.0,2024-05-01,2.0,10,0.0,soy
682,POV_DUN,0.0,2024-05-01,2.0,10,0.0,soy
683,POV_DUN,0.0,2024-05-01,2.0,10,0.0,corn
684,POV_DUN,0.0,2024-05-01,2.0,10,0.0,corn
685,POV_DUN,0.0,2024-05-14,0.0,1,0.0,corn
686,POV_DUN,0.0,2024-05-14,0.0,9,0.0,lima
687,POV_DUN,0.0,2024-05-14,0.0,9,0.0,soy
688,POV_DUN,0.0,2024-05-14,0.0,0,0.0,corn
689,POV_DUN,0.0,2024-05-14,0.0,9,0.0,soy
690,POV_DUN,0.0,2024-05-14,0.0,10,0.0,lima
691,POV_DUN,0.0,2024-05-14,0.0,7,0.0,lima
692,SEA_HOO,0.0,2024-04-23,10.0,20,0.0,corn
693,SEA_HOO,0.0,2024-04-23,10.0,20,0.0,soy
694,SEA_HOO,0.0,2024-04-23,10.0,20,0.0,lima
695,SEA_HOO,0.0,2024-05-07,61.0,11,0.0,soy
696,SEA_HOO,0.0,2024-05-07,61.0,9,0.0,lima
697,SEA_HOO,0.0,2024-05-07,61.0,8,0.0,lima
698,SEA_HOO,0.0,2024-05-07,61.0,10,0.0,soy
699,SEA_HOO,0.0,2024-05-07,61.0,0,0.0,corn
700,SEA_HOO,0.0,2024-05-07,61.0,10,0.0,corn
701,SEA_HOO,0.0,2024-05-21,75.0,10,0.0,corn
702,SEA_HOO,0.0,2024-05-21,75.0,7,0.0,lima
703,SEA_HOO,0.0,2024-05-21,75.0,10,0.0,soy
704,SEA_HOO,0.0,2024-05-21,75.0,10,0.0,soy
705,SEA_HOO,0.0,2024-05-21,75.0,8,0.0,corn
706,SEA_HOO,1.0,2024-05-21,75.0,5,1.0,lima
707,SMI_CAN_2,0.0,2024-04-22,24.0,10,0.0,soy
708,SMI_CAN_2,0.0,2024-04-22,24.0,10,0.0,soy
709,SMI_CAN_2,0.0,2024-04-22,24.0,10,0.0,lima
710,SMI_CAN_2,0.0,2024-04-22,24.0,9,0.0,lima
711,SMI_CAN_2,0.0,2024-04-22,24.0,10,0.0,corn
712,SMI_CAN_2,0.0,2024-04-22,24.0,10,0.0,corn
713,SMI_CAN_2,0.0,2024-05-07,42.0,9,0.0,lima
714,SMI_CAN_2,0.0,2024-05-07,42.0,10,0.0,soy
715,SMI_CAN_2,0.0,2024-05-07,42.0,10,0.0,soy
716,SMI_CAN_2,0.0,2024-05-07,42.0,8,0.0,lima
717,SMI_CAN_2,0.0,2024-05-07,42.0,10,0.0,corn
718,SMI_CAN_2,0.0,2024-05-07,42.0,9,0.0,corn
719,SMI_COB,0.0,2024-04-29,28.0,7,0.0,lima
720,SMI_COB,0.0,2024-04-29,28.0,9,0.0,soy
721,SMI_COB,61.0,2024-04-29,28.0,8,8.0,lima
722,SMI_COB,0.0,2024-04-29,28.0,10,0.0,soy
723,SMI_COB,0.0,2024-04-29,28.0,9,0.0,corn
724,SMI_DOU_3,0.0,2024-05-07,13.0,9,0.0,lima
725,SMI_DOU_3,0.0,2024-05-07,13.0,10,0.0,corn
726,SMI_DOU_3,0.0,2024-05-07,13.0,10,0.0,lima
727,SMI_DOU_3,0.0,2024-05-07,13.0,10,0.0,corn
728,SMI_DOU_3,0.0,2024-05-07,13.0,10,0.0,soy
729,SMI_DOU_3,1.0,2024-05-07,13.0,10,1.0,soy
730,SMI_JOH,0.0,2024-04-22,11.0,10,0.0,soy
731,SMI_JOH,0.0,2024-04-22,11.0,9,0.0,lima
732,SMI_JOH,0.0,2024-04-22,11.0,10,0.0,corn
733,SMI_JOH,0.0,2024-04-22,11.0,10,0.0,lima
734,SMI_JOH,0.0,2024-04-22,11.0,9,0.0,corn
735,SMI_JOH,0.0,2024-04-22,11.0,9,0.0,soy
736,SMI_JOH,0.0,2024-05-06,9.0,10,0.0,corn
737,SMI_JOH,0.0,2024-05-06,9.0,4,0.0,soy
738,SMI_JOH,0.0,2024-05-06,9.0,9,0.0,soy
739,SMI_JOH,0.0,2024-05-06,9.0,9,0.0,corn
740,SMI_JOH,0.0,2024-05-06,9.0,9,0.0,lima
741,SMI_JOH,0.0,2024-05-06,9.0,6,0.0,lima
742,SMI_JOH,0.0,2024-05-20,24.0,1,0.0,corn
743,SMI_JOH,0.0,2024-05-20,24.0,7,0.0,lima
744,SMI_JOH,0.0,2024-05-20,24.0,0,0.0,corn
745,SMI_JOH,0.0,2024-05-20,24.0,2,0.0,soy
746,SMI_JOH,0.0,2024-05-20,24.0,9,0.0,lima
747,SMI_JOH,0.0,2024-05-20,24.0,0,0.0,soy
748,SMI_KEL,0.0,2024-04-22,14.0,10,0.0,soy
749,SMI_KEL,0.0,2024-04-22,14.0,9,0.0,soy
750,SMI_KEL,0.0,2024-04-22,14.0,10,0.0,lima
751,SMI_KEL,0.0,2024-04-22,14.0,9,0.0,lima
752,SMI_KEL,0.0,2024-04-22,14.0,10,0.0,corn
753,SMI_KEL,0.0,2024-04-22,14.0,10,0.0,corn
754,SMI_KEL,0.0,2024-05-07,4.0,6,0.0,corn
755,SMI_KEL,0.0,2024-05-07,4.0,9,0.0,lima
756,SMI_KEL,0.0,2024-05-07,4.0,9,0.0,soy
757,SMI_KEL,0.0,2024-05-07,4.0,8,0.0,lima
758,SMI_KEL,0.0,2024-05-07,4.0,9,0.0,soy
759,SMI_KEL,0.0,2024-05-07,4.0,9,0.0,corn
760,SMI_LAT,0.0,2024-05-31,201.0,14,0.0,soy
761,SMI_LAT,0.0,2024-05-31,201.0,18,0.0,lima
762,SMI_LAT,0.0,2024-05-31,201.0,8,0.0,soy
763,SMI_LAT,0.0,2024-05-31,201.0,10,0.0,corn
764,SMI_LAT,0.0,2024-05-31,201.0,10,0.0,corn
765,SMI_LAT,0.0,2024-05-01,16.0,10,0.0,soy
766,SMI_LAT,0.0,2024-05-01,16.0,10,0.0,corn
767,SMI_LAT,0.0,2024-05-01,16.0,8,0.0,lima
768,SMI_LAT,0.0,2024-05-01,16.0,9,0.0,soy
769,SMI_LAT,0.0,2024-05-01,16.0,10,0.0,corn
770,SMI_LAT,0.0,2024-05-01,16.0,10,0.0,lima
771,SMI_LAT,0.0,2024-05-13,103.0,10,0.0,corn
772,SMI_LAT,0.0,2024-05-13,66.0,10,0.0,corn
773,SMI_LAT,0.0,2024-05-13,103.0,10,0.0,soy
774,SMI_LAT,0.0,2024-05-13,66.0,10,0.0,soy
775,SMI_LAT,0.0,2024-05-13,103.0,10,0.0,lima
776,SMI_LAT,0.0,2024-05-13,66.0,10,0.0,lima
777,SMI_LAT,0.0,2024-05-13,103.0,9,0.0,lima
778,SMI_LAT,0.0,2024-05-13,66.0,9,0.0,lima
779,SMI_LAT,0.0,2024-05-13,103.0,7,0.0,lima
780,SMI_LAT,0.0,2024-05-13,66.0,7,0.0,lima
781,SMI_LAT,0.0,2024-05-13,103.0,10,0.0,corn
782,SMI_LAT,0.0,2024-05-13,66.0,10,0.0,corn
783,SMI_LAT_2,0.0,2024-06-11,287.0,9,0.0,lima
784,SMI_LAT_2,0.0,2024-06-11,287.0,10,0.0,corn
785,SMI_LAT_2,1.0,2024-06-11,287.0,10,0.0,soy
786,SMI_LAT_2,1.0,2024-06-11,287.0,10,0.0,lima
787,SMI_LAT_2,0.0,2024-06-11,287.0,9,0.0,soy
788,SMI_LAT_2,1.0,2024-06-11,287.0,9,1.0,corn
789,SMI_LAT_2,0.0,2024-05-31,231.0,19,0.0,lima
790,SMI_LAT_2,0.0,2024-05-31,231.0,9,0.0,soy
791,SMI_LAT_2,0.0,2024-05-31,231.0,10,0.0,soy
792,SMI_LAT_2,0.0,2024-05-31,231.0,10,0.0,corn
793,SMI_LAT_2,0.0,2024-05-31,231.0,9,0.0,corn
794,SMI_LAT_2,0.0,2024-05-13,57.0,10,0.0,soy
795,SMI_LAT_2,9.0,2024-05-13,57.0,10,5.0,corn
796,SMI_LAT_2,6.0,2024-05-13,57.0,9,3.0,lima
797,SMI_LAT_2,3.0,2024-05-13,57.0,10,2.0,soy
798,SMI_LAT_2,0.0,2024-05-13,57.0,10,0.0,lima
799,SMI_LAT_2,1.0,2024-05-13,57.0,10,0.0,corn
800,SMI_MCC,0.0,2024-05-07,14.0,10,0.0,soy
801,SMI_MCC,0.0,2024-05-07,14.0,10,0.0,lima
802,SMI_MCC,0.0,2024-05-07,14.0,9,0.0,lima
803,SMI_MCC,0.0,2024-05-07,14.0,10,0.0,corn
804,SMI_MCC,0.0,2024-05-07,14.0,9,0.0,corn
805,SMI_MCC,0.0,2024-05-07,14.0,10,0.0,soy
806,STA_AYR,0.0,2024-04-17,34.0,20,0.0,soy
807,STA_AYR,0.0,2024-04-17,34.0,10,0.0,lima
808,STA_AYR,0.0,2024-04-17,34.0,9,0.0,corn
809,STA_AYR,0.0,2024-04-17,34.0,10,0.0,corn
810,STA_AYR,0.0,2024-04-17,34.0,8,0.0,lima
811,STA_AYR,0.0,2024-05-01,71.0,10,0.0,corn
812,STA_AYR,3.0,2024-05-01,71.0,9,2.0,lima
813,STA_AYR,0.0,2024-05-01,71.0,8,0.0,soy
814,STA_AYR,0.0,2024-05-01,71.0,6,0.0,lima
815,STA_AYR,0.0,2024-05-01,71.0,9,0.0,soy
816,STA_AYR,0.0,2024-05-01,71.0,10,0.0,corn
817,STA_AYR,0.0,2024-05-14,34.0,9,0.0,soy
818,STA_AYR,0.0,2024-05-14,34.0,10,0.0,lima
819,STA_AYR,0.0,2024-05-14,34.0,10,0.0,corn
820,STA_AYR,0.0,2024-05-14,34.0,9,0.0,corn
821,STA_AYR,0.0,2024-05-14,34.0,8,0.0,soy
822,STA_AYR,0.0,2024-05-14,34.0,10,0.0,lima
823,STA_BRA,0.0,2024-04-17,112.0,10,0.0,soy
824,STA_BRA,0.0,2024-04-17,112.0,10,0.0,lima
825,STA_BRA,0.0,2024-04-17,112.0,10,0.0,corn
826,STA_BRA,0.0,2024-04-17,112.0,10,0.0,soy
827,STA_BRA,0.0,2024-04-17,112.0,0,0.0,lima
828,STA_BRA,0.0,2024-04-17,112.0,10,0.0,corn
829,STA_BRA,0.0,2024-05-01,143.0,9,0.0,corn
830,STA_BRA,0.0,2024-05-01,143.0,10,0.0,corn
831,STA_BRA,0.0,2024-05-01,143.0,9,0.0,soy
832,STA_BRA,0.0,2024-05-01,143.0,10,0.0,lima
833,STA_BRA,0.0,2024-05-01,143.0,4,0.0,lima
834,STA_BRA,0.0,2024-05-14,343.0,0,0.0,soy
835,STA_BRA,0.0,2024-05-14,343.0,0,0.0,soy
836,STA_BRA,0.0,2024-05-14,343.0,10,0.0,lima
837,STA_BRA,0.0,2024-05-14,343.0,12,0.0,corn
838,STA_BRA,0.0,2024-05-14,343.0,8,0.0,corn
839,STA_BRA,4.0,2024-05-14,343.0,9,1.0,lima
840,STA_FRE,0.0,2024-04-17,78.0,10,0.0,corn
841,STA_FRE,0.0,2024-04-17,78.0,10,0.0,lima
842,STA_FRE,0.0,2024-04-17,78.0,10,0.0,soy
843,STA_FRE,0.0,2024-04-17,78.0,8,0.0,corn
844,STA_FRE,0.0,2024-04-17,78.0,8,0.0,lima
845,STA_FRE,0.0,2024-04-17,78.0,10,0.0,soy
846,STA_FRE,0.0,2024-05-01,7.0,10,0.0,soy
847,STA_FRE,0.0,2024-05-01,7.0,9,0.0,lima
848,STA_FRE,0.0,2024-05-01,7.0,10,0.0,corn
849,STA_FRE,0.0,2024-05-01,7.0,10,0.0,soy
850,STA_FRE,1.0,2024-05-01,7.0,10,1.0,lima
851,STA_FRE,0.0,2024-05-01,7.0,10,0.0,corn
852,STA_FRE,0.0,2024-05-14,23.0,0,0.0,corn
853,STA_FRE,0.0,2024-05-14,23.0,5,0.0,corn
854,STA_FRE,0.0,2024-05-14,23.0,8,0.0,lima
855,STA_FRE,0.0,2024-05-14,23.0,9,0.0,lima
856,STA_FRE,0.0,2024-05-14,23.0,8,0.0,lima
857,STA_FRE,0.0,2024-05-14,23.0,8,0.0,soy
858,STA_HEM,0.0,2024-04-17,109.0,10,0.0,soy
859,STA_HEM,0.0,2024-04-17,109.0,9,0.0,soy
860,STA_HEM,0.0,2024-04-17,109.0,8,0.0,corn
861,STA_HEM,0.0,2024-04-17,109.0,9,0.0,lima
862,STA_HEM,0.0,2024-04-17,109.0,10,0.0,lima
863,STA_HEM,0.0,2024-04-17,109.0,8,0.0,corn
864,STA_HEM,0.0,2024-05-01,274.0,7,0.0,soy
865,STA_HEM,0.0,2024-05-01,274.0,8,0.0,corn
866,STA_HEM,0.0,2024-05-01,274.0,7,0.0,lima
867,STA_HEM,0.0,2024-05-01,274.0,5,0.0,lima
868,STA_HEM,0.0,2024-05-01,274.0,7,0.0,soy
869,STA_HEM,0.0,2024-05-01,274.0,9,0.0,corn
870,STA_HEM,0.0,2024-05-14,154.0,8,0.0,soy
871,STA_HEM,0.0,2024-05-14,154.0,10,0.0,lima
872,STA_HEM,0.0,2024-05-14,154.0,10,0.0,corn
873,STA_HEM,0.0,2024-05-14,154.0,10,0.0,corn
874,STA_HEM,0.0,2024-05-14,154.0,7,0.0,soy
875,STA_HEM,0.0,2024-05-14,154.0,9,0.0,lima
876,STA_MAC,0.0,2024-04-17,21.0,10,0.0,corn
877,STA_MAC,0.0,2024-04-17,21.0,10,0.0,corn
878,STA_MAC,0.0,2024-04-17,21.0,10,0.0,lima
879,STA_MAC,0.0,2024-04-17,21.0,10,0.0,lima
880,STA_MAC,0.0,2024-04-17,21.0,9,0.0,soy
881,STA_MAC,0.0,2024-04-17,21.0,10,0.0,soy
882,STA_MAC,0.0,2024-05-01,19.0,9,0.0,lima
883,STA_MAC,0.0,2024-05-01,19.0,10,0.0,soy
884,STA_MAC,0.0,2024-05-01,19.0,10,0.0,corn
885,STA_MAC,6.0,2024-05-01,19.0,8,2.0,lima
886,STA_MAC,0.0,2024-05-01,19.0,10,0.0,corn
887,STA_MAC,0.0,2024-05-01,19.0,10,0.0,soy
888,STA_MAC,0.0,2024-05-14,21.0,10,0.0,lima
889,STA_MAC,0.0,2024-05-14,21.0,10,0.0,soy
890,STA_MAC,1.0,2024-05-14,21.0,10,0.0,soy
891,STA_MAC,0.0,2024-05-14,21.0,10,0.0,corn
892,STA_MAC,0.0,2024-05-14,21.0,10,0.0,corn
893,STA_MAC,0.0,2024-05-14,21.0,9,0.0,soy
894,STA_NOB,0.0,2024-05-01,76.0,10,0.0,lima
895,STA_NOB,0.0,2024-05-01,76.0,7,0.0,corn
896,STA_NOB,1.0,2024-05-01,76.0,4,1.0,lima
897,STA_NOB,0.0,2024-05-01,76.0,10,0.0,soy
898,STA_NOB,0.0,2024-05-01,76.0,10,0.0,corn
899,STA_NOB,0.0,2024-05-01,76.0,9,0.0,soy
900,STA_NOB,0.0,2024-05-14,53.0,10,0.0,lima
901,STA_NOB,0.0,2024-05-14,53.0,10,0.0,soy
902,STA_NOB,0.0,2024-05-14,53.0,10,0.0,corn
903,STA_NOB,0.0,2024-05-14,53.0,10,0.0,soy
904,STA_NOB,0.0,2024-05-14,53.0,10,0.0,lima
905,STA_NOB,0.0,2024-05-14,53.0,9,0.0,corn
906,STA_PAN,0.0,2024-04-17,47.0,10,0.0,corn
907,STA_PAN,0.0,2024-04-17,47.0,10,0.0,corn
908,STA_PAN,0.0,2024-04-17,47.0,10,0.0,soy
909,STA_PAN,0.0,2024-04-17,47.0,8,0.0,lima
910,STA_PAN,0.0,2024-04-17,47.0,10,0.0,soy
911,STA_PAN,0.0,2024-04-17,47.0,9,0.0,lima
912,STA_PAN,0.0,2024-05-01,162.0,10,0.0,corn
913,STA_PAN,0.0,2024-05-01,162.0,6,0.0,lima
914,STA_PAN,0.0,2024-05-01,162.0,9,0.0,lima
915,STA_PAN,2.0,2024-05-01,162.0,11,0.0,corn
916,STA_PAN,0.0,2024-05-01,162.0,10,0.0,soy
917,STA_PAN,0.0,2024-05-01,162.0,6,0.0,soy
918,STA_PAN,0.0,2024-05-14,375.0,9,0.0,corn
919,STA_PAN,0.0,2024-05-14,375.0,7,0.0,lima
920,STA_PAN,0.0,2024-05-14,375.0,5,0.0,soy
921,STA_PAN,0.0,2024-05-14,375.0,4,0.0,soy
922,STA_PAN,0.0,2024-05-14,375.0,9,0.0,corn
923,STA_PAN,0.0,2024-05-14,375.0,6,0.0,lima
924,STA_SWE,0.0,2024-04-17,27.0,10,0.0,lima
925,STA_SWE,0.0,2024-04-17,27.0,10,0.0,soy
926,STA_SWE,0.0,2024-04-17,27.0,10,0.0,corn
927,STA_SWE,0.0,2024-04-17,27.0,10,0.0,soy
928,STA_SWE,0.0,2024-04-17,27.0,10,0.0,corn
929,STA_SWE,0.0,2024-04-17,27.0,10,0.0,lima
930,STA_SWE,0.0,2024-05-01,38.0,10,0.0,corn
931,STA_SWE,0.0,2024-05-01,38.0,8,0.0,lima
932,STA_SWE,0.0,2024-05-01,38.0,10,0.0,soy
933,STA_SWE,1.0,2024-05-01,38.0,9,1.0,lima
934,STA_SWE,0.0,2024-05-01,38.0,10,0.0,corn
935,STA_SWE,0.0,2024-05-01,38.0,10,0.0,soy
936,STA_SWE,0.0,2024-05-14,74.0,10,0.0,corn
937,STA_SWE,0.0,2024-05-14,74.0,7,0.0,lima
938,STA_SWE,0.0,2024-05-14,74.0,10,0.0,corn
939,STA_SWE,0.0,2024-05-14,74.0,6,0.0,soy
940,STA_SWE,0.0,2024-05-14,74.0,7,0.0,soy
941,STA_SWE,0.0,2024-05-14,74.0,10,0.0,lima
942,STA_THO,0.0,2024-04-17,17.0,10,0.0,lima
943,STA_THO,0.0,2024-04-17,17.0,10,0.0,soy
944,STA_THO,0.0,2024-04-17,17.0,10,0.0,corn
945,STA_THO,0.0,2024-04-17,17.0,10,0.0,lima
946,STA_THO,0.0,2024-04-17,17.0,9,0.0,corn
947,STA_THO,0.0,2024-04-17,17.0,10,0.0,soy
948,STA_THO,0.0,2024-05-01,30.0,10,0.0,corn
949,STA_THO,0.0,2024-05-01,30.0,9,0.0,soy
950,STA_THO,1.0,2024-05-01,30.0,10,0.0,lima
951,STA_THO,0.0,2024-05-01,30.0,10,0.0,soy
952,STA_THO,2.0,2024-05-01,30.0,10,1.0,lima
953,STA_THO,0.0,2024-05-14,38.0,8,0.0,lima
954,STA_THO,0.0,2024-05-14,38.0,9,0.0,lima
955,STA_THO,0.0,2024-05-14,38.0,8,0.0,soy
956,STA_THO,0.0,2024-05-14,38.0,8,0.0,soy
957,STA_THO,0.0,2024-05-14,38.0,9,0.0,corn
958,STA_THO,0.0,2024-05-14,38.0,10,0.0,corn
959,STA_WAT,0.0,2024-04-17,24.0,9,0.0,corn
960,STA_WAT,0.0,2024-04-17,24.0,10,0.0,corn
961,STA_WAT,0.0,2024-04-17,24.0,7,0.0,lima
962,STA_WAT,0.0,2024-04-17,24.0,3,0.0,lima
963,STA_WAT,0.0,2024-04-17,24.0,10,0.0,soy
964,STA_WAT,0.0,2024-04-17,24.0,10,0.0,soy
965,STA_WAT,0.0,2024-05-01,65.0,4,0.0,lima
966,STA_WAT,0.0,2024-05-01,65.0,11,0.0,corn
967,STA_WAT,0.0,2024-05-01,65.0,5,0.0,lima
968,STA_WAT,1.0,2024-05-01,65.0,8,1.0,soy
969,STA_WAT,0.0,2024-05-01,65.0,10,0.0,corn
970,STA_WAT,0.0,2024-05-01,65.0,10,0.0,soy
971,STA_WAT,0.0,2024-05-14,82.0,10,0.0,corn
972,STA_WAT,0.0,2024-05-14,82.0,9,0.0,lima
973,STA_WAT,0.0,2024-05-14,82.0,9,0.0,corn
974,STA_WAT,0.0,2024-05-14,82.0,10,0.0,lima
975,STA_WAT,0.0,2024-05-14,82.0,10,0.0,soy
976,STA_WAT,0.0,2024-05-14,82.0,8,0.0,soy
977,WIS_COO,0.0,2024-04-16,4.0,10,0.0,corn
978,WIS_COO,0.0,2024-04-16,4.0,10,0.0,corn
979,WIS_COO,0.0,2024-04-16,4.0,10,0.0,lima
980,WIS_COO,0.0,2024-04-16,4.0,10,0.0,soy
981,WIS_COO,0.0,2024-04-16,4.0,10,0.0,lima
982,WIS_COO,0.0,2024-04-30,23.0,10,0.0,lima
983,WIS_COO,0.0,2024-04-30,23.0,10,0.0,corn
984,WIS_COO,0.0,2024-04-30,23.0,10,0.0,soy
985,WIS_COO,0.0,2024-04-30,23.0,9,0.0,lima
986,WIS_COO,0.0,2024-04-30,23.0,10,0.0,soy
987,WIS_COO,0.0,2024-04-30,23.0,10,0.0,corn
988,WIS_COO,0.0,2024-05-14,48.0,15,0.0,soy
989,WIS_COO,0.0,2024-05-14,48.0,9,0.0,corn
990,WIS_COO,0.0,2024-05-14,48.0,8,0.0,corn
991,WIS_COO,0.0,2024-05-14,48.0,10,0.0,lima
992,WIS_COO_2,0.0,2024-04-16,4.0,9,0.0,soy
993,WIS_COO_2,0.0,2024-04-16,4.0,10,0.0,corn
994,WIS_COO_2,0.0,2024-04-16,4.0,8,0.0,lima
995,WIS_COO_2,0.0,2024-04-16,4.0,10,0.0,lima
996,WIS_COO_2,0.0,2024-04-16,4.0,11,0.0,soy
997,WIS_COO_2,0.0,2024-04-16,4.0,9,0.0,corn
998,WIS_COO_2,0.0,2024-04-30,42.0,10,0.0,soy
999,WIS_COO_2,0.0,2024-04-30,42.0,10,0.0,lima
1000,WIS_COO_2,0.0,2024-04-30,42.0,10,0.0,soy
1001,WIS_COO_2,0.0,2024-04-30,42.0,10,0.0,corn
1002,WIS_COO_2,0.0,2024-04-30,42.0,8,0.0,lima
1003,WIS_COO_2,0.0,2024-04-30,42.0,10,0.0,corn
1004,WIS_COO_2,0.0,2024-05-14,5.0,0,0.0,soy
1005,WIS_COO_2,0.0,2024-05-14,5.0,7,0.0,soy
1006,WIS_COO_2,0.0,2024-05-14,5.0,10,0.0,lima
1007,WIS_COO_2,0.0,2024-05-14,5.0,9,0.0,lima
1008,WIS_COO_2,0.0,2024-05-14,5.0,9,0.0,corn
1009,WIS_COO_2,0.0,2024-05-14,5.0,10,0.0,corn
1010,WIS_KEN,0.0,2024-04-16,16.0,9,0.0,corn
1011,WIS_KEN,2.0,2024-04-16,16.0,10,0.0,lima
1012,WIS_KEN,1.0,2024-04-16,16.0,10,0.0,lima
1013,WIS_KEN,0.0,2024-04-16,16.0,10,0.0,soy
1014,WIS_KEN,0.0,2024-04-16,16.0,10,0.0,corn
1015,WIS_KEN,0.0,2024-04-16,16.0,9,0.0,soy
1016,WIS_KEN,0.0,2024-04-30,5.0,10,0.0,lima
1017,WIS_KEN,0.0,2024-04-30,5.0,10,0.0,soy
1018,WIS_KEN,0.0,2024-04-30,5.0,10,0.0,soy
1019,WIS_KEN,0.0,2024-04-30,5.0,10,0.0,corn
1020,WIS_KEN,1.0,2024-04-30,5.0,7,0.0,lima
1021,WIS_KEN,0.0,2024-04-30,5.0,10,0.0,corn
1022,WIS_KEN,0.0,2024-05-14,5.0,9,0.0,lima
1023,WIS_KEN,0.0,2024-05-14,5.0,10,0.0,lima
1024,WIS_KEN,0.0,2024-05-14,5.0,9,0.0,soy
1025,WIS_KEN,0.0,2024-05-14,5.0,10,0.0,corn
1026,WIS_KEN,0.0,2024-05-14,5.0,9,0.0,corn
1027,WIS_KEN,0.0,2024-05-14,5.0,8,0.0,soy
1028,ZUE_REE,0.0,2024-04-23,62.0,10,0.0,lima
1029,ZUE_REE,0.0,2024-04-23,62.0,10,0.0,lima
1030,ZUE_REE,0.0,2024-04-23,62.0,10,0.0,soy
1031,ZUE_REE,0.0,2024-04-23,62.0,10,0.0,soy
1032,ZUE_REE,0.0,2024-04-23,62.0,10,0.0,corn
1033,ZUE_REE,0.0,2024-04-23,62.0,10,0.0,corn
1034,ZUE_REE,0.0,2024-05-07,189.0,10,0.0,corn
1035,ZUE_REE,0.0,2024-05-07,189.0,10,0.0,lima
1036,ZUE_REE,0.0,2024-05-07,189.0,8,0.0,soy
1037,ZUE_REE,0.0,2024-05-07,189.0,10,0.0,soy
1038,ZUE_REE,0.0,2024-05-07,189.0,7,0.0,lima
1039,ZUE_REE,0.0,2024-05-07,189.0,10,0.0,corn
1040,ZUE_REE,0.0,2024-05-21,272.0,10,0.0,lima
1041,ZUE_REE,0.0,2024-05-21,272.0,10,0.0,soy
1042,ZUE_REE,0.0,2024-05-21,272.0,9,0.0,soy
1043,ZUE_REE,0.0,2024-05-21,272.0,9,0.0,lima
1044,ZUE_REE,0.0,2024-05-21,272.0,10,0.0,corn
1045,ZUE_REE,0.0,2024-05-21,272.0,10,0.0,corn
